created_at,mint,symbol,refusal_reason,token_peak,token_label,inflow,trigger_mult,signature
2026-07-24 19:46:26.722573+00,4zNZUe26BGKCEU3ANafDF2XQC4Y1k6KZvZPNdaxWGMyR,Robinhood,"trigger 1.67× in the sensor slice (>1.65) — paper probes it, live declines (−$1.01/t measured)",2.172,winner,1.314,1.671,RUG_RISK
2026-07-24 19:50:26.203197+00,FRe5oAocFTUBMjzGcCEc4T9rM448x6qwuQj7aP5UDFLV,Cooper,"inflow 1.15× below the 1.2× floor — sub-envelope crowd-pass ran −$0.81/t at size (F3 floor, ratified; paper probes it)",1.927,rug,1.146,1.313,BASE
2026-07-24 19:55:59.482928+00,4TjLjWeyYD9T1jXYeaF7YfWcm9DQZV3QdkdxucwpfNWG,upsey,"trigger 1.76× in the sensor slice (>1.65) — paper probes it, live declines (−$1.01/t measured)",1.756,rug,1.337,1.756,MOON_STEADY
2026-07-24 19:56:16.707915+00,G8jMHK9E5G5rufpjyd6115pWCd3e3PTSdBKRPbTvvbQd,BOUNCE,RUG_RISK — class is not traded (RUG_RISK not formula-qualified: needs crowd-PASS + in-envelope),3.916,winner,1.134,1.285,RUG_RISK
2026-07-24 20:03:57.547254+00,DxrMzbtJQHXsjyGtr56HuqTRBfYKC6jVyvsTFUmghWdE,EMINT,RUG_RISK — class is not traded (RUG_RISK not formula-qualified: needs crowd-PASS + in-envelope),2.924,winner,1.138,1.293,RUG_RISK
2026-07-24 20:06:39.503394+00,4fFqAQHrQVZxs6riZKCbZ8W5rXXUKFvagCfy7ooE5DGq,LeRacist,"inflow 1.11× below the 1.2× floor — sub-envelope crowd-pass ran −$0.81/t at size (F3 floor, ratified; paper probes it)",3.126,winner,1.107,1.223,RISER
2026-07-24 20:08:09.393008+00,EViqJRNzhnZMqpwaNBxqX7S1KJRXftERgkTDpcuoJPau,COW,RUG_RISK — class is not traded (RUG_RISK not formula-qualified: needs crowd-PASS + in-envelope),7.377,winner,1.123,1.263,RUG_RISK
2026-07-24 20:20:00.636666+00,ABWcbW3Ex5WQdDSE48dZomaf3gQEaq3GQmiaJ53JZLQC,NoPa,RUG_RISK — class is not traded (RUG_RISK not formula-qualified: needs crowd-PASS + in-envelope),4.420,winner,1.122,1.259,RUG_RISK
2026-07-24 20:22:08.829437+00,5KsfDRRUbm3dCnnV82YrjQKyCpSLsLFNSEWbcsucpgZh,Looongcat,RUG_RISK — class is not traded (RUG_RISK not formula-qualified: needs crowd-PASS + in-envelope),1.768,rug,1.330,1.768,RUG_RISK
2026-07-24 20:22:52.63152+00,EayvHD92yBtRZrddncYTyiibCty7HDNPmPUVBACtrbhS,Prospera,"inflow 1.16× below the 1.2× floor — sub-envelope crowd-pass ran −$0.81/t at size (F3 floor, ratified; paper probes it)",8.883,winner,1.162,1.349,RISER
2026-07-24 20:29:17.480449+00,4xgHJaPebkBKZxUXdusE7TwPr2AvXE4Q8T6Taki6Q3hV,Pets,"inflow 1.20× below the 1.2× floor — sub-envelope crowd-pass ran −$0.81/t at size (F3 floor, ratified; paper probes it)",15.133,winner,1.197,1.445,BASE
2026-07-24 20:46:16.587913+00,DKtVJrje2QZhJjr8mqTzcYsRMuf4wGHHAaA2e7DbLagi,AGI,RUG_RISK — class is not traded (RUG_RISK not formula-qualified: needs crowd-PASS + in-envelope),2.047,winner,1.144,1.274,RUG_RISK
2026-07-24 20:49:24.329781+00,EkqqJT71HJqJHtw1kKgYGvHWgAwQrTzocFsH1fphhv5W,MEMENOTE,RUG_RISK — class is not traded (RUG_RISK not formula-qualified: needs crowd-PASS + in-envelope),1.794,rug,1.157,1.341,RUG_RISK
2026-07-24 20:52:15.542892+00,56WEG217sR6kXk1Bb9GptLkjhTtWtbGnp97xTrfJJHvH,USOH,"trigger 1.95× in the sensor slice (>1.65) — paper probes it, live declines (−$1.01/t measured)",4.353,winner,1.397,1.951,BASE
2026-07-24 21:05:01.566235+00,9BrmT3Lg2TRFPgzySdMH12McJQco7HZ36ztCqPNRmj4P,MU,"inflow 1.13× below the 1.2× floor — sub-envelope crowd-pass ran −$0.81/t at size (F3 floor, ratified; paper probes it)",1.309,dud,1.127,1.271,RISER
2026-07-24 21:07:16.815201+00,GGVjm7Jg51QoC339rZULdoGscKepe3FKWRXrBPGUjZ6,FORMER,"inflow 1.13× below the 1.2× floor — sub-envelope crowd-pass ran −$0.81/t at size (F3 floor, ratified; paper probes it)",12.198,winner,1.134,1.288,BASE
2026-07-24 21:13:16.531632+00,HX9bYEjc7mt9Je1K1gaVNSaZE2PPMWWymXAfBVwyS43V,Gorb,RUG_RISK — class is not traded (RUG_RISK not formula-qualified: needs crowd-PASS + in-envelope),2.004,winner,1.135,1.285,RUG_RISK
2026-07-24 21:16:06.333375+00,5mLfZFpD1h2bpGuEJLJBUrwLmTobPurrHiG4j3b2kBH2,Pets,sizer $2.42 below fee-viable floor $2.50 — probe-class stays paper (sizer-responsive; mandate tickets are PRECISION-only),2.243,winner,1.208,1.462,RISER
2026-07-24 21:41:44.465579+00,7yQa9K5aTLHkAx2ueY6s3z8RXN9TLzu8McskK3aD12cD,Deer,RUG_RISK — class is not traded (RUG_RISK not formula-qualified: needs crowd-PASS + in-envelope),1.898,dud,1.113,1.238,RUG_RISK
2026-07-24 21:43:26.766326+00,4riAjvojZuPqunXYrYAuGLxeaQhi3aSaLPX8rmovzQHk,Synergy,RUG_RISK — class is not traded (RUG_RISK not formula-qualified: needs crowd-PASS + in-envelope),11.072,winner,1.180,1.392,RUG_RISK
2026-07-24 21:43:31.115971+00,6nxwtLnQXKtE6zyTmaG1EMKdiCLKvcKTN84PiD4Hd9hZ,Deer,RUG_RISK — class is not traded (RUG_RISK not formula-qualified: needs crowd-PASS + in-envelope),1.544,dud,1.183,1.400,RUG_RISK
2026-07-24 21:47:28.833937+00,GaEeBmh4YWs8RmCbrgoAfYWR1a4D3SexKVmZkvhZpump,SmiskJim,"trigger 1.83× in the sensor slice (>1.65) — paper probes it, live declines (−$1.01/t measured)",5.019,winner,1.389,1.829,RUG_RISK
2026-07-24 21:47:31.995724+00,E2CbgF8odmyUBiAnrERkqm7pFV65ickjwYCxebkSpCih,Deer,"trigger 1.72× in the sensor slice (>1.65) — paper probes it, live declines (−$1.01/t measured)",5.855,winner,1.313,1.723,RUG_RISK
2026-07-24 21:49:59.259324+00,FCBH2n8mLcMrDiB6ubEUjvDB9y5U48n47J7EMX3jtbPB,Diarrhea,RUG_RISK — class is not traded (RUG_RISK not formula-qualified: needs crowd-PASS + in-envelope),1.254,rug,1.107,1.225,RUG_RISK
2026-07-24 21:56:52.161441+00,GrUa3riELhBCnt3YAdPpswy9rkzjHqx5P8WVP21Un5oR,Diarrhea,MOON_VIOLENT — regime gate: thin sample (0) — waiting for paper to prove the turn,6.977,winner,1.379,1.903,MOON_VIOLENT
2026-07-24 21:59:07.750516+00,DwMkDVSmXwkn36L7Z623DpQ19z94iqq517LmdsAU85cM,looong,RUG_RISK — class is not traded (RUG_RISK not formula-qualified: needs crowd-PASS + in-envelope),1.814,rug,1.113,1.238,RUG_RISK
2026-07-24 22:07:14.321341+00,5zZW3zvHUPoHH8fNhhVzoyqSJ3om53f4yyHPYetc8oFh,Diarrhea,MOON_VIOLENT — regime gate: thin sample (1) — waiting for paper to prove the turn,1.514,rug,1.142,1.302,MOON_VIOLENT
2026-07-24 22:10:08.820144+00,HHnHxNtBsoxnC44n3ewwK3msnjjuN92wbLXtR1F2ugcR,opensource,sizer $2.42 below fee-viable floor $2.50 — probe-class stays paper (sizer-responsive; mandate tickets are PRECISION-only),1.724,dud,1.242,1.542,RISER
2026-07-24 22:13:40.871219+00,HhjK3MDaYQ2mGTagh6Dtnn6L87h3iAQs98mVNYipeC4v,opensource,pool 2377 below the 2500 depth floor (smart-money floor) — no exit at size,2.636,winner,1.302,1.695,RUG_RISK
2026-07-24 22:16:01.484946+00,DhD3rdhesZTd36mFFw56J8zHfxGMKsoaCZW7QPND9bBv,HOPIUMTRUT,"inflow 1.20× below the 1.2× floor — sub-envelope crowd-pass ran −$0.81/t at size (F3 floor, ratified; paper probes it)",17.349,winner,1.198,1.434,RISER
2026-07-24 22:16:47.851853+00,4fccAvsE8C9ED1AdtXxaMEQvoBjDoG6e8dqC8oELJoxf,Hammerhead,"trigger 1.76× in the sensor slice (>1.65) — paper probes it, live declines (−$1.01/t measured)",11.990,winner,1.328,1.762,MOON_STEADY
2026-07-24 22:38:44.906727+00,AMCAKR5YPgj7FzWEtDdgB6aUjcepZWNbwT9DQFtMssZB,all/in,pool 1889 below the 8000 depth floor — no exit at size,1.875,rug,1.166,1.360,MOON_FAST
2026-07-24 22:38:55.028695+00,Ef5L3e5qBUygN7NoG5TgjDYawcuGBfJHWtcdw2CcnSJp,Pumuckel,RUG_RISK — class is not traded (RUG_RISK not formula-qualified: needs crowd-PASS + in-envelope),2.230,winner,1.119,1.215,RUG_RISK
2026-07-24 22:50:13.269838+00,FH8V1g9Q83n9GCfzhBBhK4qQQoEtsfVTcpRpae3B7maD,Pumuckel,pool 1901 below the 2500 depth floor (smart-money floor) — no exit at size,1.564,rug,1.186,1.407,MOON_STEADY
2026-07-24 23:01:45.122343+00,4HNs1X7nrm4UYqhLF8qfmwdH6oXjaDpJpkT8DaUf3HWe,SmiskJim,pool 1894 below the 8000 depth floor — no exit at size,260.787,winner,1.167,1.361,MOON_STEADY
2026-07-24 23:05:41.655948+00,99nvDZ4VYAQ8WhM7mJuryP6QjVhX4Ev6xQenwjxiH53s,SOLNOTE,pool 2293 below the 2500 depth floor (smart-money floor) — no exit at size,1.755,rug,1.321,1.746,RUG_RISK
2026-07-24 23:07:17.040695+00,7GimGsvCSsMuJXRpw1ASJ5cU6jYi8osutoTjJ1MgCDF9,SPCX,"inflow 1.14× below the 1.2× floor — sub-envelope crowd-pass ran −$0.81/t at size (F3 floor, ratified; paper probes it)",8.168,winner,1.135,1.289,BASE
2026-07-24 23:07:19.745082+00,E57UwnCDeBABWZgjW752f61AGs3LAvyLr2qRG9Mr93NH,Pumuckel,clone wave: Pumuckel rugged or still open on another mint <60m — live refuses relaunches (paper keeps exploring),11.753,winner,1.181,1.395,MOON_STEADY
2026-07-24 23:07:29.879053+00,AqUSCsK95THwDCRhPwJT1hDzEbSE8sow5CBJkt7hLzds,MEMENOTE,RUG_RISK — class is not traded (RUG_RISK not formula-qualified: needs crowd-PASS + in-envelope),6.766,winner,1.170,1.371,RUG_RISK
2026-07-24 23:08:56.170007+00,6B3djghCMi1YrotoQs1mZQeRyVBXkHPhYHxi4izEe2xh,SPCX,RUG_RISK — class is not traded (RUG_RISK not formula-qualified: needs crowd-PASS + in-envelope),4.596,winner,1.185,1.405,RUG_RISK
2026-07-24 23:12:08.684948+00,7sxKjwcf5VJqUXr81NSEJgANmR2QBdStGGvpt7xZBR2s,805K,RUG_RISK — class is not traded (RUG_RISK not formula-qualified: needs crowd-PASS + in-envelope),3.668,winner,1.107,1.226,RUG_RISK
2026-07-24 23:15:38.395053+00,9pW3MFxNak6w694R2m4FQSqaM2ezJA8YrBfmuwenS7T6,SmiskJim,pool 1857 below the 8000 depth floor — no exit at size,5.304,winner,1.130,1.278,MOON_STEADY
2026-07-24 23:23:59.151076+00,BGMyHLqAng7uhWpwqkw71XQS1FvCC2unmmB8UCJ4S6U6,FUCK,pool 2329 below the 8000 depth floor — no exit at size,1.898,rug,1.322,1.748,RUG_RISK
2026-07-24 23:26:25.613812+00,7NvpV9hjE77CefthxQahBeyQRE5aAMudEwUWsGsMxn7h,FUCK,clone wave: FUCK rugged or still open on another mint <60m — live refuses relaunches (paper keeps exploring),7.530,winner,1.326,1.757,BASE
2026-07-24 23:32:40.040808+00,AZTy2z1GNV7MNDfZKCgRyA9gJbKMbBebM9eN5qipump,USWR,RUG_RISK — class is not traded (RUG_RISK not formula-qualified: needs crowd-PASS + in-envelope),7.255,winner,1.116,1.221,RUG_RISK
2026-07-24 23:35:55.551809+00,HY7D1yrtPu2tGAhyxokcasvugzzbwKtRWLvFFmNaN4d1,Cupsey,pool 2282 below the 8000 depth floor — no exit at size,2.255,winner,1.366,1.866,MOON_SLOW
2026-07-24 23:39:51.958572+00,GzsgSFpG963dCBMjaUFVvGQX1NJ8o6bQXxHj27UEtsvv,SOLNOTE,clone wave: SOLNOTE rugged or still open on another mint <60m — live refuses relaunches (paper keeps exploring),5.830,winner,1.260,1.587,RISER
2026-07-24 23:42:23.563668+00,5yeEPpTpQv3BxqPLVnrKyzMVfhUHbAjCC6XxncBkpump,Soyjak,RUG_RISK — class is not traded (RUG_RISK not formula-qualified: needs crowd-PASS + in-envelope),2.095,winner,1.118,1.221,RUG_RISK
2026-07-24 23:51:17.369959+00,HfnogikYMVXS8VG4q7fQsJQM9Y2FkM5Pc3AxARF8iMM5,HatchWatch,"trigger 1.78× in the sensor slice (>1.65) — paper probes it, live declines (−$1.01/t measured)",4.028,winner,1.334,1.780,BASE
2026-07-24 23:51:41.760481+00,2yW5admEjYzbfubt4Jiqqt7LczmoNzocahKY6gWJnpu6,MONA,sizer $2.42 below fee-viable floor $2.50 — probe-class stays paper (sizer-responsive; mandate tickets are PRECISION-only),1.514,dud,1.208,1.409,RUG_RISK
2026-07-24 23:58:03.542726+00,6R1gfwb1UoY9hKJss8iZk2ENhhmRrCr9TpMVUwTxZZLC,Ancillary,"trigger 1.85× in the sensor slice (>1.65) — paper probes it, live declines (−$1.01/t measured)",3.240,winner,1.359,1.848,RISER
2026-07-24 23:58:53.815525+00,G8uuDTfJPmff38b9yxn4jEN12kdFSPBQGnoeQEaz4zeC,MANIFEST,RUG_RISK — class is not traded (RUG_RISK not formula-qualified: needs crowd-PASS + in-envelope),2.689,winner,1.376,1.894,RUG_RISK
2026-07-25 00:01:24.731731+00,6NnebT6AcMS4izyahcj2BFeqDevVZVCVuBq83EyeeyCo,leash,"trigger 1.93× in the sensor slice (>1.65) — paper probes it, live declines (−$1.01/t measured)",9.696,winner,1.390,1.934,BASE
2026-07-25 00:06:54.775222+00,3iuvnPfNtknEr34vE3FFZ8k6BZyQBCJyVCgfA3srK9hV,DUG,RUG_RISK — class is not traded (RUG_RISK not formula-qualified: needs crowd-PASS + in-envelope),1.281,rug,1.102,1.212,RUG_RISK
2026-07-25 00:16:49.951306+00,8WNuVpgrTSzX3NX4cmotTgdVvq9iAY24bYjvbv7HzbWf,STEVE,"trigger 2.00× in the sensor slice (>1.65) — paper probes it, live declines (−$1.01/t measured)",6.329,winner,1.442,2.002,BASE
2026-07-25 00:23:57.573944+00,ER95HyTN2zoeRypwXEv53xsc4YqgwFf34mamzN8HyocE,MANIFEST,pool 2036 below the 8000 depth floor — no exit at size,2.236,winner,1.191,1.418,MOON_SLOW
2026-07-25 00:26:34.610868+00,J1fM6nVujWQ3vEAmGYN3HiJnkU7UXq6Q9umwBVuu6FqL,Former,RUG_RISK — class is not traded (RUG_RISK not formula-qualified: needs crowd-PASS + in-envelope),3.129,winner,1.100,1.210,RUG_RISK
2026-07-25 00:30:31.49471+00,5V8DX8Ne1dU5vBJ2V9p2goEgLb4SPQhbn3AhbtUKGrEC,MANIFEST,RUG_RISK — class is not traded (RUG_RISK not formula-qualified: needs crowd-PASS + in-envelope),4.377,winner,1.329,1.767,RUG_RISK
2026-07-25 00:33:18.523434+00,8cmjw78LEnf7riQBCvfERqx6Tq64UtwkXvb8FwuXsDmV,Goblin,"trigger 2.04× in the sensor slice (>1.65) — paper probes it, live declines (−$1.01/t measured)",4.609,winner,1.429,2.045,RUG_RISK
2026-07-25 00:37:17.313826+00,EbzAM6hw7MQP8VNiwixoc5mgW18NkR348HFxVMHypump,Waddles,MOON_STEADY — regime gate: 8h paper -7.4% on 14 — benched,10.231,winner,1.333,1.680,MOON_STEADY
2026-07-25 01:04:17.668675+00,AJ93eb1wU8ZGSMR5rq42LsC4w3xoRBjPGYX5qshBYvfZ,MAKE,RUG_RISK — class is not traded (RUG_RISK not formula-qualified: needs crowd-PASS + in-envelope),2.161,winner,1.271,1.544,RUG_RISK
2026-07-25 01:04:38.183881+00,FqwAtcdF1dxQ12nFbX9RBdghABbSRRynmNxcUSoGwd7W,Waddles,"inflow 1.17× below the 1.2× floor — sub-envelope crowd-pass ran −$0.81/t at size (F3 floor, ratified; paper probes it)",2.206,winner,1.171,1.371,BASE
2026-07-25 01:08:19.272435+00,D6BVEQ6JSaPf3RNgSUmiKNor4sZhhDXcUomweNtcouUo,WAGTMI,"trigger 1.72× in the sensor slice (>1.65) — paper probes it, live declines (−$1.01/t measured)",2.998,winner,1.312,1.724,RISER
2026-07-25 01:08:32.739959+00,BbGZAFgjuwaHbHrx8KCKLbaPZoo8dAzuGraNyGph3gEs,afafafaf,RUG_RISK — class is not traded (RUG_RISK not formula-qualified: needs crowd-PASS + in-envelope),1.571,rug,1.122,1.258,RUG_RISK
2026-07-25 01:09:05.511856+00,EDeqpvnBQ82HLWqX1CT6BbaG4G7eeuwKQXDBdVjohHGJ,LR,RUG_RISK — class is not traded (RUG_RISK not formula-qualified: needs crowd-PASS + in-envelope),4.381,winner,1.123,1.261,RUG_RISK
2026-07-25 01:09:18.001786+00,Aqekmgx2EHNxKLFuMeqWxESDAfvCaXJpgp8j4LJw8GVu,WAGMI,pool 2024 below the 8000 depth floor — no exit at size,3.534,winner,1.247,1.557,MOON_VIOLENT
2026-07-25 01:10:45.7333+00,92g5ZKBGULMycuy4BYCtwy4SPDtG1AcvrLRqqHhyhZRd,WAGTMI,"inflow 1.14× below the 1.2× floor — sub-envelope crowd-pass ran −$0.81/t at size (F3 floor, ratified; paper probes it)",6.911,winner,1.136,1.292,BASE
2026-07-25 01:16:35.243255+00,H2Pg94B18bmdRe2upc3fBa7x5Ayh48mGdEbr2beEeJHn,Goblin,RUG_RISK — class is not traded (RUG_RISK not formula-qualified: needs crowd-PASS + in-envelope),6.102,winner,1.139,1.297,RUG_RISK
2026-07-25 01:21:25.344131+00,Bk4z7JKdwkvUKZ78SViCXpUfXWfsgdiS8qnN7c8Kpump,BULLMOTHY,RUG_RISK — class is not traded (RUG_RISK not formula-qualified: needs crowd-PASS + in-envelope),1.554,dud,1.128,1.241,RUG_RISK
2026-07-25 01:30:23.755687+00,4MmSbmGXg4NAuDE1pcGUVbcpJDhY4SjPYj9eukLySWQF,Mememan,RUG_RISK — class is not traded (RUG_RISK not formula-qualified: needs crowd-PASS + in-envelope),15.263,winner,1.129,1.274,RUG_RISK
2026-07-25 01:31:05.635122+00,3FkCbixbeKG3EVJRLSGZKUCF7S8uLBNDt1eM9smWrF9H,Waddles,"trigger 1.75× in the sensor slice (>1.65) — paper probes it, live declines (−$1.01/t measured)",6.376,winner,1.321,1.750,MOON_STEADY
2026-07-25 01:32:39.163858+00,BrDSqCoyMiGcZLfr67cHvCvoyooJbhb8VJred2LrZpMV,HOOD,RUG_RISK — class is not traded (RUG_RISK not formula-qualified: needs crowd-PASS + in-envelope),1.532,dud,1.103,1.214,RUG_RISK
2026-07-25 01:34:16.463435+00,GLbmmQc61yj48k6FxgqjrQctRwsJ7De3856cTADnpump,ERROR,RUG_RISK — class is not traded (RUG_RISK not formula-qualified: needs crowd-PASS + in-envelope),1.540,rug,1.132,1.251,RUG_RISK
2026-07-25 01:36:43.5851+00,31bd6DdKVAKxMT7Q8YngUoz2q5jUAx5fLZP22FQJx3Zo,BIGFOOT,"trigger 1.83× in the sensor slice (>1.65) — paper probes it, live declines (−$1.01/t measured)",9.438,winner,1.353,1.827,BASE
2026-07-25 01:40:34.851429+00,CGZqJkbNpm9xWYL1DRTaUZqE9oX9f5kT6HuxCaRJs4PT,BIGFOOT,pool 2085 below the 2500 depth floor (smart-money floor) — no exit at size,4.611,winner,1.389,1.932,MOON_VIOLENT
2026-07-25 01:45:23.181684+00,3aa8X8UBWPUZmqNSCCKBknfpyyz3fZjHisYADdgcS9SZ,BIGFOOT,RUG_RISK — class is not traded (RUG_RISK not formula-qualified: needs crowd-PASS + in-envelope),4.978,winner,1.165,1.312,RUG_RISK
2026-07-25 01:53:38.58721+00,2SsEa8R4ivKzPpVQE1CzxWD1LAaEqT8cPJz8uTbG1Vg7,BIGFOOT,RUG_RISK — class is not traded (RUG_RISK not formula-qualified: needs crowd-PASS + in-envelope),2.890,winner,1.098,1.206,RUG_RISK
2026-07-25 02:01:19.603814+00,AdHUsUTnb7t14C9y49sQ4dZNUBQx3kb5Ff6ZYCgTVh4X,BIGFOOT,pool 2214 below the 8000 depth floor — no exit at size,10.048,winner,1.360,1.850,MOON_FAST
2026-07-25 02:01:26.910219+00,6eS4WSVRTfRasm5am6wAxfM7PBqLhDKXC2sa6cCAeoUu,michi,RUG_RISK — class is not traded (RUG_RISK not formula-qualified: needs crowd-PASS + in-envelope),1.876,rug,1.147,1.315,RUG_RISK
2026-07-25 02:11:43.629564+00,H3NzcizFrJuE595dk5eajCwKNtP5qUBGU19zmLYVKexd,Waddles,"trigger 2.05× in the sensor slice (>1.65) — paper probes it, live declines (−$1.01/t measured)",2.046,winner,1.440,2.046,BASE
2026-07-25 02:16:30.167294+00,4JW6kSeHtUfDbNEs8r9FuQG7xrB9FPsv3KUYXcPBhYgy,REMAIN,RUG_RISK — class is not traded (RUG_RISK not formula-qualified: needs crowd-PASS + in-envelope),1.520,rug,1.107,1.226,RUG_RISK
2026-07-25 02:16:33.052221+00,53k8nd6nQr15fwGiCPhP5nMp13Hxa7ub4mSS4kLp2Kbv,FT,RUG_RISK — class is not traded (RUG_RISK not formula-qualified: needs crowd-PASS + in-envelope),2.111,winner,1.112,1.238,RUG_RISK
2026-07-25 02:20:30.008473+00,BEXgN96FHZ44YNCgZqDeHYfVqaBNb4Yozy18LKPqeu7,BIGFOOT,"inflow 1.14× below the 1.2× floor — sub-envelope crowd-pass ran −$0.81/t at size (F3 floor, ratified; paper probes it)",9.907,winner,1.141,1.286,BASE
2026-07-25 02:20:37.431889+00,AiXgDYEcW5zSjGiyCTtppZWHHLyForP2mgmbEDaJ5F6F,DOWN,RUG_RISK — class is not traded (RUG_RISK not formula-qualified: needs crowd-PASS + in-envelope),2.605,winner,1.294,1.675,RUG_RISK
2026-07-25 02:23:58.161538+00,BJR6RY632NmmroLFhCcj9wQ6p5KRfPcSNnjJZLZAKiyC,Jimothy,entry retry refused — price ran >10% since first quote (chase guard),4.165,winner,1.238,1.533,MOON_SLOW
2026-07-25 02:24:33.552682+00,qid3kBDsZtnMEqU9YGf2Pw3sFoznv7utm1ECr52pump,USOH,RUG_RISK — class is not traded (RUG_RISK not formula-qualified: needs crowd-PASS + in-envelope),1.942,rug,1.178,1.350,RUG_RISK
2026-07-25 02:25:21.023458+00,FdLopDehMTWNTJXKotzzPAGQekjNHBuZxBuWdbj6YWZb,DAO,RUG_RISK — class is not traded (RUG_RISK not formula-qualified: needs crowd-PASS + in-envelope),1.371,rug,1.172,1.371,RUG_RISK
2026-07-25 02:42:55.852576+00,CNoHkHTvpxZbmJvnpANCxy4m2V4vri7C25xP474JMMAd,TRUMP2028,"trigger 1.89× in the sensor slice (>1.65) — paper probes it, live declines (−$1.01/t measured)",6.243,winner,1.372,1.885,BASE
2026-07-25 02:43:43.801923+00,HT1tjwTGNpRtZAm1j17SyUUHxfPdpVmM33vzYoh7wSRQ,TRUMP2028,"inflow 1.17× below the 1.2× floor — sub-envelope crowd-pass ran −$0.81/t at size (F3 floor, ratified; paper probes it)",9.340,winner,1.172,1.364,BASE
2026-07-25 02:45:16.326922+00,CNchLbx1B1h5jNYfDnWciuyvxGdEoRG5RsUvrZMNLhC7,TRUMP2028,"inflow 1.14× below the 1.2× floor — sub-envelope crowd-pass ran −$0.81/t at size (F3 floor, ratified; paper probes it)",7.291,winner,1.135,1.290,BASE
2026-07-25 02:54:08.913836+00,HV2Kd239AbHLJedjiUryR4cdfyUVgTd7LfLTvAiJxUsA,TRUMP 2028,RUG_RISK — class is not traded (RUG_RISK not formula-qualified: needs crowd-PASS + in-envelope),1.483,rug,1.110,1.232,RUG_RISK
2026-07-25 03:03:10.224903+00,H3CwprsF5en3AmqjMCfMiP7MtQk74M2ZjstmHYqBpump,TREMP28,MOON_STEADY — regime gate: 8h paper -13.4% on 15 — benched,6.207,winner,1.145,1.274,MOON_STEADY
2026-07-25 03:05:34.983031+00,v2rUKXotqD3ao12JYfaDjFaJJrNS4Eb24jsHrvepump,PWEASE,inflow 1.14× below the 1.15× band (71% vs 45% win),1.454,rug,1.137,1.249,BASE
2026-07-25 03:14:00.324728+00,FodqjYvrPBuftUpivtyjNy4ApR5gCnjuDt8NVm9WAQmy,TREMP,"inflow 1.10× below the 1.2× floor — sub-envelope crowd-pass ran −$0.81/t at size (F3 floor, ratified; paper probes it)",13.524,winner,1.096,1.201,BASE
2026-07-25 03:17:18.511202+00,4v1aggarSWYJcgBYXDKjd6AyiXvyYGUXg5cu6n5n64RM,TREMP,RUG_RISK — class is not traded (RUG_RISK not formula-qualified: needs crowd-PASS + in-envelope),2.293,winner,1.103,1.216,RUG_RISK
2026-07-25 03:20:05.935301+00,76xpkVEmaYKBeupCVjfzjcJgCekFayBJteWbNazKBJwb,Vance,RUG_RISK — class is not traded (RUG_RISK not formula-qualified: needs crowd-PASS + in-envelope),2.542,winner,1.096,1.202,RUG_RISK
2026-07-25 03:36:07.609681+00,YTZvriEerXycgNexQwRXDGsT5EfmVGQc8ZEYEB5pump,Tremp2028,"trigger 1.88× in the sensor slice (>1.65) — paper probes it, live declines (−$1.01/t measured)",2.428,winner,1.419,1.878,RUG_RISK
2026-07-25 03:40:52.832971+00,GiXNyV532jhFa8YxK1meh1vJ2QsQdLTpt75a7n88NHsX,Tremp2028,"inflow 1.14× below the 1.2× floor — sub-envelope crowd-pass ran −$0.81/t at size (F3 floor, ratified; paper probes it)",19.852,winner,1.137,1.293,BASE
2026-07-25 03:45:53.307993+00,6TUzCJ67Nz4Lwd6B4aEPPwppdjoqiwHvQErVKjQSPtXw,TRUMP2028,"inflow 1.10× below the 1.2× floor — sub-envelope crowd-pass ran −$0.81/t at size (F3 floor, ratified; paper probes it)",1.313,dud,1.101,1.212,BASE
2026-07-25 04:04:21.785714+00,35pg2PiFsyUN6vtYfwov6zUZDoLQ2pmjXYQdWgQB8VKV,RobinBull,pool 1974 below the 2500 depth floor (smart-money floor) — no exit at size,9.245,winner,1.214,1.473,MOON_FAST
2026-07-25 04:07:27.322454+00,CUQBip6ntbgmvTGauiprK7UVqXaVqPmehx28Gb1mHVEA,RTR,RUG_RISK — class is not traded (RUG_RISK not formula-qualified: needs crowd-PASS + in-envelope),2.279,winner,1.102,1.213,RUG_RISK
2026-07-25 04:37:12.240926+00,2zCzYVUVpWHHJScGSHgegECRbnwyd4rhFDVt7Vy8pump,HOLD,inflow 1.13× below the 1.15× band (71% vs 45% win),1.602,dud,1.125,1.236,MOON_STEADY
2026-07-25 04:37:27.330539+00,ErqBcnMwyNTyi7nG5CxTJfvZEXpt1roR4xZgHt217vEv,GCC,RUG_RISK — class is not traded (RUG_RISK not formula-qualified: needs crowd-PASS + in-envelope),2.645,winner,1.185,1.403,RUG_RISK
2026-07-25 04:40:05.421041+00,9VGbnvhdyqGcvidsmztsJXgbndwe5AATzEcWzYQoQhmE,HOLD,RUG_RISK — class is not traded (RUG_RISK not formula-qualified: needs crowd-PASS + in-envelope),1.343,dud,1.102,1.219,RUG_RISK
2026-07-25 04:46:00.430996+00,3vNTmWWyqDPg8C359StSr2GziLcAzgiHqEkgSX1R3w27,RTR,"inflow 1.17× below the 1.2× floor — sub-envelope crowd-pass ran −$0.81/t at size (F3 floor, ratified; paper probes it)",2.817,winner,1.169,1.367,RISER
2026-07-25 04:46:16.360639+00,NXkqfX2EcxJCDz6GPrJQM2j3uKVHn9pKWhNAfyPDUZu,TRUMP2028,"inflow 1.11× below the 1.2× floor — sub-envelope crowd-pass ran −$0.81/t at size (F3 floor, ratified; paper probes it)",4.907,winner,1.110,1.230,BASE
2026-07-25 05:01:55.776583+00,EMn1DUP9s2oDf9prhXpe6NGTq93shJYdGziLks8utceQ,DOWN,RUG_RISK — class is not traded (RUG_RISK not formula-qualified: needs crowd-PASS + in-envelope),1.351,rug,1.099,1.203,RUG_RISK
2026-07-25 05:12:59.256556+00,JDfK5g72BfyfmwrrH4TuiQsUj5Z8HV3qHVXGwtAdpump,famousdev,"trigger 1.88× in the sensor slice (>1.65) — paper probes it, live declines (−$1.01/t measured)",2.855,winner,1.409,1.884,BASE
2026-07-25 05:23:24.795792+00,7LiEf18TefK7XWSw9TPFqj5YGFUJbYQT8xB2TmMqpump,Mao,RUG_RISK — class is not traded (RUG_RISK not formula-qualified: needs crowd-PASS + in-envelope),1.339,rug,1.126,1.238,RUG_RISK
2026-07-25 05:35:16.027622+00,FcA5SQZDow3wPS2dQpvGBZgZsE2D3S5oQEbHzmA58L2y,Mymo,pool 2302 below the 8000 depth floor — no exit at size,2.001,winner,1.415,2.001,MOON_STEADY
2026-07-25 05:44:02.752882+00,AWwtgogaAuNgpvx2GJQrxDN4uc2DV1tCdXY24vrnRXS8,TRUMP2028,"trigger 1.70× in the sensor slice (>1.65) — paper probes it, live declines (−$1.01/t measured)",6.112,winner,1.303,1.697,MOON_STEADY
2026-07-25 05:46:36.043702+00,6tV7qrMaezi7TkYMrz1p7LKBwbF6891sL279aQYza3jc,LIMBOTHY,RUG_RISK — class is not traded (RUG_RISK not formula-qualified: needs crowd-PASS + in-envelope),4.300,winner,1.310,1.621,RUG_RISK
2026-07-25 05:47:15.372379+00,CfjvGkwWJEMhjniXxJoM3YFtusLssy6vS4gUA7j4pump,Vladimir,RUG_RISK — class is not traded (RUG_RISK not formula-qualified: needs crowd-PASS + in-envelope),2.457,winner,1.168,1.314,RUG_RISK
2026-07-25 05:49:04.741151+00,X6cJ7fz4sazS3aTFAWy6WMd5oHZBvZpmW8HZux8aoRm,Vladimir,pool 1957 below the 8000 depth floor — no exit at size,2.249,winner,1.203,1.448,MOON_FAST
2026-07-25 05:52:27.60014+00,MMqRJVJWun8VZvFuHWHy8WX16GedKMnxgKcRuKFA3cj,Vladimir,clone wave: Vladimir rugged or still open on another mint <60m — live refuses relaunches (paper keeps exploring),4.899,winner,1.127,1.270,BASE
2026-07-25 05:54:07.775171+00,AGtPUL8xKKe4SnfHLpgAbmuWS3yeWFQ12cGtvaAGsahi,RAKO,RUG_RISK — class is not traded (RUG_RISK not formula-qualified: needs crowd-PASS + in-envelope),1.478,rug,1.175,1.314,RUG_RISK
2026-07-25 05:59:59.932565+00,DmTzRTRa9GHqPaJSEHvjXYBPVuJ7uiDtt5ctxz9kpump,MOONSTER,inflow 1.13× below the 1.15× band (71% vs 45% win),2.097,winner,1.128,1.240,BASE
2026-07-25 06:03:55.788531+00,GhfYrwGEhJnU2YBxDyjVMzohqrMa9WoicJnELVm7LBoH,FSR,"trigger 1.81× in the sensor slice (>1.65) — paper probes it, live declines (−$1.01/t measured)",3.455,winner,1.344,1.807,BASE
2026-07-25 06:08:00.388202+00,GsEtug6YrWuDQEGP8FDf4rdgyXTGhtXZ2SY9MMkNCHG1,FSR,"trigger 1.90× in the sensor slice (>1.65) — paper probes it, live declines (−$1.01/t measured)",3.670,winner,1.385,1.899,RISER
2026-07-25 06:08:00.590623+00,2GZw5My2zTP6gw7WTVwXnh4qifX4ATXUjfDr9zc8z9gp,worm,clone wave: worm rugged or still open on another mint <60m — live refuses relaunches (paper keeps exploring),1.785,rug,1.162,1.337,BASE
2026-07-25 06:09:58.794775+00,6XMbHzVncdyJ3doNyQDfvYgAhab5Rivv4hHd5nRTDQ8U,worm,pool 2102 below the 8000 depth floor — no exit at size,10.380,winner,1.274,1.622,MOON_FAST
2026-07-25 06:15:16.389854+00,3uXrKahFncwc2zBHi9cTZP5NjhAgZiZRbNsXafYUpump,qworm,"trigger 1.97× in the sensor slice (>1.65) — paper probes it, live declines (−$1.01/t measured)",2.086,winner,1.454,1.967,RUG_RISK
2026-07-25 06:15:16.648506+00,5Y9BgdvTQrJkrx8bkXQ7RAFQS8cvamJgufSjBUKrpump,MOONSTER,BASE — regime gate: 8h paper 1.1% on 31 — benched (hysteresis holds),5.017,winner,1.135,1.257,BASE
2026-07-25 06:16:07.571512+00,55cJoLWC8GWZK52LZZqcnDorb7MxncMPuJ6chvDG868M,worm,clone wave: worm rugged or still open on another mint <60m — live refuses relaunches (paper keeps exploring),2.973,winner,1.331,1.772,RISER
2026-07-25 06:18:15.024991+00,CPPcfZRBGBZ5SujuozPiCCLjdyrgMC3BUwK6Zh7DbEDX,Mymo,pool 2201 below the 8000 depth floor — no exit at size,1.520,rug,1.233,1.520,MOON_FAST
2026-07-25 06:18:37.673211+00,3aQE3HUtnuAvurAsN4G4jPWaDn8bo1kDM89eHaeYDWP9,worm,clone wave: worm rugged or still open on another mint <60m — live refuses relaunches (paper keeps exploring),4.063,winner,1.365,1.836,BASE
2026-07-25 06:33:43.989811+00,GzsFvTEiZQXjoqAsJsU7uyjTuhsWZgHf9shxmnefPhgU,GGoF,RUG_RISK — class is not traded (RUG_RISK not formula-qualified: needs crowd-PASS + in-envelope),1.454,rug,1.166,1.360,RUG_RISK
2026-07-25 07:16:14.761899+00,67r7Q7mywxA4krDvkZXJmJwc7AbmpkdcJqtk4jzXgNm3,NODFATHER,clone wave: NODFATHER rugged or still open on another mint <60m — live refuses relaunches (paper keeps exploring),1.477,rug,1.097,1.204,BASE
2026-07-25 07:24:26.792602+00,GzJF25iCVHpoyiH37Wx2anAmFCyQt6s4SDzjuU6hYCso,NODFATHER,clone wave: NODFATHER rugged or still open on another mint <60m — live refuses relaunches (paper keeps exploring),2.472,winner,1.134,1.285,BASE
2026-07-25 07:33:24.006855+00,FEY6Kj8A9THfgb7Guagf5C2sq9xuK5v6oFbUXCTp26Yf,WORM,entry retry refused — price ran >10% since first quote (chase guard),4.366,winner,1.105,1.223,MOON_SLOW
2026-07-25 07:40:09.976314+00,CtjzA9xENdDwFNh64BG5MtUyz4AV5hVA4LZtjt4x1cXr,peacedog,RUG_RISK — class is not traded (RUG_RISK not formula-qualified: needs crowd-PASS + in-envelope),1.507,rug,1.102,1.214,RUG_RISK
2026-07-25 07:48:34.668813+00,867wjVko7Px3RLEfqWiepR8Vkz57qUQf2xay9CgJDtVD,Neo,RUG_RISK — class is not traded (RUG_RISK not formula-qualified: needs crowd-PASS + in-envelope),3.462,winner,1.100,1.211,RUG_RISK
2026-07-25 07:55:32.397733+00,92gbovdY9UQvNuZz97n8vtymM46rYfUCYJY66jJmCpty,RUSS,RUG_RISK — class is not traded (RUG_RISK not formula-qualified: needs crowd-PASS + in-envelope),2.901,winner,1.102,1.215,RUG_RISK
2026-07-25 08:10:37.600346+00,HbMtDkdwHoqoYd1LQY7TPLjxDwVcQjRSyq5ExpkLaz6b,WORM,"trigger 1.94× in the sensor slice (>1.65) — paper probes it, live declines (−$1.01/t measured)",3.544,winner,1.393,1.939,RISER
2026-07-25 08:30:53.049582+00,EGJgnemmyr72H4R456pxoUkcPYnvsZejJng5kpq5RM4z,RUSS,"trigger 1.99× in the sensor slice (>1.65) — paper probes it, live declines (−$1.01/t measured)",7.616,winner,1.410,1.987,RISER
2026-07-25 08:46:25.406819+00,EM9REJBzkfN8vSUD5AbxvRLSDKFDCdsJxZkXk6gCXTx3,COIN,RUG_RISK — class is not traded (RUG_RISK not formula-qualified: needs crowd-PASS + in-envelope),1.606,rug,1.109,1.229,RUG_RISK
2026-07-25 08:49:42.982277+00,4mJ27BWS7aHgqkdi3bNoP2yAUGaj7turbu3XxtNp6Dd4,DEER,clone wave: DEER rugged or still open on another mint <60m — live refuses relaunches (paper keeps exploring),17.704,winner,1.152,1.327,BASE
2026-07-25 08:52:01.119509+00,CgXbBsmfCF7rWD53y7uE5zZ1qSA8GbGkvsQV1p68jvQC,DEER,clone wave: DEER rugged or still open on another mint <60m — live refuses relaunches (paper keeps exploring),5.631,winner,1.156,1.336,RUG_RISK
2026-07-25 09:17:29.888866+00,BfSwhzQgR6GMSmgfsbKoEhziifdo3CfFcefiZKwNTFUN,RUSS,RUG_RISK — class is not traded (RUG_RISK not formula-qualified: needs crowd-PASS + in-envelope),2.693,winner,1.151,1.324,RUG_RISK
2026-07-25 09:28:57.604976+00,GZoJLCjHhuSzTrNmhxo2BEaE3qyzYegf6SW8nAroy68S,BIGBOBO,RUG_RISK — class is not traded (RUG_RISK not formula-qualified: needs crowd-PASS + in-envelope),30.436,winner,1.344,1.808,RUG_RISK
2026-07-25 09:44:21.716013+00,GJwwRi8dZysqunak2hbqvZYg93se1LQABF48aCTVdsHX,Buck,RISER — regime gate: 8h paper -10.8% on 17 — benched,15.417,winner,1.157,1.337,RISER
2026-07-25 09:51:55.65267+00,716ZyZdCMrG4LBZ7i5bMaA8zEZk7sLx8CHktywvmcXnk,Zero,RUG_RISK — class is not traded (RUG_RISK not formula-qualified: needs crowd-PASS + in-envelope),30.969,winner,1.396,1.948,RUG_RISK
2026-07-25 10:05:52.433088+00,FBbuEwK75359FCnPUhpWkmkq9mmd9pdQ7KgxPh9hQRYH,Kun,"trigger 1.74× in the sensor slice (>1.65) — paper probes it, live declines (−$1.01/t measured)",9.113,winner,1.337,1.736,MOON_STEADY
2026-07-25 10:11:22.653466+00,35aL4cCzErPkjuMn7nNGxQbYayzLvS3ii6ozY9Pupump,HIP,RUG_RISK — class is not traded (RUG_RISK not formula-qualified: needs crowd-PASS + in-envelope),1.334,rug,1.117,1.216,RUG_RISK
2026-07-25 10:20:12.837404+00,Ad4FJptknXNWn8CfFNoHeBybNJYik4NkTvTsoo8Spump,BOSS,RUG_RISK — class is not traded (RUG_RISK not formula-qualified: needs crowd-PASS + in-envelope),4.245,winner,1.254,1.513,RUG_RISK
2026-07-25 10:20:17.384698+00,3peKNa4AJkmxQwU1RtWTYy1jizQG8WnmPieYXbCJuuSh,HIP,RUG_RISK — class is not traded (RUG_RISK not formula-qualified: needs crowd-PASS + in-envelope),2.189,winner,1.099,1.201,RUG_RISK
2026-07-25 10:40:51.656572+00,6FCURJ9pTZWqwPsVGXPezK3Pu4C5KP5d6jBYdAS3zhvH,RUSS,"trigger 1.92× in the sensor slice (>1.65) — paper probes it, live declines (−$1.01/t measured)",6.945,winner,1.386,1.923,MOON_STEADY
2026-07-25 10:55:13.74121+00,BDtrAP8qTHJ7QUc19V8b2hSH6KQaXQtoMRwd9CNJDfAo,TRUMP2028,"trigger 1.72× in the sensor slice (>1.65) — paper probes it, live declines (−$1.01/t measured)",4.206,winner,1.313,1.720,RISER
2026-07-25 11:05:11.739455+00,J7di3Ze8FazkmUeZXh4ceuUBVB5WJYEf2cRdxAWLpump,PVE,RUG_RISK — class is not traded (RUG_RISK not formula-qualified: needs crowd-PASS + in-envelope),1.295,rug,1.114,1.212,RUG_RISK
2026-07-25 11:17:11.97401+00,9CNnCgBUJATLypLuyGA4cB2r8sdbQmR16fQLcB7L6SJw,Jimothy,"trigger 1.74× in the sensor slice (>1.65) — paper probes it, live declines (−$1.01/t measured)",3.225,winner,1.320,1.744,RUG_RISK
2026-07-25 11:36:06.19089+00,2FekCNX34qq14iea1xBBasUQuS2sLVijrTqBN9FiyP9S,DOLLS,"trigger 2.05× in the sensor slice (>1.65) — paper probes it, live declines (−$1.01/t measured)",8.191,winner,1.430,2.047,BASE
2026-07-25 11:47:27.300532+00,jZxm8SjfUwhhVEkUJhqXijTxMj2sUzaVZjxfnyjpump,Yenai,RUG_RISK — class is not traded (RUG_RISK not formula-qualified: needs crowd-PASS + in-envelope),1.472,rug,1.201,1.389,RUG_RISK
2026-07-25 11:59:26.244684+00,3E7huUAG54Jb8N3pa2iTpv8QhhKiCRkJZbg2wbzwpump,TRULL,RUG_RISK — class is not traded (RUG_RISK not formula-qualified: needs crowd-PASS + in-envelope),1.453,rug,1.116,1.215,RUG_RISK
2026-07-25 12:35:08.147378+00,9nNUrzvJtxaSUvawtKe7frE7Qqk6wviULYqNqVvk2U96,Jacob,"inflow 1.20× below the 1.2× floor — sub-envelope crowd-pass ran −$0.81/t at size (F3 floor, ratified; paper probes it)",12.288,winner,1.196,1.431,RISER
2026-07-25 12:35:17.650798+00,2akFxneJF4LBb95BywtD1UZSE3goehiVxyFBKt3vApMj,Jacob,clone wave: Jacob rugged or still open on another mint <60m — live refuses relaunches (paper keeps exploring),5.714,winner,1.115,1.244,MOON_STEADY
2026-07-25 12:35:53.3683+00,FyFBfp7ncCYLi6TxdcyG9YZULL72dvx7fPZcUEnepump,RACCTARD,RUG_RISK — class is not traded (RUG_RISK not formula-qualified: needs crowd-PASS + in-envelope),4.053,winner,1.462,1.992,RUG_RISK
2026-07-25 12:52:13.722147+00,6xFrD7A44sUJZJUXE37Cs47xqz68XNgQ2wZDRdahDSWS,Rex,RUG_RISK — class is not traded (RUG_RISK not formula-qualified: needs crowd-PASS + in-envelope),1.425,rug,1.149,1.320,RUG_RISK
2026-07-25 12:55:51.336969+00,CmEkMPWPr5Mcj2siLLeju9Qy1RUCQggnsG4ekLNyCEiH,Huss,live_kill engaged,10.126,winner,1.224,1.496,BASE
2026-07-25 12:59:02.916502+00,An5vWHduMaAqRZ21jTVez3jJB2Ps6hxHQ3KVtCJotV67,JACOB,live_kill engaged,4.812,winner,1.213,1.471,RISER
2026-07-25 12:59:05.246919+00,AnRFnUbPqukHucx8Z5sVhdcZgmD3g6TPnHGUPyV76pCg,Peaceinu,live_kill engaged,2.547,winner,1.113,1.237,RISER
2026-07-25 13:01:22.709517+00,3Hf1qrEnKHYYEJVWZ44hbCbwX86SxwWpeWmm4VwZheiN,JACOB,"trigger 1.79× in the sensor slice (>1.65) — paper probes it, live declines (−$1.01/t measured)",4.341,winner,1.338,1.790,RISER
2026-07-25 13:15:02.394207+00,GujVLBXsMg4SBd4KtV4vMKQommcNNjgamykB1ZtunYkb,Jacob,pool 1967 below the 2500 depth floor (smart-money floor) — no exit at size,5.945,winner,1.164,1.356,MOON_FAST
2026-07-25 13:18:20.134271+00,8SwtvHiEA8VLq2QCevzGY3LmZTsexdrkSrMoK2tVCNu9,Slap,pool 2110 below the 2500 depth floor (smart-money floor) — no exit at size,2.783,winner,1.388,1.927,MOON_SLOW
2026-07-25 13:18:51.09664+00,Av788D1rRWWCzRYw8MdSJ3FNFzJzgzoq75GQJnbDz6cW,MANIFEST,pool 1965 below the 8000 depth floor — no exit at size,2.596,winner,1.206,1.454,MOON_STEADY
2026-07-25 13:22:03.826664+00,9RpoEQn6MREkcw5cnaMJJv78hUQZgzBz6j3iKimSRbK3,Slap,clone wave: Slap rugged or still open on another mint <60m — live refuses relaunches (paper keeps exploring),1.578,dud,1.118,1.248,RUG_RISK
2026-07-25 13:45:35.761419+00,3QuyhB2c8LDSt4jbt6X6cfyu9oY6cREJNWhcKyeRnKnD,Fine,"trigger 1.75× in the sensor slice (>1.65) — paper probes it, live declines (−$1.01/t measured)",4.769,winner,1.322,1.747,MOON_STEADY
2026-07-25 13:46:27.726071+00,Ak1ghBiJgPezBFTrSbBhdRhHfx7fPohXDbHpxnktUSX5,Fine,"trigger 2.03× in the sensor slice (>1.65) — paper probes it, live declines (−$1.01/t measured)",14.457,winner,1.424,2.029,BASE
2026-07-25 13:46:28.406174+00,2gb4YdGMMBW45bu6zgJ7LTH8FohNbZPEDHA5eLfndDtD,MemeBank,live_kill engaged,3.997,winner,1.252,1.566,RUG_RISK
2026-07-25 13:47:18.996596+00,HdHHc3BM5RLV6GnvBdPxXRsftUywpcLsmF64EjYRi6nc,Fine,live_kill engaged,2.736,winner,1.214,1.473,BASE
2026-07-25 13:56:12.24317+00,8jYXubJv7aj5K58ntAQJ5MdtWdW7cKmhtfJULq7LjEM1,sharkdog,pool 1927 below the 8000 depth floor — no exit at size,2.016,winner,1.169,1.368,MOON_SLOW
2026-07-25 14:00:11.442886+00,35zamRRpMCsKAJ9C7oUCs2eKQt5zi9GxqoRQSKPWNxQf,Fine,"trigger 1.98× in the sensor slice (>1.65) — paper probes it, live declines (−$1.01/t measured)",13.336,winner,1.408,1.984,BASE
2026-07-25 14:14:51.88678+00,GhP8xRKwakwbeGYDF95fJMEeEz7V3QNrM1y1dbkbf5uT,Fine,pool 2225 below the 8000 depth floor — no exit at size,1.883,rug,1.372,1.883,RUG_RISK
2026-07-25 14:18:41.769397+00,9Lua93QysHFz6Qni12T8gW7Z4XmWx9oy7qW1wg4ipump,Bullsey,BASE — regime gate: 8h paper 1.1% on 20 — benched (hysteresis holds),1.306,dud,1.143,1.284,BASE
2026-07-25 14:19:36.268479+00,5zJYwCRZaWm8yk6g7P3Z8swMuPXBMy8U44uNETK79GyL,sharkdog,pool 2168 below the 8000 depth floor — no exit at size,11.167,winner,1.319,1.740,MOON_STEADY
2026-07-25 14:22:07.329834+00,Gks6ifLCeeLRRc6LHgC8CspwyBPjd6WRRRgZKUufEMGK,Phoenix,live_kill engaged,2.038,winner,1.267,1.633,MOON_STEADY
2026-07-25 14:24:35.583916+00,144CoJQ6wpRSJDSRGxmpEA2fwqW74zaaZJs5R4BHK7br,Phoenix,clone wave: Phoenix rugged or still open on another mint <60m — live refuses relaunches (paper keeps exploring),1.984,rug,1.156,1.337,MOON_STEADY
2026-07-25 14:37:22.261136+00,AUAaog2zrC3LkooA1r3DT71Pq9kxj5QqKxf74TqwCJ2o,Phoenix,clone wave: Phoenix rugged or still open on another mint <60m — live refuses relaunches (paper keeps exploring),15.813,winner,1.258,1.583,BASE
2026-07-25 14:41:50.392636+00,rUoZgUz79gy83phX2eagB8jVZV21pEgDTNKuLaMpump,KISSME,BASE — regime gate: 8h paper 2.3% on 20 — benched (hysteresis holds),6.921,winner,1.104,1.203,BASE
2026-07-25 14:43:00.034066+00,CE816UXMGFQGK3J53rmrWDNv832eaffNJQJPtE99yzre,GEMINAUTS,live_kill engaged,4.653,winner,1.210,1.465,BASE
2026-07-25 14:44:41.222026+00,9xm64ybT2FSQs1TQNVGpxmpxdw6HeNZ83u2FeqvwFHxz,sharkdog,MOON_STEADY — regime gate: 8h paper -11.2% on 13 — benched,2.381,winner,1.181,1.396,MOON_STEADY
2026-07-25 14:46:01.445226+00,AJKAByd1w849DrRTWLDeeAS9hWjMzQQscohhfvqYPsHb,Laila,live_kill engaged,2.413,winner,1.291,1.641,RUG_RISK
2026-07-25 14:46:05.012974+00,5m188fBrQGqG6JRAbyocmEU3ii8BQynv5bbcZ78rRF9D,GEMINAUTS,live_kill engaged,4.082,winner,1.222,1.493,RISER
2026-07-25 14:47:42.962351+00,HfYwUKETgzTXu37fSufGRNCfsyQoepwH9QtdnvaDohy6,GEMINAUTS,live_kill engaged,2.457,winner,1.136,1.290,RUG_RISK
2026-07-25 14:49:23.457154+00,AHtCSdaPJ5JzbrJHXJfm6xi8iojvMRhuNCxmV9uAMp6W,Phoenix,clone wave: Phoenix rugged or still open on another mint <60m — live refuses relaunches (paper keeps exploring),3.916,winner,1.184,1.406,BASE
2026-07-25 14:54:05.540851+00,7phLgJkk3UC5jKdSTd4bSwzK6cUWVrqkE3jCznVEyns5,Laila,clone wave: Laila rugged or still open on another mint <60m — live refuses relaunches (paper keeps exploring),3.506,winner,1.286,1.641,RUG_RISK
2026-07-25 14:58:15.269546+00,AhcjNhaHfzU7KyBipozmrvF3nMZDjS5kN3ARcTspump,ENROLLED,RUG_RISK — class is not traded (RUG_RISK not formula-qualified: needs crowd-PASS + in-envelope),3.050,winner,1.169,1.321,RUG_RISK
2026-07-25 14:58:34.390862+00,CD9pA8Goqk7Sz5WUvgzWPay1sePPqWVJE7DcSx1RMmZ2,TRUMP2028,RUG_RISK — class is not traded (RUG_RISK not formula-qualified: needs crowd-PASS + in-envelope),2.076,winner,1.327,1.761,RUG_RISK
2026-07-25 14:59:53.678152+00,stGUWTXx5gcULWn5JwvCNuBmi2fg2BVHvUwhHEvpump,geminaut,live_kill engaged,1.767,rug,1.107,1.201,RUG_RISK
2026-07-25 15:02:24.046608+00,5tcKvxPBRDNr34UFMHoiU7sWW3JrT47ZeEULvqwPvJZz,TRUMP2028,MOON_STEADY — regime gate: 8h paper -13.1% on 14 — benched,4.032,winner,1.412,2.000,MOON_STEADY
2026-07-25 15:09:55.255965+00,4Xx6wH1vrwhK8MexXEmL4VzbA1kxxSpLLYFGUG2dAM1Z,FLOCK,"trigger 1.83× in the sensor slice (>1.65) — paper probes it, live declines (−$1.01/t measured)",14.859,winner,1.351,1.828,BASE
2026-07-25 15:12:18.413843+00,HcJ2Anis1tmBoAc4HhjD7ZHiMm8BjnM4vcNSttkMd5yg,KISSME,live_kill engaged,8.365,winner,1.101,1.208,BASE
2026-07-25 15:15:55.861308+00,FXHDCbjUgKUr9FMZFCXgUVPXur231v6ZUEDyDhDEDdB3,FLOCK,live_kill engaged,2.237,winner,1.187,1.406,RISER
2026-07-25 15:29:44.103224+00,81yXMSUGEyQYfPkSjr1zaUU8H6h7dv3VLDT3HhZyLxHs,giraffedog,live_kill engaged,5.759,winner,1.205,1.454,BASE
2026-07-25 15:30:09.128727+00,DVee9B1Ja8pRWRLLruUAaN4Q7zHMh1x5CzdFat98iYv,WIF,RUG_RISK — class is not traded (RUG_RISK not formula-qualified: needs crowd-PASS + in-envelope),3.805,winner,1.121,1.229,RUG_RISK
2026-07-25 15:33:22.889382+00,XsANsBqEwh2ztRmtfvVFJpcTTPDAMnPwaaUXcyp4mPs,giraffedog,live_kill engaged,7.469,winner,1.172,1.374,RUG_RISK
2026-07-25 15:34:19.594423+00,Gfma54DqyG2ePQGEMHvbquNt99RnheeE7E4v1oeSgsdt,Canaduh,live_kill engaged,8.342,winner,1.100,1.211,RUG_RISK
2026-07-25 15:39:14.080748+00,EGpgwH4WewSZtrSzn7dywYPqnWmLiUaXaQJaMbRWsiK,GOOGLE,live_kill engaged,1.213,rug,1.097,1.202,RISER
2026-07-25 15:39:17.756424+00,9GafK9tkGo7N5LVzXZjgmkXp1vJusGuPP9itt3Xy4E3j,Meowcoin,live_kill engaged,3.471,winner,1.193,1.394,RUG_RISK
2026-07-25 15:39:28.535606+00,2Kee2PrxoA6b2PvtqBx3carmVZHRE9zNkzHrxrK52JRE,sharkdog,pool 1990 below the 8000 depth floor — no exit at size,1.569,rug,1.160,1.346,MOON_SLOW
2026-07-25 15:45:11.382114+00,FYZ78SHwmmEcg9a8dGVTmNbJJHtk7CUeWGvKrLfwyMe3,CXMT,RUG_RISK — class is not traded (RUG_RISK not formula-qualified: needs crowd-PASS + in-envelope),2.578,winner,1.099,1.207,RUG_RISK
2026-07-25 15:47:18.396841+00,HXt8QwTDpBw9PT7rgTdfQ96K3MxeKJgD8oNYB1CwHjh2,Meowcoin,live_kill engaged,2.705,winner,1.202,1.444,BASE
2026-07-25 15:47:21.872622+00,9JoSggj8koHdszD8ERs9ggnsDd18ExDNPYxczvtbYqVs,MrsBeast,live_kill engaged,2.649,winner,1.158,1.341,RUG_RISK
2026-07-25 15:48:08.974474+00,B3nBDft1D1Df5BEvG7svomLJoa7BYEga3C61pkFW77nJ,Meowcoin,live_kill engaged,4.394,winner,1.142,1.305,MOON_SLOW
2026-07-25 15:51:21.833162+00,7CWtea1BdoY9p4zSbhyTjJueXomQojRAudbAaTgoAo8c,Meowl,live_kill engaged,2.150,winner,1.283,1.645,RISER
2026-07-25 15:52:12.31946+00,4hEAQ1CYTWEWWBtZ4D5Jfavvr4obBZG89Wf4icxqAMtd,Meowcoin,live_kill engaged,2.641,winner,1.226,1.501,RISER
2026-07-25 15:52:39.679186+00,8dZxa58K13cF5ZAmgy8ToHehLXAVu9NjujBX3TPrpump,MECHASTALIN,RUG_RISK — class is not traded (RUG_RISK not formula-qualified: needs crowd-PASS + in-envelope),4.804,winner,1.454,1.944,RUG_RISK
2026-07-25 15:57:16.562735+00,5zhjQ2LPXX6ANszTY3CfXoHp9JAenQrRLA6wT2YSpump,Bombeiros,RISER — regime gate: 8h paper -0.9% on 16 — benched (hysteresis holds),1.444,rug,1.178,1.336,RISER
2026-07-25 15:58:42.750249+00,EhnwQgfuPYyKyByzmeJRZayV6h97qLSmwcVDijrTpump,MECHASTALIN,"trigger 1.77× in the sensor slice (>1.65) — paper probes it, live declines (−$1.01/t measured)",4.905,winner,1.375,1.768,MOON_STEADY
2026-07-25 15:58:53.479288+00,4C85nwtGsxd4nL8ApM5hzF3PY1Tj9ZZ5uBWfnBD2YnDa,MECHASTALN,live_kill engaged,8.691,winner,1.131,1.281,MOON_STEADY
2026-07-25 15:59:43.908332+00,Cp2QVmo9nGEw4wPCBE9vViNXrwSZzZ6QQkPHGpSZy9vz,MECHASTLIN,live_kill engaged,3.229,winner,1.156,1.315,BASE
2026-07-25 16:03:49.746028+00,7rupUj1a9tcGZfqowhAgm624B9SAjzC4aRNtTeDEK2Jj,MCHASTALIN,"trigger 1.98× in the sensor slice (>1.65) — paper probes it, live declines (−$1.01/t measured)",15.346,winner,1.407,1.978,BASE
2026-07-25 16:07:08.186664+00,Ez1vgBR3ZrR5pYV67A2FbbnReC5jJHpRRCvZu3znpump,PEPECOON,"inflow 1.15× below the 1.2× floor — sub-envelope crowd-pass ran −$0.81/t at size (F3 floor, ratified; paper probes it)",4.554,winner,1.148,1.281,BASE
2026-07-25 16:07:51.335943+00,Dh1XDJo7hW67PqsfsLWM4m4Yxg5NMuyr1BhwUFiNxafw,APOLUNE,live_kill engaged,3.435,winner,1.155,1.329,RUG_RISK
2026-07-25 16:14:34.611156+00,Crh8wGXmVdPsuza8Bd5id4Uf1NJo539xBqVmfoCvd4dc,MrBist,"trigger 1.79× in the sensor slice (>1.65) — paper probes it, live declines (−$1.01/t measured)",1.788,rug,1.345,1.788,MOON_FAST
2026-07-25 16:15:58.279833+00,DEh77Dy1WBFhokBwZQeiGr9t4ZH6tVFpuPBKG3H7rqBQ,MECHASTALI,live_kill engaged,14.325,winner,1.226,1.503,RISER
2026-07-25 16:21:00.870256+00,AKkL17cyvaopTowZS38oShiJgsDLg7HbafxRsceRqDqj,Milani,live_kill engaged,1.820,dud,1.139,1.298,RISER
2026-07-25 16:21:07.023072+00,H1EujRxpN9QAZCZJYEM6BrLfYxzyg7FEoQPPmo7aZ6nJ,sharkdog,pool 2165 below the 8000 depth floor — no exit at size,2.066,winner,1.304,1.703,RUG_RISK
2026-07-25 16:24:33.262497+00,9sU56eee4Y6qTNLBDJnJvtGmYjohZb3yA41ujGBJaXmG,CXMT,live_kill engaged,1.307,dud,1.127,1.234,RUG_RISK
2026-07-25 16:25:51.815194+00,DNz343aFqJbmUsHfQdzoiyatxwa1XgRxgDo8cKc1J6nv,MECHACOIN,live_kill engaged,4.312,winner,1.119,1.253,BASE
2026-07-25 16:26:49.298217+00,GDy6KaQv64UckYkArk33hgRJo1gDsYVeEtKx6daRpump,Ansemwif,"trigger 1.81× in the sensor slice (>1.65) — paper probes it, live declines (−$1.01/t measured)",2.119,winner,1.393,1.813,RUG_RISK
2026-07-25 16:31:32.961183+00,BqXw7CEB4MgQymYk2dtzjwGojRQxWnqUG19qZaHq8XdG,MECHASTAL,live_kill engaged,4.004,winner,1.135,1.287,BASE
2026-07-25 16:31:46.996658+00,EsyDJi7cp2LWWSLe9EABfDwaQNVPPxE3cwkwuUmdaCUH,MECHACOIN,RUG_RISK — class is not traded (RUG_RISK not formula-qualified: needs crowd-PASS + in-envelope),2.042,winner,1.116,1.244,RUG_RISK
2026-07-25 16:34:10.855553+00,FgU9qcwGkrmmJUnDgxBkk4nddStT2J2gCQBHuCjP4nKt,MECHACOIN,"trigger 1.95× in the sensor slice (>1.65) — paper probes it, live declines (−$1.01/t measured)",2.291,winner,1.397,1.951,BASE
2026-07-25 16:38:56.586939+00,3LNG6qdfq7gNvMcopwU3jecGuN2KfgjpMZMKPZ7JLiEo,MECHASTALIN,pool 2186 below the 8000 depth floor — no exit at size,2.481,winner,1.350,1.821,RUG_RISK
2026-07-25 16:39:43.397816+00,vQiPviiMxKz7Tr98VrP9PQ6aFQSy7km2BwiqFnMp5Wd,MECHACOIN,live_kill engaged,4.268,winner,1.154,1.330,RUG_RISK
2026-07-25 16:46:25.876139+00,38YjphySf4FNZKqJwAT9SqCpTDwPNbFPbEJ1iT4W683F,MECHACOIN,live_kill engaged,1.322,rug,1.131,1.267,RUG_RISK
2026-07-25 16:46:42.9331+00,DFLpc9jRk7dMvFEwsqN2AnYXrqNjoLY28NjMs8faszaY,[invalid],MOON_STEADY — regime gate: 8h paper -20.9% on 16 — benched,1.364,rug,1.168,1.364,MOON_STEADY
2026-07-25 17:03:30.852066+00,7XR7e859DwRh8gKQ9XNA2xxcaPXjGtVVup7wNw7B68v2,MECHACOIN,clone wave: MECHACOIN rugged or still open on another mint <60m — live refuses relaunches (paper keeps exploring),2.085,winner,1.114,1.240,RUG_RISK
2026-07-25 17:03:32.124622+00,ALwknLi6uFjpteAxjuXuxhp8BJ5e1PFK3N83z6syZBc7,neko,live_kill engaged,4.142,winner,1.268,1.608,BASE
2026-07-25 17:06:36.806358+00,5ob99mfHy4EqG9jU9moDr46WmngnL75caNub9vLPVtT1,MECHACOIN,clone wave: MECHACOIN rugged or still open on another mint <60m — live refuses relaunches (paper keeps exploring),3.324,winner,1.231,1.514,RISER
2026-07-25 17:09:01.151998+00,6nL3JpojBmc4cPKbkUXUWtWSARbps7kaoXBA4GmSWSse,Pepita,live_kill engaged,4.510,winner,1.196,1.411,MOON_STEADY
2026-07-25 17:10:33.817913+00,CVNTQA7c5J4A3iHjAj5pt3AuR7XpGtbCDz43WVSkZ2o2,Pepita,live_kill engaged,1.419,rug,1.152,1.281,RUG_RISK
2026-07-25 17:26:28.594712+00,FMwqfLw5KegYLdyScwmwymxDUM9yfAxMe6sAfvPwhcGK,peep,"trigger 1.74× in the sensor slice (>1.65) — paper probes it, live declines (−$1.01/t measured)",3.772,winner,1.320,1.743,RISER
2026-07-25 17:39:47.890192+00,JBfbBWsxW1Bq976rm9t5W81qb6wnaNkgJNuwDSZfzKcb,BlackAnsem,live_kill engaged,15.441,winner,1.223,1.494,RUG_RISK
2026-07-25 17:41:33.483369+00,C372hUwjK5kF4HsXkDrLL196SerzVQUVmjFWgeMDz7aj,Pepita,live_kill engaged,1.343,rug,1.107,1.225,RUG_RISK
2026-07-25 17:42:10.211801+00,63Q2euuY42DAj4LgHpWVevTeDXuaL4sX1oUGSTHrjtts,LEMON.FUN,live_kill engaged,2.604,winner,1.100,1.206,RUG_RISK
2026-07-25 17:42:21.951093+00,2EnmRpnhkSxZxGaXaet8LuAgHpuBwnyisHEnQPY3AuXw,burritodog,RUG_RISK — class is not traded (RUG_RISK not formula-qualified: needs crowd-PASS + in-envelope),2.041,winner,1.098,1.206,RUG_RISK
2026-07-25 17:42:39.210627+00,71p2ghYa6bJ2C4rpG9ARvqJMJtgh5LL3ca4LAJsPGcsx,Pepita,MOON_STEADY — regime gate: 8h paper -20.8% on 18 — benched,2.664,winner,1.253,1.558,MOON_STEADY
2026-07-25 17:45:28.30776+00,BFm79HpjBy7eUWSRrb56PTnu3sbroQ9LNLdn4xobTUkr,sharkdog,live_kill engaged,7.555,winner,1.173,1.377,RUG_RISK
2026-07-25 17:45:28.520203+00,7a9L5QzMwkVAHyyF6vr8eedF5ydg888m6KjjbBYkCW4Q,SD,live_kill engaged,16.110,winner,1.173,1.375,RUG_RISK
2026-07-25 17:46:15.634512+00,C6yZtECJhuxtAwCSs34JjavnWvuMHqw7edqNNG7mMD9Z,soyboy,live_kill engaged,3.615,winner,1.168,1.362,RUG_RISK
2026-07-25 17:56:09.328359+00,7TfJj8kDBvkwsKtDbjr6YiGAHGrnPUzD1kTyusA57hdu,SP500,live_kill engaged,10.773,winner,1.130,1.281,BASE
2026-07-25 17:58:38.34918+00,7ddbnbDLqmLKk9epBhV6D7bzcy5bfCwAvdqRk2G3TUws,SP500,live_kill engaged,2.892,winner,1.140,1.295,RUG_RISK
2026-07-25 17:59:26.072641+00,3mK7GEieQaSUDQ4QMmzSC2Wv9FWwzVY2hYwfNzGhttC6,BWA,live_kill engaged,3.228,winner,1.257,1.578,RUG_RISK
2026-07-25 18:04:56.173506+00,GTDeJFNjoPC51qNJMCVJ1wBW2VmovxUC4huxG5ycxxja,SP500,"trigger 1.96× in the sensor slice (>1.65) — paper probes it, live declines (−$1.01/t measured)",2.910,winner,1.397,1.961,RISER
2026-07-25 18:14:31.782417+00,HdmN4Nq6cP2vUq1Nm6oToTXnVdiEWrvphUFfnZzcnrSg,sharkdog,"trigger 1.96× in the sensor slice (>1.65) — paper probes it, live declines (−$1.01/t measured)",3.880,winner,1.398,1.955,RISER
2026-07-25 18:17:15.817543+00,32Tp9NbDaCXmTiSdQiJqAXDHVsnSRLdExp2cruC6JCFB,DRAGON,RUG_RISK — class is not traded (RUG_RISK not formula-qualified: needs crowd-PASS + in-envelope),30.262,winner,1.301,1.693,RUG_RISK
2026-07-25 18:33:47.005547+00,3mx3SbeU3nfyaRieLn8tv7McPdqJQbwLcGKGr255RnrB,waddles,"trigger 1.85× in the sensor slice (>1.65) — paper probes it, live declines (−$1.01/t measured)",2.074,winner,1.360,1.849,MOON_SLOW
2026-07-25 18:36:18.158627+00,66Y9WcQu6CBdD3t9WdR4J7N1mN2n98EtygJjfzfQuzJ1,sharkdog,pool 2210 below the 8000 depth floor — no exit at size,6.125,winner,1.263,1.595,MOON_SLOW
2026-07-25 18:37:01.965296+00,4MiJvqxKzYh8Nsw68bK1RJZxdCDbmQ7Ya2W8D7PcgKd6,pUP,live_kill engaged,1.801,rug,1.105,1.223,RUG_RISK
2026-07-25 18:41:22.895901+00,37PjSSA6nrmB9inhRp6wRsSqEFBXLnLSqCjyVYcEzCYb,waddles,pool 2118 below the 8000 depth floor — no exit at size,2.552,winner,1.251,1.563,MOON_FAST
2026-07-25 18:46:29.368905+00,EtBdwCGkAVFC1Y6CBwrQjVHGBzEfpRpv79f7Qn5mpump,GPT,inflow 1.11× below the 1.15× band (71% vs 45% win),1.332,rug,1.107,1.201,BASE
2026-07-25 18:49:39.039226+00,2VoL3LzemgQpN2rvYLkoEQx7vBH4q7AMqcEi6UNxCtF3,waddles,clone wave: waddles rugged or still open on another mint <60m — live refuses relaunches (paper keeps exploring),5.473,winner,1.142,1.303,RUG_RISK
2026-07-25 18:52:21.548739+00,29iXFE3M6wLDHL7yC5LYpBMWFfFPthsYJ83QMBiXJCpE,waddles,pool 1898 below the 2500 depth floor (smart-money floor) — no exit at size,1.894,rug,1.148,1.319,MOON_FAST
2026-07-25 18:54:04.299363+00,n9i3mXGmdJG3XPDpR1zJ9RixxiHTdGH42Nfb6ZaKWtU,AI,live_kill engaged,3.003,winner,1.100,1.210,RUG_RISK
2026-07-25 18:58:38.089938+00,3uEjbPVD9kTm6jeF2rQ2HqQfKYRRp1FSx94uV6TYm4KN,TRUMPCOIN,live_kill engaged,1.388,rug,1.112,1.236,RUG_RISK
2026-07-25 19:02:02.726463+00,4faCM9YudyZkHB3d451VsL45xp7u16M46gFEmYEJBmR6,waddles,clone wave: waddles rugged or still open on another mint <60m — live refuses relaunches (paper keeps exploring),14.295,winner,1.175,1.383,RUG_RISK
2026-07-25 19:05:17.36603+00,G2qJ4EAk4qWt383wXhKvbkY2Jtd6Wd98wKr1Dv9wDbqJ,StockSIM,live_kill engaged,3.060,winner,1.134,1.281,RUG_RISK
2026-07-25 19:09:09.74012+00,45Xv5aLmpRn87ciLkyHtrQj73uZgQnwLpPe7qAUGwqE5,SPR,live_kill engaged,11.081,winner,1.135,1.289,RUG_RISK
2026-07-25 19:09:26.540268+00,44e8PtEvdtCJRHpPtCVik6ZFrYfqkyN7afh7NESxRxu3,Ansemwif,RUG_RISK — class is not traded (RUG_RISK not formula-qualified: needs crowd-PASS + in-envelope),2.223,winner,1.306,1.707,RUG_RISK
2026-07-25 19:09:58.269055+00,9QnfbzvWymECSF3exUA3bYAAu8sfi6TDLrCFSzmaZVcs,Jay,pool 2083 below the 2500 depth floor (smart-money floor) — no exit at size,5.279,winner,1.272,1.619,MOON_STEADY
2026-07-25 19:22:18.755811+00,9wkT6yFntUcjFZoQ8N97K1wcisH4LjVFYFdoqgFBcJgW,MUMU,RUG_RISK — class is not traded (RUG_RISK not formula-qualified: needs crowd-PASS + in-envelope),1.703,dud,1.250,1.494,RUG_RISK
2026-07-25 19:23:58.254007+00,5KePa4rze6Thf23W8fN3HmRksvBhh6s3pibKxuvt6yG7,waddles,clone wave: waddles rugged or still open on another mint <60m — live refuses relaunches (paper keeps exploring),3.452,winner,1.429,2.042,MOON_STEADY
2026-07-25 19:27:03.822905+00,8yHvuETSTH5LdEsbSh9LpwoavxQthtjcS31Pv6EDpump,PAPERBRAIN,RUG_RISK — class is not traded (RUG_RISK not formula-qualified: needs crowd-PASS + in-envelope),1.727,rug,1.133,1.252,RUG_RISK
2026-07-25 19:27:50.938353+00,68srhAARDbuQVYWZaLRQdmSRghCkcPU9Fp8Dh7JMU4Ce,酷酷来,MOON_STEADY — regime gate: 8h paper -28.2% on 17 — benched,2.191,winner,1.386,1.921,MOON_STEADY
2026-07-25 19:42:54.203976+00,4gmDCkeDhj9CvTANP1Z65U6CiDDV3rCd4iDUiCoqwwQj,bull,live_kill engaged,3.279,winner,1.116,1.246,MOON_SLOW
2026-07-25 19:48:53.461879+00,8MUBJygyyLHCxwX2H5ECXoCh5GBo73UjqhWEttQrBeLm,Ansemwif,RUG_RISK — class is not traded (RUG_RISK not formula-qualified: needs crowd-PASS + in-envelope),12.989,winner,1.313,1.726,RUG_RISK
2026-07-25 19:51:11.522667+00,LUYoCUYfwgbRenHf6Y1LTQT62iRmKnj8XtRNquupump,Bull,live_kill engaged,1.533,rug,1.185,1.367,MOON_STEADY
2026-07-25 19:52:02.389007+00,BbdDKUbiKCkmrH5a6SPbXRcZ5xxwWGSzySzituK8PiKC,bull,RUG_RISK — class is not traded (RUG_RISK not formula-qualified: needs crowd-PASS + in-envelope),23.140,winner,1.342,1.800,RUG_RISK
2026-07-25 19:52:48.043185+00,GbCYkcCFPJ1oAhJQePcr2Ytz1kLL6F1rWX3FiuRXdS5W,Scooby,live_kill engaged,12.112,winner,1.109,1.230,BASE
2026-07-25 19:55:11.064979+00,MeDy6nEaqwRs6g8bDuthTrMJfV8WEQDHA7bSHm3pump,Tiana,"trigger 1.73× in the sensor slice (>1.65) — paper probes it, live declines (−$1.01/t measured)",2.647,winner,1.356,1.732,RUG_RISK
2026-07-25 19:55:26.137301+00,EyJpSxBB1dqFfKs3Gun9pzYpDyzs9ubxnKsGfekdZRMY,Ansemwif,RUG_RISK — class is not traded (RUG_RISK not formula-qualified: needs crowd-PASS + in-envelope),1.594,rug,1.178,1.388,RUG_RISK
2026-07-25 19:57:13.251506+00,3XfwYbhw23F8CfiHvMaq98qQfvmU6iGdKn9hAUGwggUU,Tiana,live_kill engaged,13.692,winner,1.167,1.323,MOON_STEADY
2026-07-25 20:01:50.683393+00,Bu8jSKpxfnbdpJd8oKE928UXDYmXRCHzM6eJFzCzvZqx,bull,live_kill engaged,2.583,winner,1.145,1.312,RUG_RISK
2026-07-25 20:07:32.182127+00,8JH7GW7z2ctBRVhzYxXtRFUvcvPCTKPQpqS2GPJYfZxY,bull,RUG_RISK — class is not traded (RUG_RISK not formula-qualified: needs crowd-PASS + in-envelope),1.834,rug,1.354,1.834,RUG_RISK
2026-07-25 20:13:13.329495+00,2dULp5ES4XU8hRy89C1iKW8UTBuhDqciq1692y2yoMxW,Tiana,live_kill engaged,8.278,winner,1.152,1.327,RUG_RISK
2026-07-25 20:19:09.377351+00,W3L5sctNGfb97TzJaW5uuJ78kyzj1QZkubdWLy3UKJL,Tiana,pool 2271 below the 2500 depth floor (smart-money floor) — no exit at size,5.462,winner,1.392,1.941,MOON_STEADY
2026-07-25 20:27:53.27904+00,Fz86DCEUC3YBnqiJCMkgF8Vn4ySo7epTxCybP15WocNb,Tiana,"trigger 2.02× in the sensor slice (>1.65) — paper probes it, live declines (−$1.01/t measured)",8.767,winner,1.422,2.021,RISER
2026-07-25 20:36:09.501899+00,9rvMwnKbMonwwY88XFrrq2CWbFwYVypkjwsojhtzcSej,bull,pool 2004 below the 8000 depth floor — no exit at size,18.879,winner,1.296,1.685,MOON_SLOW
2026-07-25 20:41:45.401006+00,GV2QQyB2pd1p748JBQQW2sH65ffsHjv4RWJkCS6KE9DR,bull,RUG_RISK — class is not traded (RUG_RISK not formula-qualified: needs crowd-PASS + in-envelope),1.788,dud,1.244,1.529,RUG_RISK
2026-07-25 20:50:58.441799+00,BfDFJdY5ZTQ3zbcoqPVvmxqPY6A9q8nrWxmg2KLbbtJ5,Ferret,live_kill engaged,7.336,winner,1.101,1.212,RISER
2026-07-25 21:11:15.565707+00,AUDupcBnWpYytPDiho6LiR1oZBFNiE7UJgkTpnvc8f4Z,waddles,RUG_RISK — class is not traded (RUG_RISK not formula-qualified: needs crowd-PASS + in-envelope),1.711,dud,1.170,1.330,RUG_RISK
2026-07-25 21:19:17.20724+00,6kjEmFrnjx6nANZmHfwxEc9bLNEH61fPoKh31DyfqpEP,Alycia,live_kill engaged,1.716,rug,1.152,1.328,BASE
2026-07-25 21:23:11.515495+00,5jUrdzLt2pR1AmKkQFTfQDrCHmU7SadB7GD92nnL6tF6,Alycia,"trigger 1.90× in the sensor slice (>1.65) — paper probes it, live declines (−$1.01/t measured)",2.863,winner,1.378,1.900,BASE
2026-07-25 21:23:29.893643+00,9vy57WrTm2qvjeLTyxSG7F58wPAF2vaCJdeYPjo2VAnU,BANANA,live_kill engaged,2.171,winner,1.196,1.382,MOON_STEADY
2026-07-25 21:30:18.295543+00,9HGh9DrtpK5F3wBajHEmSgkzDwoptQzceFKgmETcvyMW,BANANA,"trigger 1.90× in the sensor slice (>1.65) — paper probes it, live declines (−$1.01/t measured)",9.369,winner,1.378,1.896,RISER
2026-07-25 21:32:14.51422+00,FpSH9YniQQFbJ9vwjxqsNHA7DNfecJEWiREFseb6pump,ASPCA,RUG_RISK — class is not traded (RUG_RISK not formula-qualified: needs crowd-PASS + in-envelope),2.126,winner,1.155,1.292,RUG_RISK
2026-07-25 21:32:54.801211+00,5CPugbMTcUi3r7TotmNsUMjTfoAkAr6EXKmyG5cmsf8t,Ferret,clone wave: Ferret rugged or still open on another mint <60m — live refuses relaunches (paper keeps exploring),1.379,rug,1.113,1.239,MOON_STEADY
2026-07-25 21:38:18.16097+00,2mjoye2g2UQydjxCy21osRELW5FyUD7suUnr3y2nPZmH,GME,live_kill engaged,3.224,winner,1.179,1.390,RUG_RISK
2026-07-25 21:40:44.532186+00,CMYDnSTDSBbc2DMpkoH3naxGmJZbAajG5HmAKZAZvzdG,GME,RUG_RISK — class is not traded (RUG_RISK not formula-qualified: needs crowd-PASS + in-envelope),2.819,winner,1.384,1.817,RUG_RISK
2026-07-25 21:46:30.051173+00,2dUspXu8ABDBiUGE6bsCQKAS8Nbn7AuifvL5qqYHPeTW,GME,RUG_RISK — class is not traded (RUG_RISK not formula-qualified: needs crowd-PASS + in-envelope),4.031,winner,1.156,1.336,RUG_RISK
2026-07-25 21:59:11.195919+00,69SC3iNWHBpKsW4Ciy7vKoqSi3pA77HfmVHEL82gQMrs,DISHWASHER,live_kill engaged,19.976,winner,1.108,1.227,BASE
2026-07-25 22:00:45.786785+00,5bm9MKhdBvpQhRszW4FP8djkgh6kDTBtKdbBPmfKAAQR,GME,live_kill engaged,2.221,winner,1.121,1.254,MOON_STEADY
2026-07-25 22:01:29.114638+00,6Wpea7XovHsJFfuDT8fZs7pqghpQwCMpfHE2XJ3dskpY,TA,MOON_STEADY — regime gate: 8h paper -24.5% on 18 — benched,1.785,rug,1.336,1.785,MOON_STEADY
2026-07-25 22:13:07.703514+00,CeaTgNR3PDFZ8ZDVoLd5gQGSzRYgia65DcYA49FJ7vLE,FOMO,live_kill engaged,6.668,winner,1.102,1.214,RUG_RISK
2026-07-25 22:15:57.156606+00,q4g5GVC7gADW2wyPdyDT5B5e1PwFz6eFq6wdrkFheiD,X402WORMS,pool 2011 below the 2500 depth floor (smart-money floor) — no exit at size,8.425,winner,1.231,1.514,MOON_STEADY
2026-07-25 22:18:18.225178+00,76a3vBmJKtzFRXrRw5AWUkCYhrDjtjkZneGLyTqEQQid,BUNKEE,live_kill engaged,1.434,rug,1.181,1.393,RUG_RISK
2026-07-25 22:23:51.061549+00,3n6ojto4Pk4kjKF9rgEgVkpRRRna9KfbYYkBETFzEoc1,Lucy,RUG_RISK — class is not traded (RUG_RISK not formula-qualified: needs crowd-PASS + in-envelope),6.612,winner,1.108,1.231,RUG_RISK
2026-07-25 22:30:16.85254+00,31Q4uPpveo7tdQB5XRFGGEEfqd6TXSYbPkiTkev1KsKm,Cupsey2028,live_kill engaged,5.335,winner,1.178,1.387,RUG_RISK
2026-07-25 22:30:44.635328+00,Gp6Bcc5ArJXqf7XsJCuE2L4hsxjNFFDaxAy7vwyFim1h,UP,RUG_RISK — class is not traded (RUG_RISK not formula-qualified: needs crowd-PASS + in-envelope),1.816,rug,1.305,1.597,RUG_RISK
2026-07-25 22:32:08.60426+00,EnkW7DjFQ4uy23ip4bG7DuxLsCfhDEVDZgMCnUJpump,UP,RUG_RISK — class is not traded (RUG_RISK not formula-qualified: needs crowd-PASS + in-envelope),1.876,rug,1.141,1.266,RUG_RISK
2026-07-25 22:49:24.697096+00,2LeeFYEBuGhWNDwHYEDwTYJp9mYx4MJQEhiB2D74uZ3w,GME,live_kill engaged,2.968,winner,1.100,1.210,MOON_STEADY
2026-07-25 22:50:43.935886+00,G7fpKvEeCVJNbRTkxqQKnQfVxstL9YkMs3Wzcru1X9Mc,Lucy,live_kill engaged,2.031,winner,1.210,1.463,RISER
2026-07-25 22:54:12.249566+00,2VtoezXYYgLYZdfdp2DzBmBDMKeAcp8vrkLhjWSEA6Yt,Elon,MOON_STEADY — regime gate: 8h paper -4.0% on 18 — benched (hysteresis holds),3.437,winner,1.277,1.632,MOON_STEADY
2026-07-25 23:03:26.661063+00,6GjpQKsCsmScGVs4J4yUr1Qu2MWx1y5SR6cUJ5Rzpump,Rex,live_kill engaged,1.805,rug,1.285,1.548,MOON_SLOW
2026-07-25 23:05:54.543631+00,6ERr6SwPsnGznEu4y4zxmPgas5jUgGy6DTFw7Ny9GWx7,Rex,live_kill engaged,5.989,winner,1.168,1.363,RUG_RISK
2026-07-25 23:07:28.968557+00,HxeaVhC7cyjt21JZEpaHKVUDzDYEycYGfCvL7LDfcze5,X402WORMS,pool 2259 below the 8000 depth floor — no exit at size,1.909,rug,1.369,1.873,MOON_FAST
2026-07-25 23:12:39.979548+00,BHuY25Sqexfe4WakxephEmJdCAEb2sQoMYxpFU7MUbBT,GUS,live_kill engaged,2.351,winner,1.129,1.275,RUG_RISK
2026-07-25 23:12:58.577335+00,Fs8zBFRNAvgWsVDDbXCh1BDUL5cG95bSnQmASG7DV5q9,X402WORMS,pool 2005 below the 2500 depth floor (smart-money floor) — no exit at size,1.224,rug,1.100,1.209,MOON_FAST
2026-07-25 23:13:53.240379+00,6Xh1ywG4So3n9YR9q9UaCdsowFSEHcEZCri8u23W7wXp,GUS,live_kill engaged,18.523,winner,1.210,1.465,BASE
2026-07-25 23:14:44.070122+00,CcovxceCquxsBmBfZTwTHM1Axoi3wtui5kG9FgdWAvre,VADER,live_kill engaged,2.996,winner,1.201,1.444,RUG_RISK
2026-07-25 23:17:03.632399+00,Hm9WbYwNq9oYxroXrVGHqMJWFhP5vBHbzmYbvR7yFKHr,GUS,RUG_RISK — class is not traded (RUG_RISK not formula-qualified: needs crowd-PASS + in-envelope),1.650,rug,1.265,1.600,RUG_RISK
2026-07-25 23:17:34.021622+00,5PJJETScrhPuNRTZVW1xpPyvwj3GTihnNvcg1hm8exQh,X402WORMS,pool 2086 below the 2500 depth floor (smart-money floor) — no exit at size,2.686,winner,1.170,1.369,MOON_VIOLENT
2026-07-25 23:20:13.439484+00,7rSpKgASuXN5hfw3jsKNZN6ysNCR1Eixb2PD2Nd9pump,Cog,live_kill engaged,10.140,winner,1.281,1.573,RISER
2026-07-25 23:25:51.849984+00,8gYtGLehzYQDYosiX21LWrN6ZayB8cPV43ChG32rL2zg,Cog,inflow 1.11× below the 1.15× band (71% vs 45% win),6.194,winner,1.110,1.231,MOON_STEADY
2026-07-25 23:30:07.173492+00,GWMXqMEEMse5T2X2dXGqxUvueTrdWDfeq6DELWx1mi97,GUS,pool 2300 below the 2500 depth floor (smart-money floor) — no exit at size,14.120,winner,1.410,1.979,MOON_STEADY
2026-07-25 23:33:04.465357+00,3H6UzHMLFizZA3rhEuxSeVr36ccmBDHgXAau9DELixcz,Cog,"trigger 1.65× in the sensor slice (>1.65) — paper probes it, live declines (−$1.01/t measured)",6.730,winner,1.286,1.654,RUG_RISK
2026-07-25 23:37:00.708604+00,2sn1p8XWWmmYXQfGGbBfmiCcKfe9JTLCa6jg5zLk2uxf,Cog,live_kill engaged,6.882,winner,1.233,1.484,BASE
2026-07-25 23:42:31.98807+00,BKY1FXNmAyUB2ZuqqKZEmfaBuS5nwmnbKtvXZnJLmJYd,Cog,RUG_RISK — class is not traded (RUG_RISK not formula-qualified: needs crowd-PASS + in-envelope),2.500,winner,1.315,1.730,RUG_RISK
2026-07-25 23:43:16.658556+00,C8mBqX1gNyHbmbKziTwZKz5MwaDD1mhgEoPi3PbtzXRB,Moneyless,live_kill engaged,3.604,winner,1.169,1.366,RUG_RISK
2026-07-25 23:44:02.648507+00,4nHB34Q2NCw5fBVqCN9Lpxme7ZmxjTVR7jSY7vzksWdG,Cog,live_kill engaged,1.912,rug,1.205,1.451,RISER
2026-07-25 23:49:46.589139+00,EESeo8THJsKiLCxVtd3X4fzybHcPWT2o8CNtCywRp64L,CROW,RUG_RISK — class is not traded (RUG_RISK not formula-qualified: needs crowd-PASS + in-envelope),2.482,winner,1.472,1.984,RUG_RISK
2026-07-25 23:50:33.382492+00,4jk3LzUBN2hgyhFuhCEGrPiZJufiBUynbGB3oB5B6oJX,USDP,pool 1990 below the 8000 depth floor — no exit at size,1.576,rug,1.182,1.397,MOON_STEADY
2026-07-25 23:50:38.877028+00,3VgHfcurKgPJiUFNgq4uYfaH5Y4EFerVFxw51LeQ9t7A,Dat,pool 1730 below the 8000 depth floor — no exit at size,1.761,rug,1.203,1.448,MOON_STEADY
2026-07-25 23:54:45.368376+00,8ZBL688pbf1jNQTFig3yYnrjfBihnAFspfNELWuxthTY,Thumbelina,inflow 1.11× below the 1.15× band (71% vs 45% win),1.512,rug,1.112,1.237,MOON_SLOW
2026-07-25 23:59:08.103568+00,3uNAXX3M14e5aV5XdGPxsgKPzVV5kYDdCRQTPowhJzfV,BNB,live_kill engaged,5.271,winner,1.101,1.213,BASE
2026-07-25 23:59:10.499022+00,Bt59BaLnL4zh9g76wmCRbhF82MosBNkeARC5zXCaGYd9,BRODIE,live_kill engaged,1.788,dud,1.109,1.228,BASE
2026-07-26 00:01:03.133892+00,J61aroxNc3G5GEGMkgfd11pQLhoBMgwHc74yuud1NqEa,索拉米,pool 1903 below the 8000 depth floor — no exit at size,3.543,winner,1.165,1.357,MOON_SLOW
2026-07-26 00:02:18.808487+00,CLBr2Pt66jsCBjw1Q8JXbc7X6odrtuy1Bgtr6n5tL6jP,Cog,live_kill engaged,12.700,winner,1.255,1.578,BASE
2026-07-26 00:17:26.836537+00,3XrvvCY7A2sMsTMurbx6sMHXkbYpZbR1HnE9JSTdpump,realcoin,MOON_STEADY — regime gate: 8h paper -7.9% on 20 — benched,3.241,winner,1.432,1.925,MOON_STEADY
2026-07-26 00:19:04.295496+00,J3DHhgnEhAF7RwmY645wv7gRuuB3mSjUyuY9ca7FX7JD,ELON,live_kill engaged,1.712,rug,1.218,1.482,RISER
2026-07-26 00:21:28.552061+00,6Bk57s19qYdns33LCsjDnMrY7QFbiXyRiY7qDwQZTW2o,AntiTrump,live_kill engaged,8.362,winner,1.138,1.294,RUG_RISK
2026-07-26 00:23:46.202181+00,5x7Lz4WU1rNuRNcVjNtJ1BintEqRkNjcG6TxWtkMVews,PandaAI2,live_kill engaged,4.605,winner,1.169,1.364,BASE
2026-07-26 00:37:17.658622+00,7k2godbxJc7z1BUo7fEKzVDWNfBVPnkny3u6VLN4CNkp,Bee,live_kill engaged,2.257,winner,1.189,1.415,RISER
2026-07-26 00:40:02.845749+00,ANPjqAtvqtVqE1r2Xo3JzTeRACvMJvcpUzsLaUxWr2h6,Pancake,live_kill engaged,4.088,winner,1.124,1.236,BASE
2026-07-26 00:48:40.400997+00,DGGktXwLkxRNC4f4ra2QnsRJ1QWKJfQBQbNzTbLmT7nf,ALYCIA,MOON_VIOLENT — regime gate: thin sample (1) — waiting for paper to prove the turn,1.256,rug,1.223,1.252,MOON_VIOLENT
2026-07-26 00:51:37.000523+00,2LVPMGnTUFjtKQckLmecEBxhukZSvKmW87kBviHoXY11,Andy,live_kill engaged,2.854,winner,1.101,1.210,RUG_RISK
2026-07-26 00:51:56.788493+00,7NZRiW36GUL3vZEWG4Hu69R1mCWxSoDhpmDLJdQy8ZJb,Bee,live_kill engaged,2.684,winner,1.106,1.225,RUG_RISK
2026-07-26 01:03:24.187995+00,B3HVYWQnS4wK4tjWrz3xq29fq9GV14PpjPEBXtepnJvo,Bee,pool 2077 below the 8000 depth floor — no exit at size,2.741,winner,1.268,1.607,MOON_FAST
2026-07-26 01:08:52.828253+00,5opF19E6RgppbwGYkSJ92foVP8REtGXMdsgmtePAnXyL,GOJIPOWER,pool 2499 below the 8000 depth floor — no exit at size,6.814,winner,1.317,1.735,MOON_STEADY
2026-07-26 01:14:24.640661+00,BscNc2xi6eJUmTZ8xFXmWC7jXcihyiDxz8qkZNBspump,pumpcat,RUG_RISK — class is not traded (RUG_RISK not formula-qualified: needs crowd-PASS + in-envelope),2.118,winner,1.378,1.786,RUG_RISK
2026-07-26 01:29:23.935698+00,FQ3vbQJUjTPiYUi6nnaQCK6HL88EJmHMCXM8svmdwvFr,pumpcat,live_kill engaged,4.278,winner,1.234,1.523,RISER
2026-07-26 01:32:35.407788+00,XRRYUspHipkhEMatKfPhYMn42pA9v9L7cvwQGRFA53a,GLC,"trigger 1.67× in the sensor slice (>1.65) — paper probes it, live declines (−$1.01/t measured)",1.965,rug,1.332,1.669,RUG_RISK
2026-07-26 01:34:04.351583+00,4QpuTUwNEGbNvUgt5MiQmaL5HGBxwbhs5SkH4v9QCHob,pumpcat,live_kill engaged,4.633,winner,1.151,1.325,BASE
2026-07-26 01:34:09.179941+00,BzutA7i5uCBpMJ75ugkkXYqeCeGBDdGhjAMPt4PQsiRc,CAMEL,live_kill engaged,2.447,winner,1.112,1.235,RUG_RISK
2026-07-26 01:35:41.359257+00,348XwoKzKyk5ggnikx9pJJrmsWLrZZ6FHKccs8gLpump,popdeng,MOON_STEADY — regime gate: 8h paper -8.3% on 20 — benched,1.675,rug,1.255,1.508,MOON_STEADY
2026-07-26 01:38:15.232284+00,A3JJWBJtE9ghF5sLM2yancVQndQfLuPh1W9E55Y8q4k3,Cog,live_kill engaged,7.502,winner,1.158,1.339,BASE
2026-07-26 01:38:50.032492+00,CL8TVzrZUFkhQRJWgxf4DtZZCHq6G8VmAR3Jsd9wFiNY,GLC,"trigger 1.91× in the sensor slice (>1.65) — paper probes it, live declines (−$1.01/t measured)",10.396,winner,1.384,1.914,BASE
2026-07-26 01:38:50.397194+00,4z4UduHpzoSPjsw17q7G9PPDqAGsf3giZKCZjdCpGxbi,Alycia,live_kill engaged,3.957,winner,1.238,1.519,BASE
2026-07-26 01:46:01.809954+00,64H8TqCcuRPokbFkGm6gqnMA6qcQzhqoQoU17zcTHo2N,Cog,live_kill engaged,12.987,winner,1.306,1.648,RISER
2026-07-26 02:11:20.927475+00,G495hExk64CiaQhPCYLL6CXSJSHugrGDRFsMHwfk2cpt,sharkdog,live_kill engaged,3.425,winner,1.136,1.289,BASE
2026-07-26 02:12:04.371258+00,3qdq4Z7YnvgTKHtTyCcxFstZ815dEqyh1w6FVmGmpump,Kys nigger,RUG_RISK — class is not traded (RUG_RISK not formula-qualified: needs crowd-PASS + in-envelope),1.925,rug,1.323,1.674,RUG_RISK
2026-07-26 02:20:11.99876+00,3Wpef19XrQcnoZQbZh7NN8SJkLiQbnsHbXc9YFfnebJJ,ANSEM,"trigger 1.89× in the sensor slice (>1.65) — paper probes it, live declines (−$1.01/t measured)",14.880,winner,1.375,1.891,BASE
2026-07-26 02:24:04.591247+00,2HRfQBjwUykzKEv5hWeBdrr4nUP7BDuqS7mr125qcsCc,VDC,RUG_RISK — class is not traded (RUG_RISK not formula-qualified: needs crowd-PASS + in-envelope),2.246,winner,1.149,1.316,RUG_RISK
2026-07-26 02:27:57.925013+00,863DpSytrts9JfcaUEM2t2jWm8CtXR8nJ5Y5Zzw5QfmJ,BRUNO,live_kill engaged,4.033,winner,1.130,1.275,RUG_RISK
2026-07-26 02:27:58.1436+00,HGVVkt3pRNNFqYKyG2uazv7WvZuBQXHUgSoSoPyRd22x,DeepSeekAI,RUG_RISK — class is not traded (RUG_RISK not formula-qualified: needs crowd-PASS + in-envelope),1.313,rug,1.134,1.285,RUG_RISK
2026-07-26 02:32:40.905489+00,HjCdgq23rf5TpEN7rUrXfSTU4zeNqp6VDzE5iGzYyYQ8,BRODIE,live_kill engaged,1.690,dud,1.137,1.255,RUG_RISK
2026-07-26 02:33:28.729616+00,73qinWbMGTTXoCPbAD2Da3ynozmMGjWFmSQxf27JHcNh,DeepSeekAI,RUG_RISK — class is not traded (RUG_RISK not formula-qualified: needs crowd-PASS + in-envelope),11.872,winner,1.120,1.255,RUG_RISK
2026-07-26 02:34:55.960054+00,DdeVHhNAJ7f14fECDqbnXwhKFzkpi97Lr2fj1M8Bpump,SWIFL,live_kill engaged,1.312,rug,1.156,1.298,MOON_STEADY
2026-07-26 02:44:29.644569+00,HT3cFb8ohxsFiFWLwsabxXeeKY7ZQCiEG15ycrXkNqv,CXMT,inflow 1.11× below the 1.15× band (71% vs 45% win),2.530,winner,1.106,1.206,BASE
2026-07-26 02:47:18.687255+00,8KN7Q1G88UsJbK6SLpS1WZVEUfS2MsuqxgeQVd6Q89oU,LOLA,"trigger 1.77× in the sensor slice (>1.65) — paper probes it, live declines (−$1.01/t measured)",2.961,winner,1.331,1.771,BASE
2026-07-26 02:50:26.689796+00,9ukTPv7Jxd9nwiX4o9EA3Gm6gK95VERHH5rp5Hjypump,SWIFL,"inflow 1.19× below the 1.2× floor — sub-envelope crowd-pass ran −$0.81/t at size (F3 floor, ratified; paper probes it)",6.156,winner,1.194,1.380,BASE
2026-07-26 02:54:26.51236+00,DhJuwov1JuqyFC5YEwH8GCUxYFw7SxZGiJbEDCYMLuqG,gato,live_kill engaged,3.962,winner,1.112,1.237,RUG_RISK
2026-07-26 02:58:21.947369+00,zheC3kA4ypd3J8qYWTfLfk3B9ddeEBGiLzGASWtsoiE,sc,live_kill engaged,2.783,winner,1.144,1.306,RUG_RISK
2026-07-26 03:07:50.573508+00,646emPQ9F7A7VKNHrmDcKptVuz3c4oMr8ZRHmdzVRbRx,sc,"trigger 1.74× in the sensor slice (>1.65) — paper probes it, live declines (−$1.01/t measured)",5.490,winner,1.321,1.745,RISER
2026-07-26 03:12:34.379312+00,5pxmRUdLEwSmngczgZyVUEKgayb7cvvDSkhs4sRbsj9g,fuck,RUG_RISK — class is not traded (RUG_RISK not formula-qualified: needs crowd-PASS + in-envelope),14.786,winner,1.131,1.280,RUG_RISK
2026-07-26 03:18:06.936865+00,9pCftJxR9fFa6uSuMpvwyCxQFUoupWoGUb8rKp7jMyng,Bee,live_kill engaged,16.344,winner,1.247,1.554,MOON_SLOW
2026-07-26 03:18:07.936395+00,UoRgEfFVrXwomZkiJK7QKg1tqsbJi3L45KQo7wCvLi7,Rick,live_kill engaged,1.745,rug,1.282,1.643,RISER
2026-07-26 03:26:14.515579+00,2uuidaZU3f5kRQEsz8wBg7CvjcJ1RXaFdKC7AtYhToiY,/DREAM,RUG_RISK — class is not traded (RUG_RISK not formula-qualified: needs crowd-PASS + in-envelope),1.606,rug,1.116,1.244,RUG_RISK
2026-07-26 03:27:25.755159+00,9dWNasG7D5D54F8XuLKfPSZ6MSXhRK1KvKnTrD5J4VnN,/dream,live_kill engaged,5.087,winner,1.097,1.203,RUG_RISK
2026-07-26 03:31:22.674385+00,HQMD3VZM3nWhNAwVKKk4jzdFBQW5heweL7pSCJrVhrwK,/dream,live_kill engaged,3.165,winner,1.149,1.321,RUG_RISK
2026-07-26 03:39:16.25377+00,EjoDGcXkssYR4PFfL2bU8EYJqG38N13nyHazX1yY6mnT,PapErclip,"trigger 1.66× in the sensor slice (>1.65) — paper probes it, live declines (−$1.01/t measured)",5.488,winner,1.296,1.660,BASE
2026-07-26 03:39:16.863262+00,qydQ3j1vGoHKai3yzv88PWGz49VkKftmZDfZaxVqJ4k,/dream,live_kill engaged,2.802,winner,1.124,1.251,RUG_RISK
2026-07-26 03:45:06.186735+00,5ksUcuk9uN4BVmv6HdhLJsm28nsCSsFGigbWzrsodFb2,/dream,RUG_RISK — class is not traded (RUG_RISK not formula-qualified: needs crowd-PASS + in-envelope),1.798,dud,1.097,1.203,RUG_RISK
2026-07-26 03:47:09.367869+00,23dsM2U5a6TDurq2FRWXpuMjDA7ZQTH8ELBHYUiHABXA,fuck,live_kill engaged,2.830,winner,1.230,1.490,BASE
2026-07-26 03:58:01.995071+00,Kfh8VhKjMPt1U3zapmrYBqCJg3GniVMRdWs9rcR3q1b,/DREAM,pool 2096 below the 2500 depth floor (smart-money floor) — no exit at size,3.580,winner,1.275,1.621,MOON_FAST
2026-07-26 04:23:08.618312+00,AH3ozgSBKuzZbKGbJK5u57eSWQe1QbfyY4sFBkCGfja8,fluffy,RUG_RISK — class is not traded (RUG_RISK not formula-qualified: needs crowd-PASS + in-envelope),1.942,rug,1.133,1.284,RUG_RISK
2026-07-26 04:52:20.710035+00,BcbuAEmVwQ4QWBNn1KQxcsJnpH39LGE76apE6XxQpump,BullPad,RUG_RISK — class is not traded (RUG_RISK not formula-qualified: needs crowd-PASS + in-envelope),8.331,winner,1.327,1.665,RUG_RISK
2026-07-26 05:07:17.179992+00,FJfy3jwnvT7mBKjfRHZCGuHd7MzNAQDdgCpbW4Tu1uae,BullPad,entry retry refused — price ran >10% since first quote (chase guard),1.982,rug,1.096,1.200,MOON_SLOW
2026-07-26 05:07:23.334465+00,JBkf54vL7eWLAUoEVmRXFJb5Rwz9Xn3V8fV1ySEigEys,SYDNEY,MOON_STEADY — regime gate: 8h paper -28.9% on 15 — benched,5.167,winner,1.382,1.910,MOON_STEADY
2026-07-26 05:13:33.165818+00,EoRvNkGpVyCXebNcauUcmzCC1VWPR57RV2Vo9Gvo5C1G,BullPad,entry retry refused — price ran >10% since first quote (chase guard),10.996,winner,1.273,1.620,RUG_RISK
2026-07-26 05:13:56.783861+00,2Yuhfj9NLMCLrJTApCvxwYVgikXrorZfoFD858vvQsZq,1,RUG_RISK — class is not traded (RUG_RISK not formula-qualified: needs crowd-PASS + in-envelope),1.779,dud,1.105,1.219,RUG_RISK
2026-07-26 06:28:09.087515+00,5uxihJgDDBZwh7CVJBZtFFbNEiki3wXozv1gcC5qpump,PSYBULL,"trigger 1.88× in the sensor slice (>1.65) — paper probes it, live declines (−$1.01/t measured)",6.142,winner,1.423,1.885,BASE
2026-07-26 06:34:19.243744+00,6gQWsyiJ1ktAWdtdhNAEjVWRwWGQ4txQ4r3U7PJHkssz,Boss,clone wave: Boss rugged or still open on another mint <60m — live refuses relaunches (paper keeps exploring),4.741,winner,1.113,1.237,MOON_SLOW
2026-07-26 06:46:13.174091+00,7PqXVhDAdGyQDVozwBtMfLPd5Z5unEDrM71rp495rCoQ,Miu,RUG_RISK — class is not traded (RUG_RISK not formula-qualified: needs crowd-PASS + in-envelope),1.635,rug,1.125,1.266,RUG_RISK
2026-07-26 06:50:10.333927+00,9xNDSn34yQ8ncQSKZPj4vMPCWDjUZc6Paj2iFnAbrCNi,Bruno,"trigger 1.72× in the sensor slice (>1.65) — paper probes it, live declines (−$1.01/t measured)",11.744,winner,1.313,1.722,RISER
2026-07-26 06:53:17.688193+00,FQUzN4Zrua4xAfhLuHpufrho5qVEikvKohiENSitpump,Clavicular,RUG_RISK — class is not traded (RUG_RISK not formula-qualified: needs crowd-PASS + in-envelope),2.021,winner,1.118,1.218,RUG_RISK
2026-07-26 07:09:48.942921+00,D95b8fts8djzEbHSqGcS8tUBLXDefbCk91VMmpCCpump,DINO,inflow 1.13× below the 1.15× band (71% vs 45% win),1.382,dud,1.130,1.241,MOON_SLOW
2026-07-26 07:54:17.149047+00,7eyUNHzJ6Tb4B2aH2iFbWWYH8ZspaYmrs7wbKr5F6fKX,BUSTER,pool 2319 below the 8000 depth floor — no exit at size,18.401,winner,1.387,1.924,MOON_STEADY
2026-07-26 08:28:03.639884+00,4fjxBswNYDqWsK29EKyco3gRxvfFNcK6oP7CsxSUwzvG,Tempo,RUG_RISK — class is not traded (RUG_RISK not formula-qualified: needs crowd-PASS + in-envelope),2.345,winner,1.136,1.291,RUG_RISK
2026-07-26 08:28:44.546543+00,EnktuB6Qg1YwXZjtGLMnX85qfWuu1RPuQKe79Ja4B6x8,SMOKED,pool 2051 below the 8000 depth floor — no exit at size,10.545,winner,1.159,1.344,MOON_FAST
2026-07-26 08:31:05.699827+00,9sFXs4Y3FSP7wqayp1CqAzc14bEJxcvc5tqPZx4Vsvhm,Jimothy,clone wave: Jimothy rugged or still open on another mint <60m — live refuses relaunches (paper keeps exploring),7.617,winner,1.192,1.421,RISER
2026-07-26 08:36:54.014122+00,9nb2oQs2pdmWWuHnJL1K9Sfx8eowrqnT1QRWm9BDpump,TripleT,RUG_RISK — class is not traded (RUG_RISK not formula-qualified: needs crowd-PASS + in-envelope),1.583,rug,1.216,1.474,RUG_RISK
2026-07-26 08:37:33.160999+00,2PwreecnK3tKiWPpD9VfNnembqx5U9PKHKYunscEcj43,Nong,clone wave: Nong rugged or still open on another mint <60m — live refuses relaunches (paper keeps exploring),3.456,winner,1.207,1.458,BASE
2026-07-26 08:40:22.370297+00,CvfFdqr8A5WeuAeui47G43RMED6gU9isd5e4RQNo6zLi,Knotjira,pool 1912 below the 2500 depth floor (smart-money floor) — no exit at size,1.637,rug,1.258,1.583,MOON_VIOLENT
2026-07-26 08:41:38.716943+00,9T4TnPviAXMB1iQXVX647CaYTsGg2sq1t22Kixgypump,MELLOW,"trigger 1.96× in the sensor slice (>1.65) — paper probes it, live declines (−$1.01/t measured)",9.544,winner,1.445,1.957,RUG_RISK
2026-07-26 08:49:12.480184+00,9NC4ZLqt1nj3cUsk5k93iEa75Hi8mS3vnd2V3LnVtWSz,Nong,clone wave: Nong rugged or still open on another mint <60m — live refuses relaunches (paper keeps exploring),1.789,rug,1.285,1.652,RISER
2026-07-26 08:56:21.59144+00,8D5xEcDXjoXcGuZw2fZx44zyV9Zcxdzw9YMkG2pUUeAT,Nong,clone wave: Nong rugged or still open on another mint <60m — live refuses relaunches (paper keeps exploring),1.889,dud,1.238,1.531,RISER
2026-07-26 08:57:15.580646+00,GdMUUKtf8qDB45vf9orH6iEztjmJj1hPRK265AzVCw1W,Nong,clone wave: Nong rugged or still open on another mint <60m — live refuses relaunches (paper keeps exploring),5.789,winner,1.215,1.476,RISER
2026-07-26 09:00:27.455664+00,HSBxJB3RtY5RgZzoNiAisNPb3egCRs5vGRQw5pMc9AGk,SalaryCat,clone wave: SalaryCat rugged or still open on another mint <60m — live refuses relaunches (paper keeps exploring),4.260,winner,1.351,1.827,RISER
2026-07-26 09:01:19.463697+00,AQQMxzjL4TmagA5Mh14MKPDJHwxdT9y1hsWSgAW1SfEy,SalaryCat,"trigger 1.90× in the sensor slice (>1.65) — paper probes it, live declines (−$1.01/t measured)",3.125,winner,1.386,1.903,BASE
2026-07-26 09:05:08.482871+00,DEbgrqNsbafLKddm6bT9DUpdS93zgpHEkYVASdwEpump,Omeleto,RUG_RISK — class is not traded (RUG_RISK not formula-qualified: needs crowd-PASS + in-envelope),3.922,winner,1.303,1.607,RUG_RISK
2026-07-26 09:05:16.929433+00,ADpmryEo3RHX7nagCnBnotVwdydfhvGa5vXDY7KYbchv,GOAP,RUG_RISK — class is not traded (RUG_RISK not formula-qualified: needs crowd-PASS + in-envelope),3.999,winner,1.246,1.502,RUG_RISK
2026-07-26 09:06:55.662641+00,4C62Ei8CELjpFqtTTCvFPzGPLJGm8uisCeMPWY7JdjAB,SalaryCat,clone wave: SalaryCat rugged or still open on another mint <60m — live refuses relaunches (paper keeps exploring),8.508,winner,1.234,1.521,BASE
2026-07-26 09:20:50.055927+00,DYFzZMEpHZbNNhNMK4zeUwDNzCFtERwWRTaYS7JtA4qW,RM,RUG_RISK — class is not traded (RUG_RISK not formula-qualified: needs crowd-PASS + in-envelope),1.663,dud,1.107,1.225,RUG_RISK
2026-07-26 09:21:54.890667+00,J6NnAKSnh6djnvnWzBfiWkF3PZziznTt5DQhwS9RHTPt,Jimothy,clone wave: Jimothy rugged or still open on another mint <60m — live refuses relaunches (paper keeps exploring),4.354,winner,1.421,2.022,RUG_RISK
2026-07-26 09:22:50.201259+00,4fZ8qBhQQUyzNK9HiiitjjuGVf3gB85SuFggDZ3da9sK,SalaryCat,entry retry refused — price ran >10% since first quote (chase guard),13.120,winner,1.100,1.210,BASE
2026-07-26 09:23:48.746526+00,7Uu9QBgkgchMdzKmKgGNPDm94BKjQWBfTTAnapApbT2A,HOWLY,"trigger 1.74× in the sensor slice (>1.65) — paper probes it, live declines (−$1.01/t measured)",3.531,winner,1.318,1.738,RISER
2026-07-26 09:34:55.279269+00,6exiwtLUVrQovCuMAuHJhtpDgkMQtfanvUNkzGs4pump,dancedog,"inflow 1.14× below the 1.2× floor — sub-envelope crowd-pass ran −$0.81/t at size (F3 floor, ratified; paper probes it)",2.586,winner,1.135,1.255,RISER
2026-07-26 10:20:11.870023+00,DWgHHBrQ3TqCWcGc5WoiXRHr3HPgAruNwEXR7QFbPzXf,Doge,"trigger 1.66× in the sensor slice (>1.65) — paper probes it, live declines (−$1.01/t measured)",6.645,winner,1.323,1.661,MOON_STEADY
2026-07-26 10:21:43.945343+00,7785vBi7tUnBEjatxXY4dCBa39JBvnxayaBKgWoRHGd3,OBSOLETE,"trigger 1.79× in the sensor slice (>1.65) — paper probes it, live declines (−$1.01/t measured)",5.655,winner,1.350,1.789,RISER
2026-07-26 10:36:14.590305+00,eExtyKPPW5BFPwsHnThCY2VeC6sUijyMsGX8N86SQAy,Meaningles,"trigger 1.72× in the sensor slice (>1.65) — paper probes it, live declines (−$1.01/t measured)",7.808,winner,1.315,1.720,MOON_STEADY
2026-07-26 10:55:14.711485+00,3j9oRL95TFqjMg7eerZskwpraxNNtPa886Xzb9647Gvd,güiña,RUG_RISK — class is not traded (RUG_RISK not formula-qualified: needs crowd-PASS + in-envelope),2.692,winner,1.182,1.396,RUG_RISK
2026-07-26 10:56:20.861974+00,AR9nwx9QHygBPvwdGXBFBVtDyT6FHuhdivmiNwPsGE1Z,OPENWEIGHT,RUG_RISK — class is not traded (RUG_RISK not formula-qualified: needs crowd-PASS + in-envelope),1.258,rug,1.122,1.258,RUG_RISK
2026-07-26 11:07:01.512519+00,7QiUUUXLdKbvGFK1NYN4qnSt3h2aUHyDWusVgZFpump,aura,clone wave: aura rugged or still open on another mint <60m — live refuses relaunches (paper keeps exploring),2.825,winner,1.214,1.411,RUG_RISK
2026-07-26 11:12:33.835898+00,9FCrUtZCvjnKjporKwJs1g8h2zXFVWqnrWRucXXSV6qL,aura,clone wave: aura rugged or still open on another mint <60m — live refuses relaunches (paper keeps exploring),2.089,winner,1.099,1.207,RUG_RISK
2026-07-26 11:30:49.981475+00,3XJCC8KNzn44cnNQcS38YTZtjSmn9GrLLP7KjZBdX3au,AuraDog,RUG_RISK — class is not traded (RUG_RISK not formula-qualified: needs crowd-PASS + in-envelope),14.517,winner,1.154,1.332,RUG_RISK
2026-07-26 11:33:48.239395+00,8whf8tQvSFJzhS1nV4FZWWbVS6SeDfx2ufKybXABpump,Sara,RUG_RISK — class is not traded (RUG_RISK not formula-qualified: needs crowd-PASS + in-envelope),3.143,winner,1.455,1.941,RUG_RISK
2026-07-26 11:45:05.886774+00,D5W8Ytp6vHmj528PT2QyvSiDJQepAs7ByxA4zwvtvdYT,Rato,RUG_RISK — class is not traded (RUG_RISK not formula-qualified: needs crowd-PASS + in-envelope),1.244,rug,1.115,1.244,RUG_RISK
2026-07-26 11:49:12.760071+00,3dx11u47qDTViH2aMZ4EMhwVG27GxL4kTdLhBpM1sXwN,MAGA,"trigger 1.71× in the sensor slice (>1.65) — paper probes it, live declines (−$1.01/t measured)",3.970,winner,1.305,1.709,BASE
2026-07-26 11:50:46.595543+00,24arNXobsrUfAFyidW2Ho9FizJULLy1hEpx61a9WRZuL,SalaryCat,clone wave: SalaryCat rugged or still open on another mint <60m — live refuses relaunches (paper keeps exploring),8.061,winner,1.342,1.801,RISER
2026-07-26 11:59:07.565489+00,3pr1hnjnb25dRg3Am2wuPLTRxSKXm8aFrzEas6Hd9R41,TikTok,RUG_RISK — class is not traded (RUG_RISK not formula-qualified: needs crowd-PASS + in-envelope),3.990,winner,1.116,1.244,RUG_RISK
2026-07-26 12:02:15.269938+00,DbNo1gVcTU7UjqYoTMYinyvC8t4oimfrH6ScYyjopump,$PLBOOM,BASE — regime gate: thin sample (9) — waiting for paper to prove the turn,4.692,winner,1.240,1.482,BASE
2026-07-26 12:08:54.391316+00,3NdsADGBx4YTTegoEVMNHgGvdZXETQEjm5MEVo6CSPcw,DEBA,pool 1898 below the 2500 depth floor (smart-money floor) — no exit at size,33.218,winner,1.152,1.277,RUG_RISK
2026-07-26 12:15:13.668205+00,CwjgxjE53FHRkJZpcBi1jTScNjDhi8K9Sw8TEUqfEtbY,Sara,clone wave: Sara rugged or still open on another mint <60m — live refuses relaunches (paper keeps exploring),3.711,winner,1.178,1.385,RUG_RISK
2026-07-26 12:16:56.204638+00,GnpKQCgCWtdESBkVwSUR3pYk7gtVxgJQLeQtAwfUUBc8,来福,"trigger 1.67× in the sensor slice (>1.65) — paper probes it, live declines (−$1.01/t measured)",8.503,winner,1.290,1.666,RISER
2026-07-26 12:24:03.876808+00,B8kLxHw3SMCZb2vssJ699WP3ZcujcxohGGcKqNWHvZAK,SalaryCat,clone wave: SalaryCat rugged or still open on another mint <60m — live refuses relaunches (paper keeps exploring),1.615,dud,1.135,1.288,RUG_RISK
2026-07-26 12:24:07.040447+00,6CvkDhDVpJ7YisvwT926pf7uqRhPzHDAx7LgdPCgASZc,POT,RUG_RISK — class is not traded (RUG_RISK not formula-qualified: needs crowd-PASS + in-envelope),3.058,winner,1.112,1.236,RUG_RISK
2026-07-26 12:29:08.392196+00,BsGY8FsULAc899iev5Z3obU9GrWZJfLzAqqeL4TyvsNi,富贵,"trigger 1.78× in the sensor slice (>1.65) — paper probes it, live declines (−$1.01/t measured)",23.041,winner,1.336,1.783,MOON_STEADY
2026-07-26 12:35:11.916978+00,43N9cGhUP9K1etigeymp6Hw7NbGSqjmStw3bHD6Lb86M,MemeBank,RUG_RISK — class is not traded (RUG_RISK not formula-qualified: needs crowd-PASS + in-envelope),1.388,rug,1.115,1.243,RUG_RISK
2026-07-26 12:54:36.034732+00,FtNvVANm92AVEn3oav2vnt7tNjLMJjPLXBNmNrfcjct,Kimchi,inflow 1.13× below the 1.15× band (71% vs 45% win),1.843,rug,1.133,1.256,MOON_STEADY
2026-07-26 13:01:00.36609+00,7HgZh2WTi8AuT7XMEiKPnE65PyQToypciua6h6YZua4n,CASHCAT,"trigger 1.74× in the sensor slice (>1.65) — paper probes it, live declines (−$1.01/t measured)",3.609,winner,1.322,1.741,RUG_RISK
2026-07-26 13:12:52.996614+00,HgnwWpCGaXEJVwTf6pJZieeRpKviLK4WKdfDHPsK62aQ,Kimchi,clone wave: Kimchi rugged or still open on another mint <60m — live refuses relaunches (paper keeps exploring),9.022,winner,1.230,1.483,BASE
2026-07-26 13:13:43.790457+00,DXkEYiA4BAJyMgGk2SLs2zWHXFxqhEG7qq774gJzS3Vu,SalaryCat,"trigger 1.67× in the sensor slice (>1.65) — paper probes it, live declines (−$1.01/t measured)",8.710,winner,1.294,1.674,BASE
2026-07-26 13:21:14.451182+00,B5wvhcqbSRfucTRC3mgG7MfuxHDZ4Sbn3gVgioC7JruB,SalaryCat,pool 1993 below the 8000 depth floor — no exit at size,1.996,rug,1.206,1.453,MOON_STEADY
2026-07-26 13:26:57.666274+00,CY6BxhmETLzwSeFuxxmprZ89zcH3ycNLPkCBN3AtJ19o,SalaryCat,clone wave: SalaryCat rugged or still open on another mint <60m — live refuses relaunches (paper keeps exploring),2.992,winner,1.191,1.418,RISER
2026-07-26 13:36:37.820058+00,ECTAdnozwytBwP5U1VZvpimmL8Dtdr14vwaQU6pRJvfJ,puf,pool 2235 below the 8000 depth floor — no exit at size,2.722,winner,1.310,1.717,MOON_STEADY
2026-07-26 13:38:12.48408+00,4G5c3zCbwZd46sqzHKqramSQioPLMjF7Z6gKWQRSCCHF,puf,clone wave: puf rugged or still open on another mint <60m — live refuses relaunches (paper keeps exploring),2.178,winner,1.214,1.475,BASE
2026-07-26 13:43:58.347936+00,8iacRGnCAAnPxXrwP7gFXCjVK3h6hdLRgn9vsu91CJMC,SalaryCat,clone wave: SalaryCat rugged or still open on another mint <60m — live refuses relaunches (paper keeps exploring),2.450,winner,1.407,1.978,BASE
2026-07-26 13:56:26.960453+00,5Wxu4miXk6ThxctrbKkYMz5rgtK6XhMBVHrPS98oT99T,Simon,pool 2200 below the 8000 depth floor — no exit at size,2.140,winner,1.367,1.868,MOON_STEADY
2026-07-26 13:57:14.973202+00,5WngNjVBibUa3itkHLQiqNsbup9aTsSLgXGHxbpNSEx1,SalaryCat,clone wave: SalaryCat rugged or still open on another mint <60m — live refuses relaunches (paper keeps exploring),2.294,winner,1.309,1.713,BASE
2026-07-26 14:04:02.539797+00,3YG28gJQHaDRrQ1RHyD7WM5LSzKNuDysssJzSsKVuJDR,pijon,live_kill engaged,2.341,winner,1.201,1.442,RISER
2026-07-26 15:53:59.578249+00,9HZnWkKVNd4QttJVXAmBKcxCmj39q4PBfjcidBun5bPL,FDB,live_kill engaged,3.379,winner,1.106,1.223,BASE
2026-07-26 15:55:30.837827+00,G43TN1xgEKKkrUjAK3ETB6KNo7XDqMAsdwhui7X5gZZP,dickbutt,inflow 1.13× below the 1.15× band (71% vs 45% win),1.275,rug,1.130,1.275,MOON_STEADY
2026-07-26 15:55:56.72535+00,7iYmruqj7dfHzQc8js1NDRTj58yhSMJ128rxxkdxQ83r,FDB,live_kill engaged,1.502,rug,1.197,1.433,RISER
2026-07-26 15:59:38.478214+00,6a4S4BmkiXuVoyjebEBQ1gR5CNSCYKJsEyCznFdopump,SNOOPSEM,RUG_RISK — class is not traded (RUG_RISK not formula-qualified: needs crowd-PASS + in-envelope),1.699,rug,1.131,1.241,RUG_RISK
2026-07-26 16:01:58.319544+00,CzvTd7AshA9TBaG6qMpSzohecYotqqWHd1HxygYqw5he,TA,live_kill engaged,2.283,winner,1.189,1.412,MOON_SLOW
2026-07-26 16:01:59.818191+00,E9fPMyR6XNGUtaFbPAqCccqY72pHp9JUREqjnG8pcWX1,TEPE,pool 2191 below the 8000 depth floor — no exit at size,2.261,winner,1.208,1.459,MOON_SLOW
2026-07-26 16:10:54.115918+00,8HJeLaE3MBK7xKpWLWPRo84yoYzFDVMArQXBENdrpump,RACCN,"inflow 1.20× below the 1.2× floor — sub-envelope crowd-pass ran −$0.81/t at size (F3 floor, ratified; paper probes it)",1.746,dud,1.197,1.389,BASE
2026-07-26 16:15:53.973155+00,99gaVFmzizRGpo4TeX2Evkjyv93NNxGePG2SNdTk9QVs,KITTY,live_kill engaged,2.682,winner,1.152,1.323,RUG_RISK
2026-07-26 16:17:19.407647+00,HWtZeK4dR4y4EiTD6ZhfGixUhQ4avNgSbqRfuYWqpump,2FACER,live_kill engaged,1.900,rug,1.131,1.240,BASE
2026-07-26 16:19:59.981963+00,46MuSfvDpM2ogyqm5xLx1ZQ91mRzKW9Kfg5tZkT3KAPA,TEPE,RUG_RISK — class is not traded (RUG_RISK not formula-qualified: needs crowd-PASS + in-envelope),1.797,dud,1.169,1.367,RUG_RISK
2026-07-26 16:26:48.382839+00,53bWZpupbSVcFjpUGoe8iXkNA9tH5gKwMPHMhCRE16x,Nuta,live_kill engaged,4.468,winner,1.204,1.448,RISER
2026-07-26 16:30:11.543004+00,3BFyYXqE5EmWC97qe27o7kBcorbGM6w7haDXjH4tHPoc,CXMT,live_kill engaged,1.742,rug,1.182,1.354,RUG_RISK
2026-07-26 16:30:34.222994+00,DicGJMpRACww9xzmpbazK45EnhmdRq6V1QHkCk6bc33m,TEPE,pool 2134 below the 8000 depth floor — no exit at size,3.832,winner,1.318,1.739,RUG_RISK
2026-07-26 16:34:03.8647+00,CrPZD6V74jB2YdCjZjFveiz53nW2R8kaYmk2Y4fYEDKF,富贵,"inflow 1.17× below the 1.2× floor — sub-envelope crowd-pass ran −$0.81/t at size (F3 floor, ratified; paper probes it)",1.865,rug,1.172,1.370,BASE
2026-07-26 16:34:50.325873+00,APQfX1SCFTJtLD11FysqqqhZUy4JXkH4c5t4mPPYFNxn,Erc,live_kill engaged,1.601,dud,1.111,1.234,RUG_RISK
2026-07-26 16:35:53.172102+00,Ai66LHZG9MCzg1WKdawwqduVAXpNDUuV8M3uyq5ppump,CATE,RUG_RISK — class is not traded (RUG_RISK not formula-qualified: needs crowd-PASS + in-envelope),12.322,winner,1.203,1.392,RUG_RISK
2026-07-26 16:39:28.007965+00,AsmDYUXi4bzk9sSKGDexxu5aV5qdRXVZxNdyFW1hKyYD,ANSEMPHONE,RUG_RISK — class is not traded (RUG_RISK not formula-qualified: needs crowd-PASS + in-envelope),1.580,rug,1.105,1.221,RUG_RISK
2026-07-26 16:41:17.798959+00,A7B79hmTt69xuNTyUNXWfEd5uSmtETvcjJBwiwJfP7bN,富贵,clone wave: 富贵 rugged or still open on another mint <60m — live refuses relaunches (paper keeps exploring),10.552,winner,1.183,1.398,BASE
2026-07-26 16:44:27.301237+00,AdwBVhUf2zQBAhDeyNSkMXCcA3zFRg5oZdaw8rSvJEL5,SDC,RUG_RISK — class is not traded (RUG_RISK not formula-qualified: needs crowd-PASS + in-envelope),3.725,winner,1.104,1.219,RUG_RISK
2026-07-26 16:46:47.852871+00,6habMXTeSFU5xfmg88vLr2eZ7GH5uYt9yFPM2FM7DFc9,BTK,live_kill engaged,1.979,rug,1.283,1.566,MOON_STEADY
2026-07-26 16:47:37.140209+00,81a5uAwiKExSKDqAZDb7GreQFFcEU1o3hKDPyYmqpump,BTK,RUG_RISK — class is not traded (RUG_RISK not formula-qualified: needs crowd-PASS + in-envelope),6.548,winner,1.281,1.564,RUG_RISK
2026-07-26 16:50:06.493135+00,STJLRXiW3MjKMNWhcmj6VhaUB5yc9tRwnzrjXDXTrHJ,Kittens,pool 1989 below the 8000 depth floor — no exit at size,3.234,winner,1.141,1.302,MOON_SLOW
2026-07-26 16:50:12.074645+00,CWwypQdmWMvSKa9Fg8AhN42Jb781z9Z7mVDiJJmaTr17,BTK,live_kill engaged,9.209,winner,1.181,1.394,MOON_STEADY
2026-07-26 16:50:55.133347+00,GXosrb3AqpktMxdqZS7CLHeSeYjndVUtGPSX6WfwB6d9,CATE,live_kill engaged,15.651,winner,1.144,1.304,MOON_STEADY
2026-07-26 16:52:26.215495+00,6w4HymyN4PTvbeva2ycyGMxKKn5zH1Pz8UxwdA8Xpump,RACCOOS,live_kill engaged,2.888,winner,1.125,1.227,BASE
2026-07-26 16:54:04.70606+00,3xCHusuhCkVrHFLRj8QsreDGJzFnVyq6kreSQvERjBQn,BTK,live_kill engaged,1.570,rug,1.146,1.313,RUG_RISK
2026-07-26 16:54:12.382446+00,GrkoxcPZJWoVg4WF9WXyyCF5QGqGWi1KYzFwwVbvxbGP,BTK,RUG_RISK — class is not traded (RUG_RISK not formula-qualified: needs crowd-PASS + in-envelope),2.430,winner,1.125,1.264,RUG_RISK
2026-07-26 16:56:37.397109+00,29BbwRRYSnA5aGAfHEaZjKvgQi72iescNVj9SKaMZq2c,BTK,live_kill engaged,1.517,rug,1.134,1.286,RUG_RISK
2026-07-26 17:02:18.320991+00,DuoUmfte35xVcpCcn6WQyBMQyQJ1wsQepuPBAJFXC9Gd,CATE,live_kill engaged,14.108,winner,1.247,1.557,RUG_RISK
2026-07-26 17:03:03.255052+00,26pbdro6mG13AxJGzP6mpEXrobrRfwb6yiRpWi5DzVaE,BTK,clone wave: BTK rugged or still open on another mint <60m — live refuses relaunches (paper keeps exploring),2.053,winner,1.143,1.308,RUG_RISK
2026-07-26 17:05:42.066404+00,HsNDP79pQAZpwKZrCg9H8RMGqbPpa8rxUv4z9DamwtGa,Kittens,pool 1988 below the 8000 depth floor — no exit at size,3.366,winner,1.166,1.359,MOON_SLOW
2026-07-26 17:28:35.818813+00,J3kv2J5mckFzsjZ9U6n6Jf9R8Vj7cR2hXcrxnuSwHxRW,CHUNGUS,live_kill engaged,3.527,winner,1.247,1.555,MOON_STEADY
2026-07-26 17:33:15.058744+00,5W51HUYr6yC79NjUCxnHaNw2Q3oQNC7L4sZVyEiKr3vy,CATE,live_kill engaged,3.057,winner,1.133,1.282,RUG_RISK
2026-07-26 17:33:34.892868+00,9eyo1yCAsNVWiBYidYwPxVm66RhVmzgEwJwnDcMjA92z,CATE,pool 2120 below the 8000 depth floor — no exit at size,2.988,winner,1.256,1.578,MOON_STEADY
2026-07-26 17:39:37.143309+00,5dxm8XTDLL3QRFLXRLENVhfP4YzWB7tkwVMyhR2Q4Pb,Bepe,RUG_RISK — class is not traded (RUG_RISK not formula-qualified: needs crowd-PASS + in-envelope),1.635,rug,1.106,1.220,RUG_RISK
2026-07-26 17:40:47.750415+00,2BwosK2TEcUKNbJHk1jj9tvHmq8isSifU9uw7mQrKDTQ,CATE,RUG_RISK — class is not traded (RUG_RISK not formula-qualified: needs crowd-PASS + in-envelope),1.970,rug,1.403,1.970,RUG_RISK
2026-07-26 17:41:58.922092+00,E7cLEWqNrQpPtrce32KQ8DJ33uZusbtCss8TmknztGjE,CHUNGUS,"trigger 1.91× in the sensor slice (>1.65) — paper probes it, live declines (−$1.01/t measured)",7.927,winner,1.382,1.912,RISER
2026-07-26 17:46:00.642905+00,DMQpPoVJTyrQE3uW9nbmSKtbxQb2HHFNv2W9VhiyqMDw,Facepalm,live_kill engaged,1.595,rug,1.101,1.213,RUG_RISK
2026-07-26 17:47:59.974579+00,DxvmowJcQ8fAHziJD3fA8ykKsSbdjhXT7CyRkxYKCWq8,BTK,clone wave: BTK rugged or still open on another mint <60m — live refuses relaunches (paper keeps exploring),1.558,dud,1.125,1.265,RUG_RISK
2026-07-26 17:52:26.357295+00,2qjeqhzmBLeCwNLQUESHow5NbmEAVGATZwDEKnp9YDyR,CHUNGUS,live_kill engaged,4.162,winner,1.206,1.453,RISER
2026-07-26 17:53:23.336463+00,6tMVbw2VFZAGDmc1ERtPwxxQdHMzHDuDBLj2srmw38ZW,COW,RUG_RISK — class is not traded (RUG_RISK not formula-qualified: needs crowd-PASS + in-envelope),1.475,rug,1.122,1.258,RUG_RISK
2026-07-26 18:01:14.317905+00,BmEm7GZyKV4iaev5f1dM437fRiX9RChSBsvMyg8pnmc3,CATE,pool 1980 below the 8000 depth floor — no exit at size,3.960,winner,1.233,1.521,MOON_SLOW
2026-07-26 18:06:47.269595+00,8WqKeG6nSauFFgsGrt31hM4bUaZL6RpsxJTZhXgBZdBz,のニコ,RUG_RISK — class is not traded (RUG_RISK not formula-qualified: needs crowd-PASS + in-envelope),1.362,rug,1.140,1.300,RUG_RISK
2026-07-26 18:11:16.604227+00,3FhrFiAdqyJaoWj2gxDjFN2YsNqcX4ZR9ZYUgKC7HJWe,Yeontan,"inflow 1.19× below the 1.2× floor — sub-envelope crowd-pass ran −$0.81/t at size (F3 floor, ratified; paper probes it)",3.184,winner,1.189,1.414,RISER
2026-07-26 18:13:44.426083+00,DHE8mv1KosPXKuKmoy5h9LFF4RmAtDwMcBJRjwNcP7mc,Yeontan,live_kill engaged,11.702,winner,1.120,1.254,MOON_STEADY
2026-07-26 18:17:47.394145+00,Bb4kvMRd3J1Zxd7pRmdyJcn9uMaxDieQsdrT6ti9jV7Q,COMA,RUG_RISK — class is not traded (RUG_RISK not formula-qualified: needs crowd-PASS + in-envelope),4.961,winner,1.137,1.290,RUG_RISK
2026-07-26 18:19:17.907398+00,6EVVPnhAz272QUy8eJTchF9bMyYt88G4NxM2ZP2Ee7Jn,Ferret,"trigger 1.78× in the sensor slice (>1.65) — paper probes it, live declines (−$1.01/t measured)",3.049,winner,1.336,1.785,RISER
2026-07-26 18:22:38.718702+00,39y437Wg4tKka1Zq8PxyXnWQ88qccFV5BbNfsqFo8wmH,CATE,clone wave: CATE rugged or still open on another mint <60m — live refuses relaunches (paper keeps exploring),2.265,winner,1.380,1.905,RUG_RISK
2026-07-26 18:23:22.581935+00,2RWj6NmoWTXX6X5yxL4L528P5Sd7tXgDj8w7QeLLBAC8,XST,RUG_RISK — class is not traded (RUG_RISK not formula-qualified: needs crowd-PASS + in-envelope),1.706,rug,1.111,1.232,RUG_RISK
2026-07-26 19:01:23.434672+00,BQuBmeymZK2oWB26SMsA6Ez58mEpMWvo6JxCfG4Xd6Ep,CATE,clone wave: CATE rugged or still open on another mint <60m — live refuses relaunches (paper keeps exploring),12.697,winner,1.278,1.634,BASE
2026-07-26 19:04:31.450152+00,8hPZ5aenemPgnwN3HKv9i5rVPuZFtE6zv7EnSU56KT1d,Yeontan,pool 2011 below the 2500 depth floor (smart-money floor) — no exit at size,77.863,winner,1.123,1.260,MOON_STEADY
2026-07-26 19:17:37.787976+00,FviuX53H8VVjkuhD3LUQ7ddTfK52uMzrSsxctQkBNxDL,CATE,pool 2017 below the 2500 depth floor (smart-money floor) — no exit at size,6.739,winner,1.310,1.716,RUG_RISK
2026-07-26 19:20:32.95996+00,5ZKZtCopKotaZ2tpzs1sGzqwMtDoFpFjGq4D9DQecUTN,#memecoin,RUG_RISK — class is not traded (RUG_RISK not formula-qualified: needs crowd-PASS + in-envelope),1.850,dud,1.112,1.237,RUG_RISK
2026-07-26 19:30:01.649833+00,69sv3dzRPjMT3DwRoZf7i7kos3NHuzHC7vD2Jq2xGmMw,#memecoin,pool 2217 below the 2500 depth floor (smart-money floor) — no exit at size,3.821,winner,1.283,1.645,MOON_FAST
2026-07-26 19:31:45.197369+00,ATQUb27Kq6thT3gAbgZ7j1dpkBPGBirbTZ917bzv8Ent,CATE,RUG_RISK — class is not traded (RUG_RISK not formula-qualified: needs crowd-PASS + in-envelope),2.532,winner,1.141,1.303,RUG_RISK
2026-07-26 19:35:37.032524+00,7h3MsVUGzmAM1TvjFEfpkMn4VReg6FyvYARaHqyQc1JJ,memecoin,"trigger 1.84× in the sensor slice (>1.65) — paper probes it, live declines (−$1.01/t measured)",2.078,winner,1.357,1.842,BASE
2026-07-26 19:36:28.09555+00,6N9Jqeoatet6mia61CcLaCm77ahQdExYvcnBP6KdU88b,Yeontan,pool 2048 below the 2500 depth floor (smart-money floor) — no exit at size,2.076,winner,1.222,1.492,MOON_STEADY
2026-07-26 19:38:43.642116+00,DYGjkWow83ze1wttTNjRRM6q43sTHfSRWe5FGhXnUXLX,CATE,MOON_VIOLENT — regime gate: thin sample (0) — waiting for paper to prove the turn,2.283,winner,1.337,1.980,MOON_VIOLENT
2026-07-26 19:42:55.05865+00,6jBP3oWq54hhB7SP8kVDC6ArGkUyC8PYqeGdMVfcTucU,Yeontan,pool 2266 below the 8000 depth floor — no exit at size,2.407,winner,1.326,1.757,MOON_STEADY
2026-07-26 19:48:26.685011+00,GZETYiywRDqZGBTEL92TN3murpJqLVYQKDvmUDwtAUiC,TRUMP2028,clone wave: TRUMP2028 rugged or still open on another mint <60m — live refuses relaunches (paper keeps exploring),5.146,winner,1.194,1.427,RISER
2026-07-26 19:51:38.444845+00,Acqh9RyypqJQtgymnPHxmczr3CyHbDmBwiq1yzSpisGg,HTCN,live_kill engaged,2.856,winner,1.115,1.242,RUG_RISK
2026-07-26 20:02:53.809833+00,Gez6tKLvogBBpNVv9L2sLnBKnACvwQTKJpA33gtrwKPv,Ghostfy,live_kill engaged,21.864,winner,1.108,1.224,RUG_RISK
2026-07-26 20:03:31.260078+00,6MLNmY55yoWadywzt195DsxboLyRGGxtShbwf44KHvaj,#cat,RUG_RISK — class is not traded (RUG_RISK not formula-qualified: needs crowd-PASS + in-envelope),1.715,dud,1.098,1.205,RUG_RISK
2026-07-26 20:04:18.871742+00,HTE5qHPXVygAsfjZocDv6XPoQaa1wJYbzESu9rr7F1yM,SHARKCAT,RUG_RISK — class is not traded (RUG_RISK not formula-qualified: needs crowd-PASS + in-envelope),1.392,dud,1.101,1.202,RUG_RISK
2026-07-26 20:06:44.366825+00,75JL3Fdkq5o8LE7ALeQDK486chjUkQCBG7Abozx2QEo4,HTCN,live_kill engaged,5.154,winner,1.153,1.329,RISER
2026-07-26 20:11:14.702709+00,3vTPun6T339FBXrK5Xs7BKGt9L4gdiyrB2KdrTGM1817,clude,RUG_RISK — class is not traded (RUG_RISK not formula-qualified: needs crowd-PASS + in-envelope),19.855,winner,1.123,1.261,RUG_RISK
2026-07-26 20:19:05.544631+00,25hRWnnM9pk6KGyK925oPAUDmF9jBsgSpprgNG5Ppump,thesis,sizer $1.36 below fee-viable floor $2.50 — probe-class stays paper (sizer-responsive; mandate tickets are PRECISION-only),2.514,winner,1.289,1.579,RUG_RISK
2026-07-26 20:39:16.089616+00,Fpu4MNh6MfSu6kAzugvHgW8FnGEXfym9raHP8TpBrKJR,BabyCate,RUG_RISK — class is not traded (RUG_RISK not formula-qualified: needs crowd-PASS + in-envelope),1.997,dud,1.143,1.271,RUG_RISK
2026-07-26 20:45:48.00332+00,GCtnMzgy8pz4jJyScCxtTBxaYTHvihMPE8SQ7qVapump,boobcoin,"trigger 1.66× in the sensor slice (>1.65) — paper probes it, live declines (−$1.01/t measured)",2.941,winner,1.324,1.662,RUG_RISK
2026-07-26 20:56:13.905979+00,Hekj8qJFPsB5G4VAqcdisMHBhGLGfHaBGYNextWppump,SOLPRINTMAN,inflow 1.11× below the 1.15× band (71% vs 45% win),1.278,rug,1.107,1.203,BASE
2026-07-26 20:57:44.877645+00,Gvi99sxAS9Koi1DdMUShGQiTs75iNv1YVa3PtjBZ3M8R,CALLOUT,pool 2191 below the 8000 depth floor — no exit at size,1.736,rug,1.318,1.736,MOON_FAST
2026-07-26 21:00:47.959187+00,DRUEn8gXeMzjJ4MC4MUKtQTAXpsY5cwjAbY8ZGJQsxQM,STOGE,RUG_RISK — class is not traded (RUG_RISK not formula-qualified: needs crowd-PASS + in-envelope),3.122,winner,1.181,1.395,RUG_RISK
2026-07-26 21:04:49.724678+00,FGZzsrd9TDzema2CzCWngXQNZLaWQZ1JykaTNZoEBPSp,SOL,"trigger 1.84× in the sensor slice (>1.65) — paper probes it, live declines (−$1.01/t measured)",14.893,winner,1.349,1.838,MOON_STEADY
2026-07-26 21:10:31.476742+00,Gzy5kGL5qrDwux63ujDNNGAuAhC5kCM3VmB2sKLNK19o,CALLOUT,pool 2259 below the 2500 depth floor (smart-money floor) — no exit at size,3.210,winner,1.368,1.869,MOON_STEADY
2026-07-26 21:12:05.127402+00,8gBWJnzEnBQQHHuLD7WGNYM5TwW69Ki35UgPHMB7JXQL,SOL,pool 1961 below the 8000 depth floor — no exit at size,3.126,winner,1.172,1.374,MOON_STEADY
2026-07-26 21:16:02.857969+00,3DQ7juRmxZp4pHhno2bhujSewBdWhmbVkNHED14oB4f2,👀,"trigger 1.91× in the sensor slice (>1.65) — paper probes it, live declines (−$1.01/t measured)",16.981,winner,1.381,1.908,MOON_STEADY
2026-07-26 21:18:29.534763+00,5GJM4cmZDWG1amaVMF4yquk4sFg4Y31ooJ95tti2hgGp,boobcoin,pool 1931 below the 2500 depth floor (smart-money floor) — no exit at size,1.551,rug,1.169,1.366,MOON_SLOW
2026-07-26 21:21:36.434237+00,88nNpcpwA2RfZZ3TAjvPz6dhXpbe8DrYejq12XeRpump,RACCOCHI,RUG_RISK — class is not traded (RUG_RISK not formula-qualified: needs crowd-PASS + in-envelope),1.965,dud,1.140,1.264,RUG_RISK
2026-07-26 21:21:36.719668+00,MU5H8gBRNibYKNSVgoQ4RkBZVpPXQHUruhZfA3SNvB1,👀,MOON_VIOLENT — regime gate: thin sample (1) — waiting for paper to prove the turn,2.114,winner,1.106,1.224,MOON_VIOLENT
2026-07-26 21:22:23.202721+00,AtRMoikUN9dqt3xZ88DJBQN56z5eDfZ1gf8ez5v53RSe,boobcoin,RUG_RISK — class is not traded (RUG_RISK not formula-qualified: needs crowd-PASS + in-envelope),2.650,winner,1.161,1.349,RUG_RISK
2026-07-26 21:26:37.799188+00,GPL95fCBcfjmgS6GPf624V3KfqFSsu7RW9iNVCKnpmJC,👀,pool 1936 below the 8000 depth floor — no exit at size,9.989,winner,1.167,1.362,MOON_STEADY
2026-07-26 21:29:53.247929+00,HzxVEmGGKi8aDVFCezM4CmpP6BgxbT3vxWdNpeRLpump,USCC,RUG_RISK — class is not traded (RUG_RISK not formula-qualified: needs crowd-PASS + in-envelope),4.541,winner,1.465,2.002,RUG_RISK
2026-07-26 21:43:52.501565+00,GCNEJ1Y8Hvn5DVA5XL5EcYvTw965VuYP26QHvyzJHyz8,Kabosu,"trigger 1.97× in the sensor slice (>1.65) — paper probes it, live declines (−$1.01/t measured)",14.102,winner,1.402,1.966,BASE
2026-07-26 21:46:39.425149+00,46rwkhHYG3LS1DWf2QTPj2Z3kCXnAWLh2jwd14EPrf3P,TRUMP2028,pool 2201 below the 8000 depth floor — no exit at size,3.746,winner,1.299,1.686,MOON_STEADY
2026-07-26 22:03:34.186572+00,Tq3BrZRKgWdTcuTAzeWNLrkBCQVbP3RaXe6AUtXxmZY,1IQ,"inflow 1.16× below the 1.2× floor — sub-envelope crowd-pass ran −$0.81/t at size (F3 floor, ratified; paper probes it)",1.567,rug,1.157,1.331,BASE
2026-07-26 22:05:56.501813+00,D5k9jqWyBMevCB7FaxBFHkumFNEB8Zgiw5YuEG4Cpump,DANNY,RUG_RISK — class is not traded (RUG_RISK not formula-qualified: needs crowd-PASS + in-envelope),2.793,winner,1.393,1.812,RUG_RISK
2026-07-26 22:05:59.808873+00,DSHgTFP1eUE97WLiiJJZfVtcS3L6vkd6n1iRQ25Lpump,Spike,MOON_SLOW — regime gate: 8h paper -57.1% on 10 — benched,2.315,winner,1.207,1.400,MOON_SLOW
2026-07-26 22:10:45.122876+00,DzJYbQJ57z2Kj5W39CXYX1wVwoZAf9bZv3AjPRJ7Eftm,DANNY,"trigger 1.89× in the sensor slice (>1.65) — paper probes it, live declines (−$1.01/t measured)",2.986,winner,1.376,1.892,RISER
2026-07-26 22:12:21.812756+00,8kAYCongF4r6kVKe2uhDTJZhTEANcyAjUn3ZqgGxpump,DANNY,RUG_RISK — class is not traded (RUG_RISK not formula-qualified: needs crowd-PASS + in-envelope),3.805,winner,1.152,1.279,RUG_RISK
2026-07-26 22:18:44.95931+00,DfiUMtXgWnmdvV8QCQeSep5qeuPbseTFCZFSZrpETSqb,FOMO,"trigger 1.90× in the sensor slice (>1.65) — paper probes it, live declines (−$1.01/t measured)",3.873,winner,1.378,1.896,RUG_RISK
2026-07-26 22:30:39.289206+00,FzQpXhKgBH8ddbC1zP42NKd3VMchdz7RdhdxYnXvpump,GOOD,MOON_SLOW — regime gate: 8h paper -53.4% on 11 — benched,2.193,winner,1.467,1.981,MOON_SLOW
2026-07-26 22:31:46.579657+00,DYhBeCFmwKLpMpyH7yWcUAFVyD26KBAHQxxG7Mcy4VJv,DANNY,pool 2129 below the 2500 depth floor (smart-money floor) — no exit at size,8.161,winner,1.139,1.298,MOON_STEADY
2026-07-26 22:39:19.43625+00,Ab7uvp8qd6oiSgVXHZNFnVojdgfVqjJMgnNHrnarpump,SATO,RUG_RISK — class is not traded (RUG_RISK not formula-qualified: needs crowd-PASS + in-envelope),3.112,winner,1.169,1.317,RUG_RISK
2026-07-26 22:48:58.171705+00,4WQLKH3GXkafHRnM1mFZTAT5ZwJnG76PCJW2wYkrYwKG,SATO,pool 2065 below the 2500 depth floor (smart-money floor) — no exit at size,5.001,winner,1.195,1.427,MOON_SLOW
2026-07-26 22:51:23.868991+00,4gqPqquVU1YBfbHJWqcSQJCXBVz8om7W6cTp8qYhUpTj,SalaryCat,pool 2381 below the 2500 depth floor (smart-money floor) — no exit at size,567.441,winner,1.417,2.008,MOON_STEADY
2026-07-26 22:51:26.463295+00,8GEA5yhkNDSifppVDYh61WB2ztCjLD7RzVapGNXZwR7e,DANNY,"trigger 1.77× in the sensor slice (>1.65) — paper probes it, live declines (−$1.01/t measured)",8.631,winner,1.328,1.766,BASE
2026-07-26 22:51:29.478069+00,EejRz4mEP2ExA1fWmREQMit8TZ7NLyVHuc1Atwf7GQMe,CATE,pool 1931 below the 8000 depth floor — no exit at size,958.529,winner,1.151,1.326,MOON_SLOW
2026-07-26 22:56:09.122769+00,37SosLre3Hqe2LTQW5EoLYQwJJkNnE4VT8ud85g6nVBG,SATO,"trigger 1.97× in the sensor slice (>1.65) — paper probes it, live declines (−$1.01/t measured)",486.973,winner,1.415,1.971,MOON_STEADY
2026-07-26 22:58:36.743378+00,FfE4jqV5578rfjJvG1BDyqM9ARan3W41hav1rJLrVYf8,SalaryCat,"trigger 1.78× in the sensor slice (>1.65) — paper probes it, live declines (−$1.01/t measured)",2.509,winner,1.336,1.783,BASE
2026-07-26 23:05:05.212284+00,5VrDde3xh65HG6QoAx7yGpFGz5YF99noYHCXEEMhuJHy,Luna,"trigger 1.74× in the sensor slice (>1.65) — paper probes it, live declines (−$1.01/t measured)",6.191,winner,1.317,1.739,BASE
2026-07-26 23:15:42.515161+00,AgrFGrfTHxyX9gujdeWgaCAxR2QfvetYq1AWpsaRpump,Catinu,RUG_RISK — class is not traded (RUG_RISK not formula-qualified: needs crowd-PASS + in-envelope),2.157,winner,1.116,1.213,RUG_RISK
2026-07-26 23:17:45.617833+00,6wfcAFyZUxW45vaEGeXyKme1GozRCvXMnwYBNuZiMuR,CATE,pool 2105 below the 2500 depth floor (smart-money floor) — no exit at size,1.964,rug,1.253,1.567,MOON_SLOW
2026-07-26 23:18:06.762619+00,8Lep9XGB8SzoN4Nrmi9fejCjCmEugtSDb2Vs8bLdpump,1cat,sizer $1.24 below fee-viable floor $2.50 — probe-class stays paper (sizer-responsive; mandate tickets are PRECISION-only),5.850,winner,1.317,1.643,RUG_RISK
2026-07-26 23:20:25.722629+00,HBS6ygsgX3rDrgf2xszmb2emGBCbBx8RECKtJdijw7Du,SalaryCat,pool 2038 below the 2500 depth floor (smart-money floor) — no exit at size,1.750,rug,1.170,1.351,RUG_RISK
2026-07-26 23:28:31.317119+00,9s27kg8LLLxhN54bQ8mvC9VyhYcVenjeQBxoevVHfQop,1cat,pool 2248 below the 8000 depth floor — no exit at size,2.692,winner,1.411,1.990,MOON_STEADY
2026-07-26 23:33:29.327715+00,2U7TCkvFJ6bm2QpWWXT7DR1Kb3pGSAMqxgBnF9BYnA9y,1cat,pool 1895 below the 8000 depth floor — no exit at size,1.274,rug,1.129,1.274,MOON_VIOLENT
2026-07-26 23:39:31.299008+00,F8EKPjfSyvyk5CiVRt1PM9gvVY6g1qT5knTGetTzaeSZ,cat,pool 2073 below the 8000 depth floor — no exit at size,1.712,rug,1.130,1.297,MOON_STEADY
2026-07-26 23:50:16.152329+00,D4C98LX1A9wg7vBBWe1ba39TnL6DuNow3ped9bwNiSLs,ROAR,"trigger 1.89× in the sensor slice (>1.65) — paper probes it, live declines (−$1.01/t measured)",10.538,winner,1.379,1.895,BASE
2026-07-26 23:58:36.807079+00,5fTsALMuCxz9u9tZXkNoo6bXvPdng5AKfha5fZWEpump,Yuki,"trigger 1.96× in the sensor slice (>1.65) — paper probes it, live declines (−$1.01/t measured)",1.956,rug,1.471,1.956,RUG_RISK
2026-07-27 00:14:48.702507+00,HDB1RH2tKGXYK9466fneivXJQaYkRoQEn5bnitYSxs2h,HOUSECAT,"trigger 1.79× in the sensor slice (>1.65) — paper probes it, live declines (−$1.01/t measured)",20.940,winner,1.339,1.794,RUG_RISK
2026-07-27 00:18:36.654448+00,UUdfUfhkqWEQK9wqADgQTQSbE4qpNkNaeCZdjPPpump,Koro,"trigger 2.02× in the sensor slice (>1.65) — paper probes it, live declines (−$1.01/t measured)",3.656,winner,1.472,2.015,RUG_RISK
2026-07-27 00:26:40.298169+00,CXYhWBs3RA94UT9aerE8VPPMqmz7MhqVHbZoukkzqZSc,Koro,pool 2369 below the 8000 depth floor — no exit at size,1.991,rug,1.412,1.991,MOON_STEADY
2026-07-27 00:28:16.219567+00,2qV4NCrDsHAMnxPtWx9Me3m5JxkW1snqQPPMkytqriKC,CATE,pool 2227 below the 8000 depth floor — no exit at size,2.917,winner,1.295,1.675,MOON_SLOW
2026-07-27 00:31:03.247563+00,BTm8YrnpMvmdKTwMN7iJGruyf8cakXXyumbUuMTNSvkv,callcat,pool 2204 below the 8000 depth floor — no exit at size,2.718,winner,1.309,1.715,MOON_SLOW
2026-07-27 00:37:10.026616+00,EXG1zVT4BYKSxvwcpqtBqSRoPLDLVdFSVNVJoCGip1CN,CATE,live_kill engaged,4.461,winner,1.126,1.251,RUG_RISK
2026-07-27 00:38:17.653979+00,4qFojVMvXxgXHw1dUfK2Q2bdmpsppyqTeW7Vs3PYohN1,CATE,pool 2234 below the 8000 depth floor — no exit at size,1.393,rug,1.180,1.393,MOON_FAST
2026-07-27 00:42:46.00625+00,4fpX87tbFhj7G7DjhzximNuAe8bL1D4LfUMvjZP3pump,Cat,RUG_RISK — class is not traded (RUG_RISK not formula-qualified: needs crowd-PASS + in-envelope),2.654,winner,1.409,1.840,RUG_RISK
2026-07-27 00:44:33.355864+00,4pAAhyWdRTyMEqs49MXQ1mWE6ESAozFxgHfat3ounzWm,1cat,live_kill engaged,1.228,dud,1.104,1.218,BASE
2026-07-27 00:49:49.682339+00,5voYZSGyxHoA6FKHyYsFiMpM2GcxFYSGSEMVh5yApump,KKK,live_kill engaged,1.490,rug,1.168,1.308,MOON_STEADY
2026-07-27 00:52:10.840583+00,2F4jQL8pCLgznGdbvZU97R9L2A2geYwzaZcvyw1DMbH1,CATE,pool 2284 below the 8000 depth floor — no exit at size,5.675,winner,1.366,1.866,MOON_STEADY
2026-07-27 00:54:43.871387+00,ER2abovdwwdRBPpDdSXm1hZWvfgNysK2PqrXcF8Jpump,KKK,MOON_SLOW — regime gate: 8h paper -41.1% on 14 — benched,2.249,winner,1.198,1.388,MOON_SLOW
2026-07-27 00:56:12.706073+00,HbyvwyFNRfBbcEjgqUtBUzwEfKw5nnrTmJYnVUT6MeRi,KKK,live_kill engaged,1.820,rug,1.129,1.276,RUG_RISK
2026-07-27 01:10:07.18718+00,3JcveCSzn9acojkM43Ejj8r2s6GGGoCi8sBnG2EqfrQM,E,RUG_RISK — class is not traded (RUG_RISK not formula-qualified: needs crowd-PASS + in-envelope),4.314,winner,1.100,1.210,RUG_RISK
2026-07-27 01:11:21.604285+00,zaKACLJoorkZFM9RvxgPFmCrfcVBihSYmmkvLFNgA6D,ELONIUS,live_kill engaged,3.481,winner,1.157,1.339,RUG_RISK
2026-07-27 01:15:21.828965+00,7FaPbiUYKiWDruSzCjPhiq335cpupAzfrNJJ7DKHEpys,PUSSY⁠,live_kill engaged,1.396,rug,1.111,1.236,RUG_RISK
2026-07-27 01:18:31.94617+00,3uuVvqTQxttb3KZT9QtXRTLmfXgsFgFb98fs3UzPaQAW,CHIRP,live_kill engaged,3.421,winner,1.216,1.474,RUG_RISK
2026-07-27 01:19:15.587898+00,Am8iBffqgaedfdK5XhtorbcRrKzwH9nyL3ySikQfpump,Kimchi,BASE — regime gate: 8h paper 1.0% on 13 — benched (hysteresis holds),3.169,winner,1.409,1.887,BASE
2026-07-27 01:23:16.471856+00,CdqBAHuDvohYZpiWesd2Cmb2zRcVnhHPgd8Cp7V1p377,Kimchi,"trigger 1.69× in the sensor slice (>1.65) — paper probes it, live declines (−$1.01/t measured)",8.880,winner,1.309,1.689,RUG_RISK
2026-07-27 01:37:31.512072+00,EZz9nbriZmexvaRXYH2SBoHhu7w2ntKs3ZuuSgWFxdmK,ca,pool 2087 below the 2500 depth floor (smart-money floor) — no exit at size,2.057,winner,1.280,1.637,MOON_FAST
2026-07-27 01:46:23.162849+00,2TUB4KCRw6bfdewgm54NaNbhLSrYZ4F17x5W7nhFu2fq,POTUS,build-back mode: inflow 1.21× below the strong 1.3× floor — strong band only until the balance rebuilds,2.513,winner,1.214,1.475,BASE
2026-07-27 01:47:57.020004+00,B7JNk3Ar2bpeqokds1Pt9QKNJE6mAZWztPT38BfRgB9Z,🔥POTUS,build-back mode: inflow 1.17× below the strong 1.3× floor — strong band only until the balance rebuilds,4.920,winner,1.175,1.352,MOON_SLOW
2026-07-27 01:48:54.12478+00,BFvg674NwhqdWWV3SYvTkJTdeps9NnrL9VjFyeGDA2eA,SEAL,RUG_RISK — class is not traded (RUG_RISK not formula-qualified: needs crowd-PASS + in-envelope),2.188,winner,1.120,1.252,RUG_RISK
2026-07-27 01:49:46.323537+00,4icgL4uY7QZQrHsSQcKtxECpPn6fvAnhpohGh8yJse48,POTUS,build-back mode: inflow 1.18× below the strong 1.3× floor — strong band only until the balance rebuilds,5.173,winner,1.177,1.386,RISER
2026-07-27 01:53:38.077509+00,3iwgqZDmBS9Cy33PH6CjNd5TrqYnZ5LF9BKyygaypNoq,POTUS,build-back mode: inflow 1.22× below the strong 1.3× floor — strong band only until the balance rebuilds,16.837,winner,1.218,1.481,RISER
2026-07-27 01:56:51.509331+00,Bjga1zzd4WmxqBW2nfYindNgGjgVBU452Einvh5ybwMp,waddles,build-back mode: inflow 1.16× below the strong 1.3× floor — strong band only until the balance rebuilds,1.581,rug,1.157,1.334,RUG_RISK
2026-07-27 02:00:16.255776+00,CBQ7NJvfmTKUaYsEaVQTk4sLA1gHYMGMqYWX89rUpump,Kabosu,RUG_RISK — class is not traded (RUG_RISK not formula-qualified: needs crowd-PASS + in-envelope),1.435,dud,1.145,1.278,RUG_RISK
2026-07-27 02:01:49.071457+00,7fmzdpRWFeWevQceUNBoNP16HVfHMUDKeX8wjJj9hF9c,POTUS,build-back mode: inflow 1.13× below the strong 1.3× floor — strong band only until the balance rebuilds,15.655,winner,1.133,1.284,RUG_RISK
2026-07-27 02:04:53.33614+00,4MzmPksuB3wZkEzSwJGuxY8epRaYxMwHDNEzEzAiNaMQ,MAO,RUG_RISK — class is not traded (RUG_RISK not formula-qualified: needs crowd-PASS + in-envelope),5.118,winner,1.231,1.515,RUG_RISK
2026-07-27 02:05:42.627006+00,H5atJPCcZKMC6VR6pTD1855rwDHrYJnRcipu1sXdetLc,gusic,RUG_RISK — class is not traded (RUG_RISK not formula-qualified: needs crowd-PASS + in-envelope),3.945,winner,1.119,1.256,RUG_RISK
2026-07-27 02:21:47.559804+00,G6zLMJdaK76F4kxUSMBQnjYUjsf4Xw26npsKnWhiRq6g,POTUS,build-back mode: inflow 1.16× below the strong 1.3× floor — strong band only until the balance rebuilds,9.310,winner,1.161,1.346,RUG_RISK
2026-07-27 02:39:40.428502+00,HrWpmvBM4f9y9EE2Ld6M2RfePjoSepCAjx5wMUXJDadX,TRUMP2028,build-back mode: inflow 1.30× below the strong 1.3× floor — strong band only until the balance rebuilds,3.664,winner,1.299,1.685,RISER
2026-07-27 02:40:28.881997+00,HM1BCusmQE21eA1u3azSxiT7ghvBDAmNjmXPJYsepump,Odyssey,RUG_RISK — class is not traded (RUG_RISK not formula-qualified: needs crowd-PASS + in-envelope),1.403,dud,1.134,1.253,RUG_RISK
2026-07-27 02:41:17.96046+00,2FV6R44nfxcQtP1GtZ8AVdaEKqWZZEUj3AwXWE6uV32w,wifcat,build-back mode: inflow 1.17× below the strong 1.3× floor — strong band only until the balance rebuilds,1.691,dud,1.167,1.351,RISER
2026-07-27 02:46:54.366556+00,14PenV5yDbcrUY1fMAzPk7i96pJHN5RQyAJwh18w79qJ,TSLA,RUG_RISK — class is not traded (RUG_RISK not formula-qualified: needs crowd-PASS + in-envelope),5.327,winner,1.163,1.351,RUG_RISK
2026-07-27 02:47:02.069652+00,A9JhXbwUyiGhV9otzqmZRnvbVGzJrDgQN1HCjLun8mm8,POTUS,"trigger 1.84× in the sensor slice (>1.65) — paper probes it, live declines (−$1.01/t measured)",9.914,winner,1.357,1.844,MOON_STEADY
2026-07-27 02:48:28.28033+00,6GsTb7c3iSNQba56ysewmKK4c4kThKcYmnjApfMEphoC,KATFOOD,build-back mode: inflow 1.26× below the strong 1.3× floor — strong band only until the balance rebuilds,3.710,winner,1.262,1.593,RUG_RISK
2026-07-27 02:52:26.111788+00,EsCL2u7Mq2SnFhm5mToBTdFKQN9f2dUk9uH8LuU2GFwi,MAGAVERSE,build-back mode: inflow 1.22× below the strong 1.3× floor — strong band only until the balance rebuilds,16.252,winner,1.222,1.494,RISER
2026-07-27 02:53:59.947392+00,6LfewJcd5PdGRk39xYGfL7DRNMXpqyBkjzbtC5hwLYCT,CTO,RUG_RISK — class is not traded (RUG_RISK not formula-qualified: needs crowd-PASS + in-envelope),1.377,rug,1.166,1.360,RUG_RISK
2026-07-27 03:05:25.250463+00,4BTtCveY8ZcQr5r4nmzjFwQ5y4pCKMu3ywJ5Qq8UCb46,MAGAVERSE,build-back mode: inflow 1.18× below the strong 1.3× floor — strong band only until the balance rebuilds,7.569,winner,1.177,1.389,MOON_FAST
2026-07-27 03:11:01.304926+00,7ZEkTUqWnPHmhqMZTA1sGY6KKVEZHFpmVNvwMnkmvZz8,FROGE,build-back mode: inflow 1.11× below the strong 1.3× floor — strong band only until the balance rebuilds,9.414,winner,1.110,1.233,MOON_STEADY
2026-07-27 03:14:15.513298+00,5tCazTY4MpjScnVdLXoba8DC7pCC8zZwNZyfH936HT6f,MAGAVERSE,build-back mode: inflow 1.18× below the strong 1.3× floor — strong band only until the balance rebuilds,9.803,winner,1.175,1.381,RISER
2026-07-27 03:16:07.700837+00,5uFV5XwtME6Dz6pXqdTeBfjaAxoUmC4Fhpeh3tN8SXxF,BIG,build-back mode: inflow 1.11× below the strong 1.3× floor — strong band only until the balance rebuilds,4.073,winner,1.106,1.222,RUG_RISK
2026-07-27 03:22:06.583936+00,HFMqbvQWMwmWFJzkpi7YZwV2TCpZtBG9QBTpWsou8aL2,Raquizzel,"trigger 1.87× in the sensor slice (>1.65) — paper probes it, live declines (−$1.01/t measured)",10.054,winner,1.368,1.872,BASE
2026-07-27 03:30:15.375038+00,Xs5w4NAarEKsSiQKbJEZBMXKXWwpA7a2hAkF7NVpump,Sheeb,RUG_RISK — class is not traded (RUG_RISK not formula-qualified: needs crowd-PASS + in-envelope),1.663,rug,1.128,1.240,RUG_RISK
2026-07-27 03:31:40.282064+00,C7x5RiPjybMthfuUQ6kxe2UYchYtpJTjXKNVnYmLUBdM,TRUMP2028,build-back mode: inflow 1.13× below the strong 1.3× floor — strong band only until the balance rebuilds,3.464,winner,1.125,1.268,RUG_RISK
2026-07-27 03:31:40.478195+00,4SLntRxvdnLanZQQAwTPGTV3dGfsTGydRN1ig5vmpump,YORKE,build-back mode: inflow 1.12× below the strong 1.3× floor — strong band only until the balance rebuilds,2.585,winner,1.118,1.223,BASE
2026-07-27 03:35:18.991115+00,GVABdmNpPBQcF2V5GTN93KCYU8yN78i33PSTKWpmtjBo,SEB,build-back mode: inflow 1.10× below the strong 1.3× floor — strong band only until the balance rebuilds,9.088,winner,1.096,1.201,RISER
2026-07-27 03:35:42.836612+00,CDGSAog3FB4xmJGWLMcViP2azznMGSUTyrn15da5pump,Scooby,build-back mode: inflow 1.21× below the strong 1.3× floor — strong band only until the balance rebuilds,1.772,rug,1.206,1.400,RISER
2026-07-27 03:38:38.036227+00,2S1Vw5RRBzeFxXGJ2275MYHY9gWNtDQrMZp9t7T3niCA,DAVE,inflow 1.11× below the 1.15× band (71% vs 45% win),12.493,winner,1.110,1.213,BASE
2026-07-27 03:39:43.323436+00,BgMkRPSRhUGYwrKyautXf8H7HmpBLQRw3wyWzdoxRdcJ,CATE,build-back mode: inflow 1.24× below the strong 1.3× floor — strong band only until the balance rebuilds,9.979,winner,1.241,1.539,RISER
2026-07-27 03:41:19.60359+00,8VzwFBjB4mjzrCrkCLSbYUHwgeDyjJyhXZca2kKRb6TH,MAGAVERSE,build-back mode: inflow 1.21× below the strong 1.3× floor — strong band only until the balance rebuilds,11.204,winner,1.205,1.455,RISER
2026-07-27 03:46:04.392529+00,5cjnY14BvBj1n7nuULCN3nMA7mGPJCXTByRPY9SXZU74,Sheeb,build-back mode: inflow 1.19× below the strong 1.3× floor — strong band only until the balance rebuilds,1.783,dud,1.193,1.423,RUG_RISK
2026-07-27 03:57:31.718893+00,H27PkyZchGHmYs4QAE9xKU1qqFGoduH7bxCJ1uWdrMGj,CATE,build-back mode: inflow 1.16× below the strong 1.3× floor — strong band only until the balance rebuilds,1.734,dud,1.159,1.345,BASE
2026-07-27 04:02:42.792282+00,8tThx78SEq3YioUV3G9DsUS51fVhU8xWMKXmwA9WPbED,TA,build-back mode: inflow 1.10× below the strong 1.3× floor — strong band only until the balance rebuilds,2.625,winner,1.097,1.203,RUG_RISK
2026-07-27 04:10:00.520647+00,AjSzTpRyn7kF3ExmCyGveuGKbSEQ52TUtEE74KM7o9Qn,DAVE,build-back mode: inflow 1.13× below the strong 1.3× floor — strong band only until the balance rebuilds,1.471,rug,1.128,1.272,RUG_RISK
2026-07-27 04:14:44.096599+00,J7dia7w4SWvGyWhAUNmMQgE2NsRSRJA41vAqpc7pump,Green,RUG_RISK — class is not traded (RUG_RISK not formula-qualified: needs crowd-PASS + in-envelope),1.482,rug,1.172,1.329,RUG_RISK
2026-07-27 04:18:48.51439+00,H8DW7jzpmW6pnt2c2bUTxtGHRmvudhkGMrL2HbMMjo1m,PUFFIN,build-back mode: inflow 1.13× below the strong 1.3× floor — strong band only until the balance rebuilds,9.535,winner,1.133,1.282,RUG_RISK
2026-07-27 04:19:32.660045+00,995NFMzwFHK34FUwbUH1MXDnjbo8Vko6aL27FZFq9CFS,PUFFIN,build-back mode: inflow 1.24× below the strong 1.3× floor — strong band only until the balance rebuilds,5.068,winner,1.236,1.514,RUG_RISK
2026-07-27 04:20:38.477702+00,51cth2tuLV2bb2ZzqXCbmjLgovK1jUJnkJHaofL4KqDq,PUFFIN,build-back mode: inflow 1.13× below the strong 1.3× floor — strong band only until the balance rebuilds,11.438,winner,1.125,1.265,RUG_RISK
2026-07-27 04:21:10.799648+00,23JkGodSM53xQRyYQ1wDETM4bSCVutzUmGMdCu8P9LfA,SCHRÖDINGER,pool 2261 below the 2500 depth floor (smart-money floor) — no exit at size,1.647,rug,1.284,1.647,MOON_SLOW
2026-07-27 04:26:41.61821+00,4CZiPKiWpqmBxko89BM8jSev9gM43wSr5Qd6PoNNpump,c@,RUG_RISK — class is not traded (RUG_RISK not formula-qualified: needs crowd-PASS + in-envelope),1.626,rug,1.131,1.243,RUG_RISK
2026-07-27 04:26:44.251215+00,8AdSJoCCjKWtRSwdHQwqirHAYSLVS71zGE5wBS5vz2uG,DC,pool 2244 below the 2500 depth floor (smart-money floor) — no exit at size,1.903,rug,1.176,1.385,MOON_SLOW
2026-07-27 04:32:22.454583+00,B9UJCTL1jPsKWK7kdGRCdoFLoiv9XXvr3HmHWxu1Hitf,Puffin,build-back mode: inflow 1.29× below the strong 1.3× floor — strong band only until the balance rebuilds,8.005,winner,1.286,1.660,RISER
2026-07-27 04:32:22.686723+00,B4LUkSMLHLDxumCgCQAxpHybk4fWYGfo19vEtuSZkrB8,PvP,RUG_RISK — class is not traded (RUG_RISK not formula-qualified: needs crowd-PASS + in-envelope),1.247,rug,1.096,1.201,RUG_RISK
2026-07-27 04:37:17.646058+00,9Pm5cSH3S5mFXCToL2Zn9Wqj1zCKnLxJ7ViRtTjkk4TZ,PUFFIN,build-back mode: inflow 1.28× below the strong 1.3× floor — strong band only until the balance rebuilds,10.244,winner,1.279,1.637,BASE
2026-07-27 04:49:25.912128+00,4XkgrGUwRgREQbcKiQW9btpkfjZsYNeKfEwwUPKdpThy,NONGWAN,build-back mode: inflow 1.12× below the strong 1.3× floor — strong band only until the balance rebuilds,4.455,winner,1.120,1.254,RUG_RISK
2026-07-27 05:01:50.620162+00,AMB8AccRniwdRayCvGtEb8GELq1CcGYRpP9a2YSGmXmA,Kabosu,pool 1967 below the 2500 depth floor (smart-money floor) — no exit at size,6.513,winner,1.118,1.250,RUG_RISK
2026-07-27 05:07:42.272881+00,53pBBtRZahES15zE6BeNubg8XmQCcqmE6pHdv3hnkabm,Nongwan,build-back mode: inflow 1.26× below the strong 1.3× floor — strong band only until the balance rebuilds,11.089,winner,1.259,1.579,RISER
2026-07-27 05:09:16.878244+00,J1v7zqb6NTQaMPXxW5aCK2F3rU7oBVGQEmD5UZ7gZRA8,Nongwan,build-back mode: inflow 1.23× below the strong 1.3× floor — strong band only until the balance rebuilds,9.245,winner,1.235,1.522,RISER
2026-07-27 05:16:34.984144+00,CfPpzf337oWzto8P3akNexjjHsNgErpzyTGiHXfeshXL,CAT,RUG_RISK — class is not traded (RUG_RISK not formula-qualified: needs crowd-PASS + in-envelope),1.758,rug,1.122,1.259,RUG_RISK
2026-07-27 05:20:37.750894+00,BqBGGLvxzqeQ4NqNZaQwac2XqvhZ14dkuYgkhzgoKFh3,NONGWAN,pool 1665 below the 2500 depth floor (smart-money floor) — no exit at size,2.239,winner,1.329,1.766,MOON_STEADY
2026-07-27 05:22:32.047337+00,6uuKAuRbXY9DAnqrgcEinBjMpfxurPmLSgEtoidfMxJK,CAT,RUG_RISK — class is not traded (RUG_RISK not formula-qualified: needs crowd-PASS + in-envelope),2.824,winner,1.112,1.235,RUG_RISK
2026-07-27 05:23:46.596293+00,5H2Ji4zXoD9wayhtVffDHeCCzVEHfaE5fCfZzizE9PL1,Nongwan,build-back mode: inflow 1.16× below the strong 1.3× floor — strong band only until the balance rebuilds,1.380,rug,1.163,1.351,RUG_RISK
2026-07-27 05:30:02.411735+00,ENUgFKMtF7VzPRLmfX7NCssKurugvu7Bizfzm5CEs7vq,WAN,build-back mode: inflow 1.22× below the strong 1.3× floor — strong band only until the balance rebuilds,1.687,dud,1.220,1.486,RUG_RISK
2026-07-27 05:32:24.026038+00,8Jruei7AihiUoPDbK2df9jTAFJCuTv7izZNJvBq1zsGM,Nongwan,"trigger 1.66× in the sensor slice (>1.65) — paper probes it, live declines (−$1.01/t measured)",5.444,winner,1.290,1.664,RISER
2026-07-27 05:45:01.377578+00,93LXEmf3Lv7NJCNAcf5dUsB6tcqG2ps9ZDU1cNFSnXqa,WAN,MOON_SLOW — regime gate: 8h paper -19.8% on 12 — benched,4.290,winner,1.279,1.635,MOON_SLOW
2026-07-27 05:48:26.596663+00,7nfgB5Y1e4Z79LavEiXag37TJDmFXJuiVNAjnFCVHeqo,GigaGrok,build-back mode: inflow 1.12× below the strong 1.3× floor — strong band only until the balance rebuilds,3.512,winner,1.118,1.250,BASE
2026-07-27 05:48:33.074283+00,DnGGXy7Cj48PYG8T25xRfxDxLSKY18dhqYWJpBcohz4h,WEN,"trigger 1.70× in the sensor slice (>1.65) — paper probes it, live declines (−$1.01/t measured)",2.514,winner,1.309,1.701,RUG_RISK
2026-07-27 12:05:51.799957+00,E8bAWZaFeyUAn7sNVm7cSB2TiHcHRs1pGdwfrCTtpump,Buddy,sizer $1.69 below fee-viable floor $2.50 — probe-class stays paper (sizer-responsive; mandate tickets are PRECISION-only),3.536,winner,1.347,1.700,RUG_RISK
2026-07-27 12:12:29.073427+00,D4cZNpWydpwWDnGWwtvE6KajJ4uB7nsq48zbUuK1ykSN,Buddies,build-back mode: inflow 1.12× below the strong 1.3× floor — strong band only until the balance rebuilds,4.191,winner,1.125,1.266,BASE
2026-07-27 12:25:19.816638+00,9MKghcZX33TsA2MDkAL5VJZb5ijGfMW2z36BQ4skAy6F,Buddy,build-back mode: inflow 1.11× below the strong 1.3× floor — strong band only until the balance rebuilds,3.098,winner,1.105,1.222,RUG_RISK
2026-07-27 12:50:46.166988+00,HRhudJQpjBMvYhoZGDXJz6nSkSktdXJ6CBjwq61oD2Sc,HOOD,RUG_RISK — class is not traded (RUG_RISK not formula-qualified: needs crowd-PASS + in-envelope),1.676,dud,1.100,1.204,RUG_RISK
2026-07-27 12:55:33.613925+00,2u6iWtNtk3cq8YF2996MQz3xbnciMzs3j9nHMjNbfTez,SKHY,RUG_RISK — class is not traded (RUG_RISK not formula-qualified: needs crowd-PASS + in-envelope),2.062,winner,1.104,1.216,RUG_RISK
2026-07-27 13:02:22.608628+00,Eg6GQtjM6BhZL7K54fXgmnjmnMkuhaPdRRxGtzSKpump,RACCOON,BASE — regime gate: thin sample (2) — waiting for paper to prove the turn,1.325,rug,1.158,1.301,BASE
2026-07-27 13:02:34.643104+00,91R7Y8MfLJRr95EZArnKAixydR6kk2GtBirRML59MZga,ily,sizer $1.73 below fee-viable floor $2.50 — probe-class stays paper (sizer-responsive; mandate tickets are PRECISION-only),16.777,winner,1.324,1.742,RUG_RISK
2026-07-27 13:13:54.56256+00,HKjHWpDVGFAU8j1VRw3ppMbC892YyLWMnP3PLMduZUkZ,JOEY,pool 1990 below the 2500 depth floor (smart-money floor) — no exit at size,144.299,winner,1.258,1.592,MOON_STEADY
2026-07-27 13:14:43.353109+00,Fw8uXJAp5ynTsKPSh9R9J3zX46jPprMpj3fKTx5pVDZX,Sasanka,pool 1882 below the 8000 depth floor — no exit at size,10.237,winner,1.119,1.253,MOON_STEADY
2026-07-27 13:15:32.742534+00,GoYKheQ7yRbMBvScboKr4SyGbTUsSiSZ6t5puQsBcDRY,Sasanka,build-back mode: inflow 1.15× below the strong 1.3× floor — strong band only until the balance rebuilds,3.625,winner,1.153,1.334,RISER
2026-07-27 13:26:44.385546+00,CGj4sxEyMEFhYRZM1eU5FF97xZRPEzs8ExUr89YvPMCG,SASANKA,build-back mode: inflow 1.11× below the strong 1.3× floor — strong band only until the balance rebuilds,1.381,rug,1.115,1.245,RUG_RISK
2026-07-27 13:31:30.106055+00,euXT5wMLfGs1zu2zfgeTUSXhjZNuMMiUZLsLsDKpump,UNTIE,BASE — regime gate: thin sample (3) — waiting for paper to prove the turn,2.385,winner,1.123,1.245,BASE
2026-07-27 13:31:36.941719+00,J54d2cYxMmqKEV1EJmScMuA5UP5c4bCWCj8kJ5zmCrB1,1000SHIB,build-back mode: inflow 1.25× below the strong 1.3× floor — strong band only until the balance rebuilds,11.471,winner,1.248,1.555,MOON_VIOLENT
2026-07-27 13:33:08.994107+00,5QPeaSLrwGRTGHwdKhyCt4P7R3FSQh7fuJYvK9mpump,POLRAC,build-back mode: inflow 1.21× below the strong 1.3× floor — strong band only until the balance rebuilds,4.146,winner,1.208,1.408,RUG_RISK
2026-07-27 13:35:37.514948+00,4zKZ6XVamfF9Uujc2QjMuFa6WcY4thDzHokSeQsgmWoh,VALOR,build-back mode: inflow 1.20× below the strong 1.3× floor — strong band only until the balance rebuilds,1.661,rug,1.205,1.449,RUG_RISK
2026-07-27 13:39:34.430626+00,DwycxxbtEBvydZQ3pedUCw8kq5ennMxjzFhpRvMGvP3h,VALOR,build-back mode: inflow 1.26× below the strong 1.3× floor — strong band only until the balance rebuilds,2.150,winner,1.258,1.581,RUG_RISK
2026-07-27 13:42:57.522271+00,5Yb7HePUUsNJh4HYwHy2FRKWeYqPrg3BQG3VGRBzsQMc,1000SHIB,pool 2167 below the 8000 depth floor — no exit at size,172.925,winner,1.278,1.631,MOON_STEADY
2026-07-27 13:48:20.749165+00,FaBUPugEzFnW5VwQg3EpeRgoPGkBBmJpkEjxDHRBTcMk,George,pool 1736 below the 2500 depth floor (smart-money floor) — no exit at size,1.526,rug,1.163,1.363,MOON_STEADY
2026-07-27 13:49:10.49009+00,Fy26W7Lo1fktq8arKZTUM5MddhhiDk7RUyJvNDvGpump,Simba,RUG_RISK — class is not traded (RUG_RISK not formula-qualified: needs crowd-PASS + in-envelope),2.368,winner,1.411,1.864,RUG_RISK
2026-07-27 13:54:44.726172+00,Fcw46QRvUVqPFvXdSz5grHz8s7SHr1s2vNCpfVhCpump,GTA6,BASE — regime gate: thin sample (3) — waiting for paper to prove the turn,2.013,winner,1.402,1.883,BASE
2026-07-27 14:04:01.573653+00,4q7Sw3oDdpqpNugaSM9dtqNQv7YugX4yJhsUna75z2Bc,KITTY,build-back mode: inflow 1.11× below the strong 1.3× floor — strong band only until the balance rebuilds,4.281,winner,1.108,1.229,RUG_RISK
2026-07-27 14:06:18.914349+00,4efbVNXBPJpht2vfmjhezMpt85b5AKacnj4deKJsjF7c,whitedog,pool 1952 below the 8000 depth floor — no exit at size,2.021,winner,1.236,1.530,MOON_FAST
2026-07-27 14:07:56.815167+00,2d6KDczD6AoRPb5GbRG9SaRCDPdfv8SNpxNnEYkDAkvC,SMOLE,build-back mode: inflow 1.28× below the strong 1.3× floor — strong band only until the balance rebuilds,1.631,rug,1.276,1.631,MOON_FAST
2026-07-27 14:08:43.64931+00,Fg75gUo5qtQhL3iU6iaXaD8b818RK1zGeuysiqFApump,RABBIT,RUG_RISK — class is not traded (RUG_RISK not formula-qualified: needs crowd-PASS + in-envelope),3.752,winner,1.358,1.763,RUG_RISK
2026-07-27 14:14:16.674359+00,DAKc5yijHX1YmQPqCUJzyXKQRkSaUZjUSTZZV7m6pump,RACCOONE,RUG_RISK — class is not traded (RUG_RISK not formula-qualified: needs crowd-PASS + in-envelope),3.379,winner,1.127,1.241,RUG_RISK
2026-07-27 14:27:53.480265+00,8zxvHgkWicCoGjBLEkwEEmzsNVyRxw8y8H64SGnXoRxj,BASEment,sizer $1.70 below fee-viable floor $2.50 — probe-class stays paper (sizer-responsive; mandate tickets are PRECISION-only),2.509,winner,1.436,1.949,RUG_RISK
2026-07-27 14:39:26.653217+00,6M2Qxf6qkfo31SZDcqjKbEC8jyea8dHGdhRGr4iFuYex,PENGUZILLA,build-back mode: inflow 1.18× below the strong 1.3× floor — strong band only until the balance rebuilds,9.812,winner,1.179,1.396,MOON_STEADY
2026-07-27 14:53:44.528979+00,Am5Ufzt4dUJU39rpCNy8vk3YCURKutn1RHmsKA6Ppump,CHILLCOIN,RUG_RISK — class is not traded (RUG_RISK not formula-qualified: needs crowd-PASS + in-envelope),4.598,winner,1.137,1.261,RUG_RISK
2026-07-27 15:06:42.290753+00,5LHP8axrpJjuxyBYMKDg6Wb9HA2gWw6NJ27WsMQ2h4f4,Chestnut,pool 2090 below the 2500 depth floor (smart-money floor) — no exit at size,2.794,winner,1.216,1.480,MOON_STEADY
2026-07-27 15:06:47.415553+00,EXXxzYyBB3JSyrabzYUu4qbrSCLb58T9mKHVRZrNxZei,memecoin,build-back mode: inflow 1.23× below the strong 1.3× floor — strong band only until the balance rebuilds,3.293,winner,1.229,1.511,RISER
2026-07-27 15:07:36.360909+00,82FtDHrgNoBnZ1nH6V3odZrBfzwZeMo99Wy5sD7Npump,Gamma,build-back mode: inflow 1.16× below the strong 1.3× floor — strong band only until the balance rebuilds,1.436,dud,1.159,1.302,MOON_STEADY
2026-07-27 15:08:27.430143+00,G55h1WdgcSkgjY2vAYZeq1YTJm5PwAzkiKNnvdA146W6,Pestolav,build-back mode: inflow 1.20× below the strong 1.3× floor — strong band only until the balance rebuilds,9.300,winner,1.197,1.433,RISER
2026-07-27 15:10:19.939039+00,9Wv7JdmcfqzJnUgtWsV99mNRGmExiNGKDoR6NR1T2pz,Gamma,build-back mode: inflow 1.10× below the strong 1.3× floor — strong band only until the balance rebuilds,1.419,dud,1.096,1.203,BASE
2026-07-27 15:13:21.330758+00,5hiw8Ht3myVviNYjDNU8inLqTj3QhY7N8NGbTSTjn11K,KITTY,RUG_RISK — class is not traded (RUG_RISK not formula-qualified: needs crowd-PASS + in-envelope),1.764,rug,1.126,1.267,RUG_RISK
2026-07-27 15:13:44.017123+00,FzWZ1rFhitg3QxvR82HDvAE8g64EoLtsCr45dAaGRVPD,Chestnut,pool 1928 below the 8000 depth floor — no exit at size,1.410,rug,1.165,1.356,MOON_SLOW
2026-07-27 15:22:24.609859+00,B4PNi2cA1BEGMhbqfaq6qtXw2dQfXRWA7Vov1Ldyo8Ex,D,pool 2024 below the 8000 depth floor — no exit at size,1.669,rug,1.227,1.503,MOON_SLOW
2026-07-27 15:27:05.162654+00,A5AqFGEisi4a9QjW7FEPgR8ptaKrBJZY1eVRZif7NUwR,PCAT,build-back mode: inflow 1.10× below the strong 1.3× floor — strong band only until the balance rebuilds,2.957,winner,1.105,1.220,RUG_RISK
2026-07-27 15:27:54.97964+00,FjvEkdBBRercrKZaAn5LkyZFSqBhBUGLc3aENLi4jQJw,MISO,pool 2042 below the 8000 depth floor — no exit at size,4.383,winner,1.195,1.430,MOON_STEADY
2026-07-27 15:28:03.604312+00,HTmihbNwYN5wJACBuw47PdqjAubxCjXEsPxedWZQpump,kittyslop,RUG_RISK — class is not traded (RUG_RISK not formula-qualified: needs crowd-PASS + in-envelope),4.102,winner,1.355,1.708,RUG_RISK
2026-07-27 15:28:08.953155+00,CRhGak9EoKpsWe3VAbeE7SSNEZjSKNhyc84bbMRhoYHw,Jimothy2.0,RUG_RISK — class is not traded (RUG_RISK not formula-qualified: needs crowd-PASS + in-envelope),1.699,rug,1.119,1.251,RUG_RISK
2026-07-27 15:37:00.42261+00,8kJJJieTq6qeXSch5dhFdM5uN8WipM43Z8a63vGA8Xsw,MISO,pool 1947 below the 8000 depth floor — no exit at size,1.745,rug,1.182,1.397,MOON_SLOW
2026-07-27 15:45:30.832608+00,6nRrdR62AEJGD1eskgaXWDvyxQ4DvDrnMMozQboapump,JimothyToy,build-back mode: inflow 1.20× below the strong 1.3× floor — strong band only until the balance rebuilds,3.978,winner,1.204,1.394,BASE
2026-07-27 15:50:48.294665+00,BRv5aShunPK8KoeW2RaTWJLwEdoAvvGrYQeZeqNEgnRT,MISO,pool 2187 below the 8000 depth floor — no exit at size,2.523,winner,1.241,1.540,MOON_FAST
2026-07-27 15:50:50.607328+00,7NdxzyCk4TbuSrT9tfpQ9Ge7zqHRJQfCN8kWcbQiwmPG,Gregory,pool 1940 below the 8000 depth floor — no exit at size,1.437,rug,1.143,1.308,MOON_STEADY
2026-07-27 15:53:08.745372+00,4UKk3kgrKxn5q1VxX13hCoUkDTCSKJbuXCzcr8oaWY46,Gregory,"trigger 2.05× in the sensor slice (>1.65) — paper probes it, live declines (−$1.01/t measured)",4.257,winner,1.431,2.048,RISER
2026-07-27 15:56:16.778655+00,J4JD3oRtB5jpG7xZ5aMRGyV8FXqL1LZrrWhaMHySJ7G5,Gregory,MOON_VIOLENT — regime gate: thin sample (1) — waiting for paper to prove the turn,1.374,rug,1.148,1.318,MOON_VIOLENT
2026-07-27 15:56:42.573486+00,BihyU6iuxAHDJfj1YA9eRZVUcMGWmGp32UzXk8qfpump,FoodPoop,RUG_RISK — class is not traded (RUG_RISK not formula-qualified: needs crowd-PASS + in-envelope),1.915,dud,1.114,1.213,RUG_RISK
2026-07-27 15:59:06.816708+00,879pQL7eDWUrvZUv2ZpZqngVt5k3a7tCZAjFUWbVGYSf,MISO,pool 2072 below the 8000 depth floor — no exit at size,2.126,winner,1.177,1.384,MOON_STEADY
2026-07-27 15:59:14.062596+00,HQMQwywrwyRBiqdigw8S9zStHbvx84khvCAbDyy2RStL,1000SHIB,pool 2269 below the 8000 depth floor — no exit at size,439.182,winner,1.237,1.531,MOON_SLOW
2026-07-27 15:59:55.003854+00,CXp3wAx2UjJh8TrdjPfsAYNuxaTc2XihyhUbZiENRicS,AP,BASE — regime gate: thin sample (7) — waiting for paper to prove the turn,1.283,rug,1.121,1.235,BASE
2026-07-27 16:02:20.909764+00,Hc5MFgibnYn2vJo24J6fajpj7wGst5ZQy2exSZiLuaCR,Gregor,build-back mode: inflow 1.16× below the strong 1.3× floor — strong band only until the balance rebuilds,7.641,winner,1.159,1.343,RUG_RISK
2026-07-27 16:02:39.724587+00,BcysKd2XMefuZ9EAYjgisD9969bFrR8qg6iC4VkMPrU5,BUT,RUG_RISK — class is not traded (RUG_RISK not formula-qualified: needs crowd-PASS + in-envelope),1.981,rug,1.133,1.268,RUG_RISK
2026-07-27 16:11:02.616263+00,AwZKxuJj3wAsuGKiBKeRNc6GYKEhaXVwoUFFvYHMQzAk,SHIB COIN,pool 2226 below the 2500 depth floor (smart-money floor) — no exit at size,2.454,winner,1.361,1.852,RUG_RISK
2026-07-27 16:11:17.158092+00,DBdQWtprhAojJNduhfD8N3LdyurJGjkN9KTPcSNgtqCt,Tortuga,pool 1939 below the 8000 depth floor — no exit at size,1.486,rug,1.166,1.359,MOON_SLOW
2026-07-27 16:11:21.068167+00,CygnQmJfTnfCxQVez7WKenoUv83V9U448vmVzNSdWooy,Tortuga,build-back mode: inflow 1.13× below the strong 1.3× floor — strong band only until the balance rebuilds,1.511,dud,1.126,1.267,RUG_RISK
2026-07-27 16:14:40.183327+00,96gSpXBbpetSoD8REaSLAReo4dPLafaVBFmZot4g8gcY,Tortuga,pool 1942 below the 2500 depth floor (smart-money floor) — no exit at size,3.537,winner,1.174,1.380,MOON_STEADY
2026-07-27 16:30:55.96452+00,4t7a7xmeu2YVC63gETV5MhVghS8x8piH6vXicpN8UkVR,Gnomes,pool 2162 below the 2500 depth floor (smart-money floor) — no exit at size,1.785,rug,1.255,1.575,MOON_FAST
2026-07-27 16:31:10.982695+00,BvhFk4hdJhPk4q4ZxpbrqKVvG82eUkw4bRyYbQBb59w1,Tortuga,"trigger 2.00× in the sensor slice (>1.65) — paper probes it, live declines (−$1.01/t measured)",3.335,winner,1.413,1.997,MOON_STEADY
2026-07-27 16:34:00.676867+00,92t87DktrvYAi4yuv4TwhAbF4E2C934rJf9zqgsipump,TRENCHLIFE,RUG_RISK — class is not traded (RUG_RISK not formula-qualified: needs crowd-PASS + in-envelope),3.195,winner,1.127,1.242,RUG_RISK
2026-07-27 16:35:49.608642+00,CePs9c7NuvH6ARBK6EKjFf25ZTrjexn7yEyJrjCbrzL6,Tortuga,pool 2070 below the 2500 depth floor (smart-money floor) — no exit at size,2.137,winner,1.174,1.380,MOON_SLOW
2026-07-27 16:36:05.707238+00,9K17zjsoFutFrFLZhWrjfkZdJmmtw5WPDSyZHcRJkZf9,MOONBULL,inflow 1.11× below the 1.15× band (71% vs 45% win),1.421,rug,1.107,1.223,MOON_FAST
2026-07-27 16:48:50.287275+00,CZ4CcBsTKSnktTc9r9yGQhFhLkTmuYjAMncXHuFwiPkf,酷酷来,pool 2220 below the 8000 depth floor — no exit at size,10.246,winner,1.240,1.537,RUG_RISK
2026-07-27 16:51:46.729031+00,CkUTDSpDYRsFjwdZSpLDHKuGsaZCQVNWsLYEkbErWL8q,Body,build-back mode: inflow 1.11× below the strong 1.3× floor — strong band only until the balance rebuilds,3.561,winner,1.206,1.455,RISER
2026-07-27 16:52:34.266006+00,9UGXGmYvzu4y3zKbYhC4t1PpSrv3ptedt4CoyBaj21SX,S&amp;P200,build-back mode: inflow 1.10× below the strong 1.3× floor — strong band only until the balance rebuilds,1.566,rug,1.101,1.212,BASE
2026-07-27 16:54:51.690943+00,6QXHgEUdm2J9m8s5iDQgAsYEQtkTaotz9cWyy9ZrmQZ9,Body,build-back mode: inflow 1.23× below the strong 1.3× floor — strong band only until the balance rebuilds,3.672,winner,1.232,1.520,RISER
2026-07-27 16:59:44.470379+00,CiyPR4hTBkG9SBJuVQTaQapTCZEnXUAoJ7Bdn9gWXtdt,pumpkets,build-back mode: inflow 1.25× below the strong 1.3× floor — strong band only until the balance rebuilds,11.136,winner,1.251,1.562,RISER
2026-07-27 17:00:35.904716+00,HD9imH98GRajpehqc82B72A8qnPgvzWSHAmvJRPepump,Looks,RUG_RISK — class is not traded (RUG_RISK not formula-qualified: needs crowd-PASS + in-envelope),2.786,winner,1.199,1.380,RUG_RISK
2026-07-27 17:04:34.121372+00,HK3igJ6L4MiZZ2zM12Nohu1MGZRzKJvqbpFwz1yopump,JACARE,RUG_RISK — class is not traded (RUG_RISK not formula-qualified: needs crowd-PASS + in-envelope),2.508,winner,1.179,1.362,RUG_RISK
2026-07-27 17:04:41.096599+00,EY9pNx6CeBvE1MXvEADgkUuUVXuyTCysm6NWZFVfavS3,pumpkets,pool 2084 below the 2500 depth floor (smart-money floor) — no exit at size,1.611,rug,1.247,1.555,MOON_STEADY
2026-07-27 17:12:40.708572+00,DDMXBssrBUHH4JxAxjUt3SQ8pogcaFNTNPzhx7RApump,MANTEN,RUG_RISK — class is not traded (RUG_RISK not formula-qualified: needs crowd-PASS + in-envelope),4.221,winner,1.370,1.757,RUG_RISK
2026-07-27 17:15:08.907362+00,5cSqKD3SxrEdA22JAhZVP9tpredXo1X67gbmqjtutxvz,Looks,pool 2368 below the 2500 depth floor (smart-money floor) — no exit at size,2.252,winner,1.389,1.930,MOON_STEADY
2026-07-27 17:20:04.458479+00,3Ahs9Wgp8Kik2S4xt6JahiWhyxmbDTs1fQoQkewD1RsG,Looks,pool 2181 below the 8000 depth floor — no exit at size,15.189,winner,1.195,1.428,MOON_STEADY
2026-07-27 17:22:22.382296+00,roVmtKKmesfWypAKLZEvFm5dgVuBtTEW7yfPfo7pump,TekkaStudio,inflow 1.13× below the 1.15× band (71% vs 45% win),1.642,dud,1.128,1.236,MOON_STEADY
2026-07-27 17:26:16.378076+00,AbEn2wrFgoqhwfFwqf5uq6Gz3eKf3e6AkKoGkRBdJpVX,MANTEN,build-back mode: inflow 1.10× below the strong 1.3× floor — strong band only until the balance rebuilds,1.650,dud,1.104,1.219,BASE
2026-07-27 17:35:53.462837+00,DgsBgHvezpjApZU6REvqf48M4oKH4WQh5v2Hit4tpQhf,Enigma,build-back mode: inflow 1.29× below the strong 1.3× floor — strong band only until the balance rebuilds,12.083,winner,1.292,1.669,RISER
2026-07-27 17:36:53.340147+00,7gBhjcM2nxn2XGzrAsZyxFrE2LF89aU5HqmGUqLYW358,pumpkets,pool 1921 below the 8000 depth floor — no exit at size,1.901,rug,1.169,1.366,MOON_STEADY
2026-07-27 17:53:35.424509+00,CFKgjxvHDNEm1rHoe3TBXuur78jqCiq82AsBkGHyQxBu,Enigma,build-back mode: inflow 1.29× below the strong 1.3× floor — strong band only until the balance rebuilds,6.771,winner,1.287,1.657,RISER
2026-07-27 18:02:26.266605+00,Be2Qke4VjMCJsri9CqYZg4NMpCMfuVi7YKCb4kxeVKwT,Enigma,build-back mode: inflow 1.12× below the strong 1.3× floor — strong band only until the balance rebuilds,2.657,winner,1.122,1.257,RUG_RISK
2026-07-27 18:02:45.055025+00,92B1M1fHB1JrL52rCsQAGLYcYuS6vi9Dw33KZ4jG7Lbe,AP,build-back mode: inflow 1.10× below the strong 1.3× floor — strong band only until the balance rebuilds,1.808,rug,1.103,1.215,BASE
2026-07-27 18:09:33.760719+00,5Ac4GYgsWhgDwADuojbrW13844JJc6MjYJdY5dHjJxwy,GORK,RUG_RISK — class is not traded (RUG_RISK not formula-qualified: needs crowd-PASS + in-envelope),1.416,rug,1.133,1.238,RUG_RISK
2026-07-27 18:31:47.100766+00,DPvgvAdeK9UndbuEHxpoPa2N4Mtui6v6tRHYoRq7pump,$RABBITSOL,build-back mode: inflow 1.26× below the strong 1.3× floor — strong band only until the balance rebuilds,3.846,winner,1.261,1.524,RISER
2026-07-27 18:36:24.3096+00,B67gyKkJivccGKgqj8AToxGxRXH6RmaVJXejhJUmVE4h,MM,build-back mode: inflow 1.10× below the strong 1.3× floor — strong band only until the balance rebuilds,5.842,winner,1.099,1.208,BASE
2026-07-27 18:38:50.894109+00,59z9VgmpXywTDr5s5DRYGjRKKDJnSzjN1CYwsEGKu8f1,Motion,build-back mode: inflow 1.10× below the strong 1.3× floor — strong band only until the balance rebuilds,2.722,winner,1.097,1.200,RUG_RISK
2026-07-27 18:40:49.847466+00,6EZNZF9Ey4x4YxbGhTxLpKmtXjNzhKem4HhWjtVNztny,SMOLE,RUG_RISK — class is not traded (RUG_RISK not formula-qualified: needs crowd-PASS + in-envelope),1.912,dud,1.102,1.217,RUG_RISK
2026-07-27 18:41:10.508995+00,YL4Ru3xfoPss5sPZF3c2ECGb7Bhwn1DfG9ep9k6W322,MMM,pool 1931 below the 8000 depth floor — no exit at size,4.275,winner,1.341,1.803,RUG_RISK
2026-07-27 18:41:22.441742+00,5gFMk6oxskWjd1yhiEZwYx9pa5tvhqgHrBfw6XbRCAVi,MMM,build-back mode: inflow 1.10× below the strong 1.3× floor — strong band only until the balance rebuilds,33.003,winner,1.100,1.212,RUG_RISK
2026-07-27 18:41:55.13505+00,8GPorAwJTRaPrMzBuX3A9deG5HTRde8F9NXijKoT2i3D,MMM,pool 2239 below the 8000 depth floor — no exit at size,2.493,winner,1.356,1.840,MOON_STEADY
2026-07-27 18:44:38.832439+00,33gg4fbVF5zwA3tUA9byVz76hj4wVXx7d2Hf1bYxFFmu,pumpkets,inflow 1.12× below the 1.15× band (71% vs 45% win),1.261,rug,1.123,1.261,MOON_STEADY
2026-07-27 18:47:51.606819+00,4sTfu8UAmDkTYASsEF2TXGCrFEdeGnpNpwNgF3754mtU,MM,price impact 87.0%,1.785,rug,1.336,1.785,MOON_FAST
2026-07-27 18:51:10.698955+00,A5Q3erU9bVJrzNJzLCX8Daa6P5tMMUv3c1nsKcWCzq7g,pumpkets,pool 1945 below the 8000 depth floor — no exit at size,1.702,rug,1.230,1.515,MOON_SLOW
2026-07-27 18:53:05.532592+00,dP16zKqwxQoVaBWbUL5ntH42sZFKDgkqvnuVmMQnLvZ,Ayu Ayu,"trigger 2.05× in the sensor slice (>1.65) — paper probes it, live declines (−$1.01/t measured)",4.873,winner,1.431,2.045,BASE
2026-07-27 18:56:41.019902+00,EkWBYX9QNNZR4SxJ5rC3K3iWNrsoPZE2eStGGxM3XqU,Ayu Ayu,build-back mode: inflow 1.16× below the strong 1.3× floor — strong band only until the balance rebuilds,2.980,winner,1.165,1.354,RUG_RISK
2026-07-27 18:56:57.236673+00,DJvcdSLutnXE8WA6ZzgpzuyD7JxRiNSwkodQ8e3VskvD,MM,pool 2236 below the 8000 depth floor — no exit at size,2.894,winner,1.252,1.564,MOON_STEADY
2026-07-27 19:08:58.697101+00,3F4x5unCVMEhxsvs98v8VfzTT1u9oYmCXTfdDKxru7ms,AAPL,RUG_RISK — class is not traded (RUG_RISK not formula-qualified: needs crowd-PASS + in-envelope),2.018,winner,1.121,1.223,RUG_RISK
2026-07-27 19:34:38.343348+00,6t7ZCU3Q5uPsQiXQEPkExmFRSDLD4ZzdLd6Fh497pump,Puff,RUG_RISK — class is not traded (RUG_RISK not formula-qualified: needs crowd-PASS + in-envelope),1.573,rug,1.251,1.503,RUG_RISK
2026-07-27 19:41:18.542853+00,2AGxZZmPySjQqtininBztQWqgrtDvyxhU2BiaqjcPXLP,Coin,pool 2031 below the 2500 depth floor (smart-money floor) — no exit at size,4.175,winner,1.172,1.374,MOON_SLOW
2026-07-27 19:54:47.376872+00,FbVVRSqf5iSedeKViPdgxYDhQZuD3tzNgaCYDYCxpump,Scam,RUG_RISK — class is not traded (RUG_RISK not formula-qualified: needs crowd-PASS + in-envelope),5.795,winner,1.373,1.759,RUG_RISK
2026-07-27 19:58:03.250148+00,BaGxK3x68XYgPzuw7AsCbnLBK5ciAbRaabfy57dZwon6,Looks,pool 1935 below the 8000 depth floor — no exit at size,1.335,rug,1.156,1.335,MOON_STEADY
2026-07-27 20:21:03.21546+00,3muZ1ZFbvDBXKSkWHzP3jbK49rg8mqgtJZDpeZWwsGnW,Scam,RUG_RISK — class is not traded (RUG_RISK not formula-qualified: needs crowd-PASS + in-envelope),1.490,dud,1.160,1.346,RUG_RISK
2026-07-27 20:21:03.469674+00,6vp5qjojbGKsXUKn9wbGDZ3zHT4bo7ZYx1kzE74kTj5J,RYDER,"trigger 1.80× declined — 1.66-1.95×@strong (extension closed 2026-07-27, rug-fill scoreboard), >2.05×, or unmeasured inflow",6.539,winner,1.342,1.800,RISER
2026-07-27 20:24:53.143668+00,2C3CURT1uZUdqxoxFcMGwbVevom1ETu6FNDcaaByDR7A,BARRON,RUG_RISK — class is not traded (RUG_RISK not formula-qualified: needs crowd-PASS + in-envelope),2.206,winner,1.140,1.271,RUG_RISK
2026-07-27 20:30:14.367339+00,BGBsxrYAt7SLUGXHY5gk1P1kScwfrYKgNsATt3v6pump,PENGUIN,MOON_STEADY — regime gate: 8h paper -6.5% on 22 — benched,2.617,winner,1.355,1.763,MOON_STEADY
2026-07-27 20:39:39.518098+00,G1uMLxP4gtsnS4zTC8huDfPCULaAB7eWNVX7NkADpump,Nugget,RUG_RISK — class is not traded (RUG_RISK not formula-qualified: needs crowd-PASS + in-envelope),2.915,winner,1.463,1.943,RUG_RISK
2026-07-27 20:44:14.839794+00,Hdmk47dydrBXmHeqBToSSHPT5oNP6xzY9XgMn67bpump,CRISCO,sizer $1.69 below fee-viable floor $2.50 — probe-class stays paper (sizer-responsive; mandate tickets are PRECISION-only),2.147,winner,1.221,1.428,RUG_RISK
2026-07-27 20:50:22.180495+00,Aew2AZJovodi8Vsz47XB5LDpYLyuafoPG44QQCLtG5J1,RYDER,pool 2248 below the 2500 depth floor (smart-money floor) — no exit at size,4.956,winner,1.351,1.814,RUG_RISK
2026-07-27 21:24:50.159819+00,5gxYa1rE5fzPJVuFYATYSK1JpLJbq4uFBhkey2mX64bZ,me-me,RUG_RISK — class is not traded (RUG_RISK not formula-qualified: needs crowd-PASS + in-envelope),1.236,rug,1.112,1.236,RUG_RISK
2026-07-27 21:35:40.661247+00,DsWaW8eBxz1eSsvegtTVgkGD8ZZrfzq9WaAPABoomy65,me-me,"trigger 1.88× declined — 1.66-1.95×@strong (extension closed 2026-07-27, rug-fill scoreboard), >2.05×, or unmeasured inflow",5.888,winner,1.372,1.881,RISER
2026-07-27 21:58:11.126526+00,58muKCFU6WWtZVEv8ihgmLtYGxmAi2XqS67eT48VjZi3,Tortuga,MOON_STEADY — regime gate: 8h paper -5.7% on 18 — benched,77.116,winner,1.185,1.403,MOON_STEADY
2026-07-27 22:06:45.767113+00,2frYcRxtWXBttXGVWnWimLWukh8rL5YTAVW54sB7ssor,Bastille,pool 1832 below the 8000 depth floor — no exit at size,1.625,rug,1.155,1.334,MOON_SLOW
2026-07-27 22:08:55.126838+00,EVo4bRhn6NB6oRypmvuiiTLcdiXmz9Ft7UyG1WExpump,LOODY,RUG_RISK — class is not traded (RUG_RISK not formula-qualified: needs crowd-PASS + in-envelope),1.955,dud,1.205,1.411,RUG_RISK
2026-07-27 22:09:10.725456+00,DkTRd1ha2nijg4KgQ4KssKhr3BcDYoti9jC7Y1bF3DzJ,BILL,MOON_STEADY — regime gate: 8h paper -4.8% on 19 — benched (hysteresis holds),1.953,rug,1.226,1.503,MOON_STEADY
2026-07-27 22:11:34.84655+00,FiuULgezstjci4h2GtPrZwu5A19RES17p7vtw5HYbwq9,Jimothy2.0,RUG_RISK — class is not traded (RUG_RISK not formula-qualified: needs crowd-PASS + in-envelope),1.822,dud,1.100,1.210,RUG_RISK
2026-07-27 22:15:34.703199+00,FL9EbNF54mQCihTSZXKUfY226DrWvrVpbVhQ3TEp3Zct,Monke,pool 1873 below the 8000 depth floor — no exit at size,3.291,winner,1.206,1.454,MOON_FAST
2026-07-27 22:22:25.207366+00,HP6Gm4z8ZS3JR1YCUrhVxPDkwxxe3kWdWHsyzC8mmHfM,Doinks the Frog,inflow 1.10× below the 1.15× band (71% vs 45% win),1.650,rug,1.102,1.219,MOON_FAST
2026-07-27 22:25:40.868222+00,7GmQusr2ENaowP5pMS8LdRFSTW1r2xQHUyCfraYRQMHH,DOINKS,"inflow 1.10× below the 1.2× floor — sub-envelope crowd-pass ran −$0.81/t at size (F3 floor, ratified; paper probes it)",1.631,rug,1.101,1.206,RISER
2026-07-27 22:26:31.7396+00,352gGim48yvHRAAdRx7SeqiTfJXaZEck8WK4SZrcpump,autopsy,RUG_RISK — class is not traded (RUG_RISK not formula-qualified: needs crowd-PASS + in-envelope),4.633,winner,1.410,1.853,RUG_RISK
2026-07-27 22:30:42.435568+00,FjwxiiBaaAoRXkz6SMxCkgdmaJRMt9WgUQNweJmcpump,PUMPCOIN,RUG_RISK — class is not traded (RUG_RISK not formula-qualified: needs crowd-PASS + in-envelope),1.505,dud,1.206,1.403,RUG_RISK
2026-07-27 22:59:22.368369+00,44YsX58xSyt6xQY2J9HT8th3Pu8QEP4swMBL5QMpuU2f,COGE,MOON_STEADY — regime gate: 8h paper -6.4% on 18 — benched,2.623,winner,1.178,1.386,MOON_STEADY
2026-07-27 23:13:21.023626+00,GhXjuFRLEDJWwvzyM537VwVCcbkuzBsoy9z1RqKrPaDu,budi,pool 1973 below the 8000 depth floor — no exit at size,1.412,rug,1.189,1.412,MOON_SLOW
2026-07-27 23:18:42.907254+00,4b2zn4iTJZyQ1NTa3fbx8LNRkogux9qAH9ba4DNfzRiC,budi,MOON_VIOLENT — regime gate: thin sample (3) — waiting for paper to prove the turn,1.322,rug,1.162,1.321,MOON_VIOLENT
2026-07-27 23:23:21.715285+00,366gLzZCnFaTCKwu3WTVgAupyEjPobADzQcpyDqg2znb,unvampable,RUG_RISK — class is not traded (RUG_RISK not formula-qualified: needs crowd-PASS + in-envelope),1.548,rug,1.114,1.209,RUG_RISK
2026-07-27 23:23:28.880173+00,Dyw1XkqCgB7szhbfP6uDnEPmVXoBwWYZDn8nyNywQend,PATIENCE,pool 2430 below the 8000 depth floor — no exit at size,6.562,winner,1.268,1.607,MOON_SLOW
2026-07-27 23:39:30.825139+00,7AhXcxhEeR7HuqG5XxN4PescwsBiD3rGbKUgnxeApump,PIKACHU,RUG_RISK — class is not traded (RUG_RISK not formula-qualified: needs crowd-PASS + in-envelope),2.225,winner,1.136,1.257,RUG_RISK
2026-07-27 23:40:19.006353+00,3yhQt5puj1sxZLp7dWfGPwRZQbRzTQ7NTjLe23Fipump,SONYA,RUG_RISK — class is not traded (RUG_RISK not formula-qualified: needs crowd-PASS + in-envelope),1.282,rug,1.151,1.282,RUG_RISK
2026-07-27 23:51:30.509498+00,7uJU7tWaexcJEfUE9E3BtdSjrcckhFmaX3PE21Eipump,meme,RUG_RISK — class is not traded (RUG_RISK not formula-qualified: needs crowd-PASS + in-envelope),2.012,winner,1.371,1.783,RUG_RISK
2026-07-27 23:52:19.365183+00,4p2VSiQtfq3n1Rk7jxkdZwkfnv79D4GYiZHQovZXeaEY,KITTY,RUG_RISK — class is not traded (RUG_RISK not formula-qualified: needs crowd-PASS + in-envelope),1.878,dud,1.099,1.205,RUG_RISK
2026-07-28 00:00:19.038271+00,3N5uvmRnxbaJjSWAXwq5R7djcceR6DSFpD36irwBrvPa,SBTC,"RECOVERED tier on meteora-damm-v2 — paper-only until proven (16/21 unsellables, −$34.58/4d, instant-pull farm profile; reopens on ~30 clean fills + operator wor",6.472,winner,1.308,1.711,RISER
2026-07-28 00:00:26.102646+00,5uEM9vnbgsDQm51amMHeu6k8iwrCTQoARkZVaynTugc3,VRCAT,"RECOVERED tier on meteora-damm-v2 — paper-only until proven (16/21 unsellables, −$34.58/4d, instant-pull farm profile; reopens on ~30 clean fills + operator wor",8.322,winner,1.119,1.252,RUG_RISK
2026-07-28 00:09:38.121892+00,Yf91rjD4RjtgmYn5L5J3BExkEbcTrKJ3gp75zuQpump,JB,RUG_RISK — class is not traded (RUG_RISK not formula-qualified: needs crowd-PASS + in-envelope),1.651,dud,1.140,1.264,RUG_RISK
2026-07-28 00:12:45.198223+00,2dPw7FG2vepNEQWAYU2yaCwL1k5gKUCJDUidmR2UWHWz,JB,"RECOVERED tier on meteora-damm-v2 — paper-only until proven (16/21 unsellables, −$34.58/4d, instant-pull farm profile; reopens on ~30 clean fills + operator wor",4.309,winner,1.109,1.231,RISER
2026-07-28 00:13:32.355008+00,Fq5uzRjqvL3c6YDxj2JnKRj2mKNhqzVKGDyVKrDvY5o6,DUVE,pool 1698 below the 8000 depth floor — no exit at size,3.015,winner,1.168,1.366,MOON_SLOW
2026-07-28 00:28:24.433086+00,ABBoY7v3ez7Qibk2PtUfoxQGF2h6BNLh2ERgbJbeePRu,SEAL,"RECOVERED tier on meteora-damm-v2 — paper-only until proven (16/21 unsellables, −$34.58/4d, instant-pull farm profile; reopens on ~30 clean fills + operator wor",8.366,winner,1.200,1.436,RISER
2026-07-28 00:30:31.342593+00,Cqs44SvKQuUWpEC2t2vGMqhRHDx5tGPnVqXjxSBwArLG,SEAL,"RECOVERED tier on meteora-damm-v2 — paper-only until proven (16/21 unsellables, −$34.58/4d, instant-pull farm profile; reopens on ~30 clean fills + operator wor",2.239,winner,1.293,1.668,RUG_RISK
2026-07-28 00:32:17.535925+00,1XJup899tViLp2gh1bVibJ2CEf7LVrMAB4tZf2Sywgz,SEAL,"RECOVERED tier on meteora-damm-v2 — paper-only until proven (16/21 unsellables, −$34.58/4d, instant-pull farm profile; reopens on ~30 clean fills + operator wor",7.768,winner,1.186,1.409,RUG_RISK
2026-07-28 00:37:06.329236+00,FrstcLMqpW6jtH67jfjFowFSN5YM6rkKrUFNWLyV5ZNh,budi,"RECOVERED tier on meteora-damm-v2 — paper-only until proven (16/21 unsellables, −$34.58/4d, instant-pull farm profile; reopens on ~30 clean fills + operator wor",4.978,winner,1.120,1.252,MOON_SLOW
2026-07-28 00:49:42.633+00,5rAXvGiN2aQxS6WLqpNM7v4VjWpkicnMLTbNadbULo2w,Hih,"trigger 1.89× declined — 1.66-1.95×@strong (extension closed 2026-07-27, rug-fill scoreboard), >2.05×, or unmeasured inflow",6.222,winner,1.373,1.890,RISER
2026-07-28 00:53:35.979222+00,8HrFzdgY2HTfKMSyhdgTygJgJn17yyTJoKTTVf52rX4p,GLM,RUG_RISK — class is not traded (RUG_RISK not formula-qualified: needs crowd-PASS + in-envelope),2.660,winner,1.141,1.301,RUG_RISK
2026-07-28 00:56:41.101947+00,BDBP5SmjQvGL2khXwLZjmasuYxdMjYtNP6tPgCrwfr56,olever,"RECOVERED tier on meteora-damm-v2 — paper-only until proven (16/21 unsellables, −$34.58/4d, instant-pull farm profile; reopens on ~30 clean fills + operator wor",1.593,rug,1.131,1.279,RUG_RISK
2026-07-28 00:57:28.219595+00,95ueLZNxW6nbQbjrMSc4bsu8XwjUSi85c6xcg4TNWxjo,1BILL,live_kill engaged,3.656,winner,1.151,1.319,RUG_RISK
2026-07-28 00:57:30.794888+00,Ek1TGJbmru5ArX5j3cmh7HLx96V5X5sJxo1z7Vw4S2Sk,Sero,"RECOVERED tier on meteora-damm-v2 — paper-only until proven (16/21 unsellables, −$34.58/4d, instant-pull farm profile; reopens on ~30 clean fills + operator wor",1.995,dud,1.210,1.465,BASE
2026-07-28 00:58:17.078079+00,Zw8wAxF9fkim4DhqmLhBg9P1EfcMysPmVmcgPe3dLPc,budi,"RECOVERED tier on meteora-damm-v2 — paper-only until proven (16/21 unsellables, −$34.58/4d, instant-pull farm profile; reopens on ~30 clean fills + operator wor",9.039,winner,1.228,1.508,MOON_STEADY
2026-07-28 00:59:53.598262+00,HRkFPhDCswc6vq6dp8Z7cQCeNfR5XzPUPebjoUhkk7rL,TripleT,"RECOVERED tier on meteora-damm-v2 — paper-only until proven (16/21 unsellables, −$34.58/4d, instant-pull farm profile; reopens on ~30 clean fills + operator wor",6.646,winner,1.165,1.358,BASE
2026-07-28 01:19:52.072957+00,ELBWGw6MJq5Epww3WXVKdre2zQwKJe8VmBfjCrkzandy,ANDY,RUG_RISK — class is not traded (RUG_RISK not formula-qualified: needs crowd-PASS + in-envelope),3.683,winner,1.301,1.604,RUG_RISK
2026-07-28 01:23:02.96703+00,EjMigVhoJDd5ACiqssYJK7FRUD8aWgRj1owsboLmmz6a,CLARITY,"RECOVERED tier on meteora-damm-v2 — paper-only until proven (16/21 unsellables, −$34.58/4d, instant-pull farm profile; reopens on ~30 clean fills + operator wor",3.915,winner,1.242,1.539,RUG_RISK
2026-07-28 01:26:55.051048+00,7YPz23UX6hffetgCKTtsgcYtAP7sL3eecUXohVsSt9cm,Ryder,RUG_RISK — class is not traded (RUG_RISK not formula-qualified: needs crowd-PASS + in-envelope),1.608,rug,1.152,1.279,RUG_RISK
2026-07-28 01:36:56.292003+00,7vD52aHTem2jfjWg3k618712WBYrGCqbFyo15QDGbPhP,Pumpdogs,pool 2115 below the 8000 depth floor — no exit at size,40.679,winner,1.340,1.795,MOON_FAST
2026-07-28 01:44:14.050699+00,BrvL28NGUDbrzu9qnBQG4tU6JTvN6ZUaD6PTtMbgqsTD,Chupe,"RECOVERED tier on meteora-damm-v2 — paper-only until proven (16/21 unsellables, −$34.58/4d, instant-pull farm profile; reopens on ~30 clean fills + operator wor",7.104,winner,1.198,1.435,MOON_STEADY
2026-07-28 01:46:12.59437+00,5nYWM4pCE7uW5jgBDdHmvQBFUjphokhh6jgxdbmq776n,S&amp;P200,RUG_RISK — class is not traded (RUG_RISK not formula-qualified: needs crowd-PASS + in-envelope),2.571,winner,1.103,1.215,RUG_RISK
2026-07-28 01:54:10.341199+00,CdxnsPP1QvrKBCSy6XbRkeDCwv2LjgWRpqfzZpRKNtY9,FBS,RUG_RISK — class is not traded (RUG_RISK not formula-qualified: needs crowd-PASS + in-envelope),1.328,rug,1.121,1.225,RUG_RISK
2026-07-28 02:06:20.353326+00,2PgpxvhCpcuB81gvEwj2Rdpa1WwkpDWUWRzUEfz1agjq,CLARITY,pool 2201 below the 2500 depth floor (smart-money floor) — no exit at size,3.419,winner,1.281,1.642,MOON_VIOLENT
2026-07-28 02:06:33.408568+00,9jQdkBkPff1VtazyytBYnS5z5qv4ne5jGNG22i6K9VYN,4k,"RECOVERED tier on meteora-damm-v2 — paper-only until proven (16/21 unsellables, −$34.58/4d, instant-pull farm profile; reopens on ~30 clean fills + operator wor",14.726,winner,1.110,1.233,RUG_RISK
2026-07-28 02:07:25.889143+00,AJwxwuq1jtzyZKUtMhiu4gpjgoVey7Yzk9SgLbKmdXHd,AMORFATI,pool 1913 below the 2500 depth floor (smart-money floor) — no exit at size,8.867,winner,1.232,1.516,MOON_FAST
2026-07-28 02:08:36.308146+00,AmVkFdFF7ZfDum2xs28naFKpWPkLDctBZbdnWFZaEqK7,AMORFATI,"RECOVERED tier on meteora-damm-v2 — paper-only until proven (16/21 unsellables, −$34.58/4d, instant-pull farm profile; reopens on ~30 clean fills + operator wor",5.176,winner,1.238,1.533,BASE
2026-07-28 02:08:41.285179+00,BwtfATNmuF9xAu54JLyTMq1oD9wV9ZDw9X2nLDp86HGN,PERCY,"RECOVERED tier on meteora-damm-v2 — paper-only until proven (16/21 unsellables, −$34.58/4d, instant-pull farm profile; reopens on ~30 clean fills + operator wor",1.529,rug,1.102,1.211,RUG_RISK
2026-07-28 02:11:42.489993+00,BPc1fDrpNNHdiv46n42WvdXdkeErx9xKkoBaiad6NaS,AMORFATI,"RECOVERED tier on meteora-damm-v2 — paper-only until proven (16/21 unsellables, −$34.58/4d, instant-pull farm profile; reopens on ~30 clean fills + operator wor",8.616,winner,1.228,1.508,RISER
2026-07-28 02:22:18.298962+00,4e85euP31c1mz6DHHY24DiwTdnnBDGp85kVP6aP75VoU,AMORFATI,"RECOVERED tier on meteora-damm-v2 — paper-only until proven (16/21 unsellables, −$34.58/4d, instant-pull farm profile; reopens on ~30 clean fills + operator wor",16.069,winner,1.139,1.295,RUG_RISK
2026-07-28 02:23:12.175868+00,HFAgSnwUrFkrdXp72WyWe5KXYm16uHRZhYkhh3Cie5an,AMORFATI,pool 2070 below the 8000 depth floor — no exit at size,1.656,rug,1.173,1.376,MOON_STEADY
2026-07-28 02:25:09.949294+00,8Lx1eG26MTvjvenw5CtHMqCXshT5LyHpqkyx18eZ62Cy,KORI,live_kill engaged,3.800,winner,1.172,1.370,RUG_RISK
2026-07-28 02:27:29.479606+00,EvArnUk5YgJhyzSidAf94Th73B2HgeZkW9TMQ67aiSxy,BNUT,RUG_RISK — class is not traded (RUG_RISK not formula-qualified: needs crowd-PASS + in-envelope),2.005,winner,1.118,1.250,RUG_RISK
2026-07-28 02:37:34.128822+00,57aJfPxk73pdZP9wcywGengaZKWEWYf76LPYWN3sNueA,BNUT,MOON_SLOW — regime gate: 8h paper -27.8% on 10 — benched,3.914,winner,1.202,1.390,MOON_SLOW
2026-07-28 02:42:18.086189+00,38G24ufEoPwQXKMoN1qaM4DLuVBsEiAmYKQDzfhZcMXF,BNUT,live_kill engaged,2.600,winner,1.129,1.274,RUG_RISK
2026-07-28 02:46:09.433647+00,HoUULaUNRnj73mA4fZYZXvS5a46RL7PBVwVcrCPHnVVc,BNUT,"RECOVERED tier on meteora-damm-v2 — paper-only until proven (16/21 unsellables, −$34.58/4d, instant-pull farm profile; reopens on ~30 clean fills + operator wor",7.516,winner,1.105,1.221,RUG_RISK
2026-07-28 02:49:14.952742+00,39UuHD4drcvbwXi2ktQ7QciPMkVSjQCfqbboM5K9xNC8,DOGSHIT,"RECOVERED tier on meteora-damm-v2 — paper-only until proven (16/21 unsellables, −$34.58/4d, instant-pull farm profile; reopens on ~30 clean fills + operator wor",3.204,winner,1.193,1.424,RISER
2026-07-28 02:50:54.572323+00,9HxvbmC6z9beaNrEYR9co6sMyM1PgrfZMamaHSqM1PtZ,DOGSHIT,"inflow 1.19× below the 1.2× floor — sub-envelope crowd-pass ran −$0.81/t at size (F3 floor, ratified; paper probes it)",1.763,rug,1.186,1.353,MOON_SLOW
2026-07-28 03:04:04.977491+00,FskZP6JTUJpp7xpUVyyMf8Qgv5NrNKH62AtALnVEAyKv,OBSOLETE,"RECOVERED tier on meteora-damm-v2 — paper-only until proven (16/21 unsellables, −$34.58/4d, instant-pull farm profile; reopens on ~30 clean fills + operator wor",5.944,winner,1.340,1.794,BASE
2026-07-28 03:05:50.962226+00,D8w8gyuSeYSQw5UC6hu3LG7t4PwTSmokztawsmx72xs6,OOT,RUG_RISK — class is not traded (RUG_RISK not formula-qualified: needs crowd-PASS + in-envelope),4.737,winner,1.111,1.234,RUG_RISK
2026-07-28 03:15:04.041532+00,V9gt41X673nKL64pk5i7KJ5shF7L8iSHpJwxGGkg2N6,PESO,live_kill engaged,2.563,winner,1.119,1.252,RUG_RISK
2026-07-28 03:18:24.463672+00,CpqEW3QDVjibGkFwDLWt12z7pH6y9V6uwmfjo7Hmpump,Chong,"inflow 1.14× below the 1.2× floor — sub-envelope crowd-pass ran −$0.81/t at size (F3 floor, ratified; paper probes it)",1.909,rug,1.136,1.250,MOON_SLOW
2026-07-28 03:19:11.829333+00,FqkQast5Jf1Gfez4JNomE26t8PfAaPNJc8sjndnGxQ5Z,Chong,"RECOVERED tier on meteora-damm-v2 — paper-only until proven (16/21 unsellables, −$34.58/4d, instant-pull farm profile; reopens on ~30 clean fills + operator wor",10.346,winner,1.133,1.283,RUG_RISK
2026-07-28 03:31:41.840461+00,8ue9g5zxCeJkuTJR79yrvWFVY8qnWjAm8RsZ4btCvThG,Elonomist,pool 2076 below the 2500 depth floor (smart-money floor) — no exit at size,14.519,winner,1.295,1.618,MOON_FAST
2026-07-28 03:36:54.254976+00,4qagzD2vNWGs4cEhrN9PvAEHEM3xoRXNn1bbSST2pump,AKIRA,inflow 1.12× below the 1.15× band (71% vs 45% win),1.341,rug,1.120,1.221,MOON_STEADY
2026-07-28 03:41:29.614332+00,4rjofGQtmu5ZWf7nDFMroC1h2mENnY58EbvhMhgQhrA6,HOOD,live_kill engaged,3.065,winner,1.117,1.223,RUG_RISK
2026-07-28 03:46:54.315556+00,6kP48bkuhs9x5iR3h88X26K2dj89JZ6evaUb435rWQG1,Bean,"RECOVERED tier on meteora-damm-v2 — paper-only until proven (16/21 unsellables, −$34.58/4d, instant-pull farm profile; reopens on ~30 clean fills + operator wor",3.157,winner,1.178,1.389,RISER
2026-07-28 03:53:04.438734+00,HatVQQP6jGjwbhhYiSotv3dSAVv9Y3NdCAZxUrGupump,POCK,live_kill engaged,1.918,rug,1.318,1.643,RUG_RISK
2026-07-28 03:54:14.785029+00,7FCKz8JzVCMm6coHUySn61rL9diJ6BTYToY7aXrvpump,POE,inflow 1.12× below the 1.15× band (71% vs 45% win),1.530,rug,1.124,1.238,BASE
2026-07-28 03:56:12.477797+00,DWaZo14hTEtKQWqjpnmNfFqcdj1KymZEE1FMqWJs3ScQ,POCK,"RECOVERED tier on meteora-damm-v2 — paper-only until proven (16/21 unsellables, −$34.58/4d, instant-pull farm profile; reopens on ~30 clean fills + operator wor",2.729,winner,1.339,1.792,RISER
2026-07-28 03:59:16.990331+00,7pNgafiP4JoUhw8fFJn4z9GCSFpHRj8m2LP1TSndXJbC,cow,"RECOVERED tier on meteora-damm-v2 — paper-only until proven (16/21 unsellables, −$34.58/4d, instant-pull farm profile; reopens on ~30 clean fills + operator wor",1.655,dud,1.170,1.368,RISER
2026-07-28 03:59:22.107464+00,5b8KQNrrnpvmU9Kyw5zZ4B9nqJZBA1UTpeMrfcz2tdSB,AKIRA,"RECOVERED tier on meteora-damm-v2 — paper-only until proven (16/21 unsellables, −$34.58/4d, instant-pull farm profile; reopens on ~30 clean fills + operator wor",2.300,winner,1.147,1.316,RUG_RISK
2026-07-28 04:02:57.367599+00,8HWyw5roKQnBAr6pXoYNt8uoEvBTV4UH1TATrjdsVgn1,BLUE,pool 2184 below the 8000 depth floor — no exit at size,2.230,winner,1.161,1.353,MOON_FAST
2026-07-28 04:07:50.49598+00,Equ6yHozqhLDyVMnSFVFtNWN71vNGhDoQN3qYWcqHqwS,CAPYCHAD,pool 2306 below the 2500 depth floor (smart-money floor) — no exit at size,2.916,winner,1.263,1.514,MOON_STEADY
2026-07-28 04:10:07.018693+00,FTsYkiPz5k4shFrecNZjAWBBnKzQLeKsQHSCL76Xpump,CAPYCHAD,live_kill engaged,3.619,winner,1.250,1.509,BASE
2026-07-28 04:29:24.521796+00,BHvVceWSyNhL9em7iPrByrtZd3BAvRRpKkn6poksJvec,LOOT,"RECOVERED tier on meteora-damm-v2 — paper-only until proven (16/21 unsellables, −$34.58/4d, instant-pull farm profile; reopens on ~30 clean fills + operator wor",10.453,winner,1.116,1.246,RUG_RISK
2026-07-28 04:29:51.254624+00,3Yy5mTcLiMuM6812FHxrNB8ViGYsKUTgFV7SetGvpump,NOBIKO,RUG_RISK — class is not traded (RUG_RISK not formula-qualified: needs crowd-PASS + in-envelope),1.223,rug,1.114,1.223,RUG_RISK
2026-07-28 04:35:12.503199+00,FjZQC513ZBNMMosst5L7tU35ST7jxSBg7eWq5CnucPQj,cow,live_kill engaged,7.812,winner,1.098,1.207,RUG_RISK
2026-07-28 04:40:59.082444+00,AEBbuz9XRSsTifPTn8BmwjCvCQCgBseodtvnJaA78cvN,Horsefly,RUG_RISK — class is not traded (RUG_RISK not formula-qualified: needs crowd-PASS + in-envelope),2.305,winner,1.121,1.256,RUG_RISK
2026-07-28 04:48:45.62126+00,DQ6URBPAiPP3ewwNsQLhm58D9M6zfGMS7gxSJLXQct39,BNUT,"RECOVERED tier on meteora-damm-v2 — paper-only until proven (16/21 unsellables, −$34.58/4d, instant-pull farm profile; reopens on ~30 clean fills + operator wor",2.610,winner,1.315,1.748,BASE
2026-07-28 04:48:45.94278+00,J5umHfQh4gvqPdFUynEd8RkztZ2z36F8hkcY744BYFFy,BDOVE,"RECOVERED tier on meteora-damm-v2 — paper-only until proven (16/21 unsellables, −$34.58/4d, instant-pull farm profile; reopens on ~30 clean fills + operator wor",1.683,dud,1.198,1.436,RISER
2026-07-28 04:52:34.836128+00,EuuJcp6zEHaKcszLNgisFoQqJ5qmk4SrFhgcMWkqkG1d,BNUT,"RECOVERED tier on meteora-damm-v2 — paper-only until proven (16/21 unsellables, −$34.58/4d, instant-pull farm profile; reopens on ~30 clean fills + operator wor",11.148,winner,1.287,1.642,RUG_RISK
2026-07-28 04:57:35.063527+00,ArAsiKWiJyddLwmkP25PjWHwU7a1nTuz9eqQ6pCTpump,Bean,inflow 1.14× below the 1.15× band (71% vs 45% win),1.568,rug,1.139,1.259,MOON_STEADY
2026-07-28 05:05:04.122709+00,DdLECbpf2vAqixrPvcyG6Xt2LeSN5cWPu1jXHz2JB8zn,USOS,"trigger 1.74× declined — 1.66-1.95×@strong (extension closed 2026-07-27, rug-fill scoreboard), >2.05×, or unmeasured inflow",2.009,winner,1.325,1.740,RUG_RISK
2026-07-28 05:05:50.640055+00,3dHWFVBGdeKqyPYReim2jjLuHh1PGJgpKyuDPhZXBahM,Bean,"RECOVERED tier on meteora-damm-v2 — paper-only until proven (16/21 unsellables, −$34.58/4d, instant-pull farm profile; reopens on ~30 clean fills + operator wor",1.246,rug,1.113,1.246,RUG_RISK
2026-07-28 05:08:22.076941+00,DTLt83DxrfPcCnisy8dz1RzskjKPpmscVtyaQc3k4itc,Bean,"RECOVERED tier on meteora-damm-v2 — paper-only until proven (16/21 unsellables, −$34.58/4d, instant-pull farm profile; reopens on ~30 clean fills + operator wor",2.675,winner,1.096,1.201,RUG_RISK
2026-07-28 05:11:57.855405+00,6U3P5RzAAyaUKYrhkcjEHbG8i7TCn6gmvV476vGqjwoQ,Bean,"RECOVERED tier on meteora-damm-v2 — paper-only until proven (16/21 unsellables, −$34.58/4d, instant-pull farm profile; reopens on ~30 clean fills + operator wor",1.344,rug,1.107,1.228,RUG_RISK
2026-07-28 05:17:25.466855+00,Ar6xaq5VDV2mPmASd7YXCze6vQKJC1rLonmwWoPY1co1,Bean,"RECOVERED tier on meteora-damm-v2 — paper-only until proven (16/21 unsellables, −$34.58/4d, instant-pull farm profile; reopens on ~30 clean fills + operator wor",4.340,winner,1.121,1.252,BASE
2026-07-28 05:18:59.693016+00,JEBwafpRGkyan2jrThdcs3GGzpWvYf8XTdsKTwcyGDJg,ROCKY,"RECOVERED tier on meteora-damm-v2 — paper-only until proven (16/21 unsellables, −$34.58/4d, instant-pull farm profile; reopens on ~30 clean fills + operator wor",10.200,winner,1.110,1.227,RUG_RISK
2026-07-28 05:21:22.28064+00,GekR2ws7479cXKjNv43Mx2rw6BzgZXd2m5Cfco5BRNkx,EGGDOG⁠,"RECOVERED tier on meteora-damm-v2 — paper-only until proven (16/21 unsellables, −$34.58/4d, instant-pull farm profile; reopens on ~30 clean fills + operator wor",5.959,winner,1.190,1.414,RISER
2026-07-28 05:24:30.151269+00,DuwWryxHmxgCeU3MPXTnNNjyaWqk7wyDpU5N4hzppump,GOTH,RUG_RISK — class is not traded (RUG_RISK not formula-qualified: needs crowd-PASS + in-envelope),3.892,winner,1.150,1.281,RUG_RISK
2026-07-28 05:27:53.696872+00,38K55aqSCMrahqPBTZLLa9DvKygaSG4NqhxXvGE4pump,Appa,RUG_RISK — class is not traded (RUG_RISK not formula-qualified: needs crowd-PASS + in-envelope),3.606,winner,1.107,1.208,RUG_RISK
2026-07-28 05:28:16.547646+00,Gt8JhihdercHUn6nf8Xs3SFf1mSHFjUkjgSLWz7Dpump,ROCKY,RUG_RISK — class is not traded (RUG_RISK not formula-qualified: needs crowd-PASS + in-envelope),4.563,winner,1.130,1.244,RUG_RISK
2026-07-28 05:43:35.642142+00,6ZfAA2GFycnzvG798vMErUhSTSBahZ4iNCgc8o3T728L,Diary,"trigger 1.88× declined — 1.66-1.95×@strong (extension closed 2026-07-27, rug-fill scoreboard), >2.05×, or unmeasured inflow",4.923,winner,1.363,1.882,BASE
2026-07-28 05:44:23.052426+00,7KEKiudLZ2wus6JSwLnGN4kDeQqaPzsofEnjhMwrCPe4,BILL,live_kill engaged,2.421,winner,1.271,1.609,RISER
2026-07-28 05:47:46.842096+00,9HhTiERdKXYKoHSgU4udMKJuBTjiMAZwNGYGW83SDCwk,ROCKY,"RECOVERED tier on meteora-damm-v2 — paper-only until proven (16/21 unsellables, −$34.58/4d, instant-pull farm profile; reopens on ~30 clean fills + operator wor",8.802,winner,1.340,1.795,BASE
2026-07-28 05:54:23.78216+00,7TVYN5XTunGQHzvuUg2g5Sdb3bLPvDpjmSuMQhZiKfw5,Diary,"RECOVERED tier on meteora-damm-v2 — paper-only until proven (16/21 unsellables, −$34.58/4d, instant-pull farm profile; reopens on ~30 clean fills + operator wor",8.105,winner,1.374,1.902,BASE
2026-07-28 05:59:04.980276+00,4DXjedUvMkt2Gqfai39BM1BnyZWKxK5ZwgqoimCjUkQC,ROCKY,"RECOVERED tier on meteora-damm-v2 — paper-only until proven (16/21 unsellables, −$34.58/4d, instant-pull farm profile; reopens on ~30 clean fills + operator wor",2.470,winner,1.341,1.801,BASE
2026-07-28 05:59:07.65737+00,G8mF9kJtAufdUctddSwnAZsKumK2RNsXQYtwhN4Vpump,EPIKCAT,RUG_RISK — class is not traded (RUG_RISK not formula-qualified: needs crowd-PASS + in-envelope),1.631,rug,1.257,1.544,RUG_RISK
2026-07-28 06:15:10.772756+00,4iBkyLrDNMxexqCPSjkw92VnH1hrecFCsrmYDq4kpump,BORB,inflow 1.14× below the 1.15× band (71% vs 45% win),1.321,rug,1.138,1.265,BASE
2026-07-28 06:21:19.767926+00,3ebmxpT2Vgx59QQnmZpEr4wDCsucrRMXF1mxAdsRVBzy,EGGDOG,"RECOVERED tier on meteora-damm-v2 — paper-only until proven (16/21 unsellables, −$34.58/4d, instant-pull farm profile; reopens on ~30 clean fills + operator wor",2.278,winner,1.384,2.014,BASE
2026-07-28 06:22:52.05287+00,9iQxtCogMvbJ7RUtdtJ63MCicMGm9CZaTpTeUH1vpump,RACCOON,inflow 1.12× below the 1.15× band (71% vs 45% win),1.292,rug,1.121,1.218,BASE
2026-07-28 06:23:37.608207+00,7hDzPwzbmAs8X4pD1fUX3zV9G4TMVZMD5ir3D6WUpump,Ziggy,RUG_RISK — class is not traded (RUG_RISK not formula-qualified: needs crowd-PASS + in-envelope),2.447,winner,1.181,1.350,RUG_RISK
2026-07-28 06:28:30.7006+00,Ch1MgUHErY1jruvHjekTwmB6eLEmFHxkojkYpka1pump,BORB,inflow 1.11× below the 1.15× band (71% vs 45% win),2.064,winner,1.114,1.216,BASE
2026-07-28 06:35:15.767718+00,63KYyQeVEQ7it3ukFMQunMCXHCuvRuwvx7noPwMQH3wy,BDOVE,"RECOVERED tier on meteora-damm-v2 — paper-only until proven (16/21 unsellables, −$34.58/4d, instant-pull farm profile; reopens on ~30 clean fills + operator wor",6.713,winner,1.209,1.459,RISER
2026-07-28 06:40:38.779619+00,2pCAKukgd515XSgVRGzinWtoCvnHxHAwTThBvcXUpgXG,Nala,"RECOVERED tier on meteora-damm-v2 — paper-only until proven (16/21 unsellables, −$34.58/4d, instant-pull farm profile; reopens on ~30 clean fills + operator wor",11.129,winner,1.220,1.491,RISER
2026-07-28 06:43:16.957897+00,6YnGa121HgV8GE3w2onC7Y82JUNs6ceAqLRgvq2g1w6F,EGGDOG,"RECOVERED tier on meteora-damm-v2 — paper-only until proven (16/21 unsellables, −$34.58/4d, instant-pull farm profile; reopens on ~30 clean fills + operator wor",11.796,winner,1.138,1.296,RUG_RISK
2026-07-28 06:49:05.051017+00,2tNRBBY4oPhJGHrgU32NStmazzAkzDptkDKnr99sghJb,EGGDOG,"RECOVERED tier on meteora-damm-v2 — paper-only until proven (16/21 unsellables, −$34.58/4d, instant-pull farm profile; reopens on ~30 clean fills + operator wor",10.587,winner,1.170,1.368,MOON_SLOW
2026-07-28 07:07:19.188354+00,4dCacADKC6rka7g5onyZEKmZUYfc9yZY3WeA6aPRuScd,Nala,"RECOVERED tier on meteora-damm-v2 — paper-only until proven (16/21 unsellables, −$34.58/4d, instant-pull farm profile; reopens on ~30 clean fills + operator wor",3.832,winner,1.149,1.319,RUG_RISK
2026-07-28 07:13:50.479514+00,CYEasyxmJApNQ4LrtsXopLPKD8TXvLZqwpZtiw66ybHy,TARDY-01,RUG_RISK — class is not traded (RUG_RISK not formula-qualified: needs crowd-PASS + in-envelope),3.597,winner,1.137,1.303,RUG_RISK
2026-07-28 07:20:04.305913+00,6ak7uttTCSBfRjQtzckwjuhQUHv3r9UKMyhni1Mg4LG7,snik,"RECOVERED tier on meteora-damm-v2 — paper-only until proven (16/21 unsellables, −$34.58/4d, instant-pull farm profile; reopens on ~30 clean fills + operator wor",16.230,winner,1.188,1.411,BASE
2026-07-28 07:20:48.228523+00,9SM4mdZef4Sk2ienez9V5VAczRfjKX8ehAfZ6NnUK5pv,Tardy,RUG_RISK — class is not traded (RUG_RISK not formula-qualified: needs crowd-PASS + in-envelope),5.572,winner,1.168,1.365,RUG_RISK
2026-07-28 07:26:26.272597+00,7wSqHF94QptqVp4YUEcDjrE66SFyzmVmYcwJrBDLpump,Doge-2,RUG_RISK — class is not traded (RUG_RISK not formula-qualified: needs crowd-PASS + in-envelope),1.947,rug,1.284,1.590,RUG_RISK
2026-07-28 07:27:45.595653+00,7GQAyUuUSbr3M3uBFtq2vNJKTfRjpKKmTqicKaXW4yp7,CXMT,live_kill engaged,2.432,winner,1.136,1.258,RUG_RISK
2026-07-28 07:50:04.030886+00,DqUZ8Y857m7oe2nvWREPbbqC6NawnDM5Mw3MVawKwVZC,PONS,live_kill engaged,3.448,winner,1.240,1.519,RUG_RISK
2026-07-28 07:56:18.656705+00,5wfSXmvA6Gdf87hL4cZzZkrRUNWWnNGFT3zmEyVTpump,Moondoge,RUG_RISK — class is not traded (RUG_RISK not formula-qualified: needs crowd-PASS + in-envelope),2.039,winner,1.153,1.282,RUG_RISK
2026-07-28 07:59:25.658764+00,2tiHA6Yh5mL9ks4Dy3UeARnBQba7vPN8TNznDcfXfBdW,DOGE-1,live_kill engaged,2.871,winner,1.097,1.203,RUG_RISK
2026-07-28 08:02:43.009664+00,GHCpCQLDnkBBxuVQBGHwPcYRBfwGgvcUt8hRWhqeg2DA,Moondoge,"RECOVERED tier on meteora-damm-v2 — paper-only until proven (16/21 unsellables, −$34.58/4d, instant-pull farm profile; reopens on ~30 clean fills + operator wor",3.318,winner,1.134,1.276,MOON_SLOW
2026-07-28 08:17:43.521021+00,GMZTfa4DMiPdfNpnsjgVN67wkxaSX1C1XgFeXfgCiwrH,◎,"RECOVERED tier on meteora-damm-v2 — paper-only until proven (16/21 unsellables, −$34.58/4d, instant-pull farm profile; reopens on ~30 clean fills + operator wor",4.633,winner,1.156,1.338,RUG_RISK
2026-07-28 08:18:30.530796+00,2LjnmkXSYxKU5fh3GNLXA3KYQAxQntEYrxGhSB3Vpump,moondoge,RUG_RISK — class is not traded (RUG_RISK not formula-qualified: needs crowd-PASS + in-envelope),3.347,winner,1.285,1.567,RUG_RISK
2026-07-28 08:21:38.871757+00,5wUrffpyEV1eZ4uYzeNQ7kEQjWUcF4w4bhGdsztdpump,JIMDUCK,RUG_RISK — class is not traded (RUG_RISK not formula-qualified: needs crowd-PASS + in-envelope),1.938,rug,1.199,1.385,RUG_RISK
2026-07-28 08:30:54.566753+00,CzUgrbt1h7CRTqHcH3Xz1ScxkEt5W9uyiqPVRyyMpump,CATFISH,"inflow 1.13× below the 1.2× floor — sub-envelope crowd-pass ran −$0.81/t at size (F3 floor, ratified; paper probes it)",3.511,winner,1.133,1.261,RISER
2026-07-28 08:32:24.935458+00,Adtc19Ae3VHudmEiSsPLJCvYbKJ2k8mefNocYt7X5SoL,bruhby,"RECOVERED tier on meteora-damm-v2 — paper-only until proven (16/21 unsellables, −$34.58/4d, instant-pull farm profile; reopens on ~30 clean fills + operator wor",5.444,winner,1.114,1.256,BASE
2026-07-28 08:41:37.243944+00,H3PmX42iM1s6ue6UD54oHS5wuyWbmdwxQzgMazo7pump,HoneyBun,live_kill engaged,2.053,winner,1.448,1.976,MOON_STEADY
2026-07-28 08:51:53.406673+00,35HtvogJxAi9QefMhBicHqWTdB4BQym8tqvzVFLZpump,Queen,RUG_RISK — class is not traded (RUG_RISK not formula-qualified: needs crowd-PASS + in-envelope),1.616,rug,1.302,1.614,RUG_RISK
2026-07-28 08:56:14.401094+00,EKH3tGXvf5cWoXLdnCYrmdLBPhrykwVxNuMPJg5Lpump,NUTBUCKS,live_kill engaged,4.684,winner,1.240,1.467,MOON_SLOW
2026-07-28 08:57:01.454172+00,C23rCf68rJSB2FqroGgZaeCBEbmtFrj1F6tYKVZxMdVX,NUTBUCKS,"RECOVERED tier on meteora-damm-v2 — paper-only until proven (16/21 unsellables, −$34.58/4d, instant-pull farm profile; reopens on ~30 clean fills + operator wor",1.699,rug,1.229,1.501,BASE
2026-07-28 09:00:54.095736+00,CMQ65CxkXupuKTpZrjgqLP6SRA7txzmd5wmVTRFb4jBD,IF,RUG_RISK — class is not traded (RUG_RISK not formula-qualified: needs crowd-PASS + in-envelope),3.204,winner,1.164,1.355,RUG_RISK
2026-07-28 09:01:38.615085+00,88ETnhDnrcPQV5qRzsFD6KEhfYXRZXwH6tEFtVjCpump,NOBIKO,RUG_RISK — class is not traded (RUG_RISK not formula-qualified: needs crowd-PASS + in-envelope),1.863,rug,1.109,1.212,RUG_RISK
2026-07-28 09:03:10.635336+00,7Awatf1ZWovaWBLMPiMsX1hLAGXcs1YD5rvLxv84mEq2,BLASTS,RUG_RISK — class is not traded (RUG_RISK not formula-qualified: needs crowd-PASS + in-envelope),1.514,rug,1.150,1.315,RUG_RISK
2026-07-28 09:04:49.921848+00,CYu1kgp5iTCVjFHjDrWdTBgGhVyxzGbnDjqL3DZaqNwA,bruhby,"RECOVERED tier on meteora-damm-v2 — paper-only until proven (16/21 unsellables, −$34.58/4d, instant-pull farm profile; reopens on ~30 clean fills + operator wor",8.898,winner,1.151,1.322,RUG_RISK
2026-07-28 09:06:38.416328+00,2THWtXh6hmu2QTkHyX6V4zGuTsM9qNWe4jrZLR47E3BF,NUTBUCKS,"RECOVERED tier on meteora-damm-v2 — paper-only until proven (16/21 unsellables, −$34.58/4d, instant-pull farm profile; reopens on ~30 clean fills + operator wor",14.258,winner,1.095,1.212,BASE
2026-07-28 09:10:57.591184+00,BMEL7sECCxxEdya9pcWmQvK2ZWvDYhdZ7DyCfSR7KbWE,GOOGLE,"RECOVERED tier on meteora-damm-v2 — paper-only until proven (16/21 unsellables, −$34.58/4d, instant-pull farm profile; reopens on ~30 clean fills + operator wor",2.728,winner,1.258,1.574,RISER
2026-07-28 09:16:21.208573+00,BBteSF1n9ghm1pbSYAnwMmqxbdaHC7WpwvjrAmEvnUZj,bruhby,"RECOVERED tier on meteora-damm-v2 — paper-only until proven (16/21 unsellables, −$34.58/4d, instant-pull farm profile; reopens on ~30 clean fills + operator wor",7.156,winner,1.219,1.491,BASE
2026-07-28 09:20:12.888312+00,J87NvUsTvwMNmJLz677A9nCFXs3MPzRxs58yse4GQpNF,NUTBUCKS,live_kill engaged,1.503,rug,1.098,1.203,RUG_RISK
2026-07-28 09:27:52.503528+00,H3TqyvYcZ3tyrkp9QX4KDAusUc2QK7YgmPG4bWCbzgee,NUTBUCKS,live_kill engaged,3.548,winner,1.100,1.212,MOON_STEADY
2026-07-28 09:40:21.345371+00,Cz8jxMJbBNKqPoFdrqHbhaPVzGJifUG1KeWyHSRy9FdL,NUTBUCKS,"RECOVERED tier on meteora-damm-v2 — paper-only until proven (16/21 unsellables, −$34.58/4d, instant-pull farm profile; reopens on ~30 clean fills + operator wor",7.658,winner,1.346,1.813,RUG_RISK
2026-07-28 09:43:19.218383+00,Re6KmeQhcTD5t7CEFp9jCENtzdfosARXrHR1cqo4Hh9,ROCK,pool 1702 below the 8000 depth floor — no exit at size,1.406,rug,1.186,1.406,MOON_SLOW
2026-07-28 09:46:03.020878+00,EGmELyr6cNRdMf23gKiJjVezxYA4jXHjCsikLxLMyBXd,CLARITY,pool 1522 below the 2500 depth floor (smart-money floor) — no exit at size,1.297,rug,1.138,1.297,MOON_STEADY
2026-07-28 09:50:19.698275+00,7wd1jAwyACa6g2VoBuQjzwDuBxZ97A2JFi5opJhH9rk6,bruhby,"RECOVERED tier on meteora-damm-v2 — paper-only until proven (16/21 unsellables, −$34.58/4d, instant-pull farm profile; reopens on ~30 clean fills + operator wor",9.585,winner,1.187,1.387,BASE
2026-07-28 09:53:23.32216+00,DiZwH99TREPCUtRb1Jxke3iuxDsGAXMutRpcyrtfWC8L,DOGE-1,"RECOVERED tier on meteora-damm-v2 — paper-only until proven (16/21 unsellables, −$34.58/4d, instant-pull farm profile; reopens on ~30 clean fills + operator wor",10.920,winner,1.304,1.701,BASE
2026-07-28 09:59:33.72018+00,BMUo8ytFMyWyfjojsxNuCrNDeFkzoYzQfijC99VTjvwm,Dogeball,"RECOVERED tier on meteora-damm-v2 — paper-only until proven (16/21 unsellables, −$34.58/4d, instant-pull farm profile; reopens on ~30 clean fills + operator wor",13.722,winner,1.121,1.256,BASE
2026-07-28 10:03:56.261792+00,HNDFkPM2LgAMX6tK38ViwHWzmzuiQb6Kjqt4EHcMpump,Garly,RUG_RISK — class is not traded (RUG_RISK not formula-qualified: needs crowd-PASS + in-envelope),1.453,dud,1.125,1.235,RUG_RISK
2026-07-28 10:20:29.09696+00,7ea3H2jH7D9T8cfvkAscB5hSHTgf1Jz9xhdnkeqxGG3E,Norma,"RECOVERED tier on meteora-damm-v2 — paper-only until proven (16/21 unsellables, −$34.58/4d, instant-pull farm profile; reopens on ~30 clean fills + operator wor",2.746,winner,1.187,1.406,RISER
2026-07-28 10:32:46.776942+00,3FNuDQsmXufYDbtM5tWuczV4aLWTD5rzZuqrfuBY4RVf,HORMUZ,"RECOVERED tier on meteora-damm-v2 — paper-only until proven (16/21 unsellables, −$34.58/4d, instant-pull farm profile; reopens on ~30 clean fills + operator wor",4.660,winner,1.381,1.906,RISER
2026-07-28 10:34:22.441469+00,148Zim5MWvLFaa8MqDMs7ACMRMZ8uS3QUyVuHavmQP4t,Norma,pool 2154 below the 2500 depth floor (smart-money floor) — no exit at size,2.155,winner,1.275,1.580,MOON_STEADY
2026-07-28 10:44:14.70527+00,HkD21jGk293NzhKDiFgrvCWeCbf8iQngDS14Fgo9Nw2g,Charlie,"RECOVERED tier on meteora-damm-v2 — paper-only until proven (16/21 unsellables, −$34.58/4d, instant-pull farm profile; reopens on ~30 clean fills + operator wor",1.438,rug,1.099,1.208,RISER
2026-07-28 10:45:07.987832+00,FHoVwKVcziWFkkBi5fLD4oEKHXxrANuXG1g4PNermeAh,Porky,pool 2259 below the 8000 depth floor — no exit at size,6.534,winner,1.413,1.997,MOON_FAST
2026-07-28 11:10:38.599355+00,V9gtXa3LFvoyob1GmTtL5yKseNxY6jZpfqafDxGpump,IBKR,RUG_RISK — class is not traded (RUG_RISK not formula-qualified: needs crowd-PASS + in-envelope),1.895,dud,1.105,1.207,RUG_RISK
2026-07-28 11:12:00.835675+00,BBFfwo3D5WfMC65ip5RwjxaVqme1o2tdoq6HgCzapump,Cozy,RUG_RISK — class is not traded (RUG_RISK not formula-qualified: needs crowd-PASS + in-envelope),4.875,winner,1.401,1.838,RUG_RISK
2026-07-28 11:27:25.28748+00,4uQ7RLhv5mzvBk6EWTtigednQ6gLWFxK7B2cAGMNxs5t,Dogue,"RECOVERED tier on meteora-damm-v2 — paper-only until proven (16/21 unsellables, −$34.58/4d, instant-pull farm profile; reopens on ~30 clean fills + operator wor",1.678,dud,1.139,1.298,RUG_RISK
2026-07-28 11:41:24.22547+00,6rM92HpX36rVnwkssy5BxcM9H7JuLb9pdGgwtwDAtKQa,Cozy,pool 2061 below the 8000 depth floor — no exit at size,5.656,winner,1.197,1.442,MOON_STEADY
2026-07-28 11:47:22.80289+00,FraXXm5jchvnUqj4tfoGSBbduNECLmdmjLN7qRMbpump,Bongo,RUG_RISK — class is not traded (RUG_RISK not formula-qualified: needs crowd-PASS + in-envelope),2.185,winner,1.145,1.287,RUG_RISK
2026-07-28 11:49:44.872719+00,2jtHvbbxLW5hPE1qur5NbrasRNzdLS4k6BYQDZKXuM4b,COCORO,"RECOVERED tier on meteora-damm-v2 — paper-only until proven (16/21 unsellables, −$34.58/4d, instant-pull farm profile; reopens on ~30 clean fills + operator wor",1.907,rug,1.112,1.236,RUG_RISK
2026-07-28 11:52:32.109592+00,DHKKPngwpM8aHngpEeGx76qfU3mA1jkCVAL6CEMpump,COCORO,RUG_RISK — class is not traded (RUG_RISK not formula-qualified: needs crowd-PASS + in-envelope),1.743,dud,1.103,1.202,RUG_RISK
2026-07-28 12:02:56.933145+00,5XWkL2NJZ2kQe6iocqHRXxLmh6CApLbzswZ6kuSFffhA,Atsuko,"trigger 1.83× declined — 1.66-1.95×@strong (extension closed 2026-07-27, rug-fill scoreboard), >2.05×, or unmeasured inflow",12.667,winner,1.362,1.831,RUG_RISK
2026-07-28 12:06:35.373777+00,3aqXuwp6HuVXs9vdD9Gpg4dzJaUx443RjK7GXzphpump,FRANK,RUG_RISK — class is not traded (RUG_RISK not formula-qualified: needs crowd-PASS + in-envelope),3.144,winner,1.181,1.343,RUG_RISK
2026-07-28 12:19:12.083435+00,6NYJhGJ3QSDJFvsexrgeXW5DYXVtCGgxUtwfnzXbef5Z,PEEPS,sizer $1.48 below fee-viable floor $2.50 — probe-class stays paper (sizer-responsive; mandate tickets are PRECISION-only),3.832,winner,1.430,2.029,RUG_RISK
2026-07-28 12:25:11.127689+00,21rs4yaMVpHxkpHdG8SkQyhRpx8NfF1B1oJYU8THhrWS,FRANK,"RECOVERED tier on meteora-damm-v2 — paper-only until proven (16/21 unsellables, −$34.58/4d, instant-pull farm profile; reopens on ~30 clean fills + operator wor",15.857,winner,1.315,1.738,RISER
2026-07-28 12:28:27.650596+00,3LdQLw8ZBMcjjRL628MntdgS8KcsEunJWiRncXH6pump,BULLCULT,RUG_RISK — class is not traded (RUG_RISK not formula-qualified: needs crowd-PASS + in-envelope),1.516,dud,1.131,1.256,RUG_RISK
2026-07-28 13:18:38.923534+00,6Bp3n3CgJQFGRaSm3txttpeekQjkExVAJHvshCpafWPP,Haru,RUG_RISK — class is not traded (RUG_RISK not formula-qualified: needs crowd-PASS + in-envelope),3.085,winner,1.120,1.256,RUG_RISK
2026-07-28 13:20:12.838945+00,9pgjKSa1JJhjkULLPaLwboK4GFzqXSuDuZ6AdVrG1rBh,Malayslai,sizer $1.55 below fee-viable floor $2.50 — probe-class stays paper (sizer-responsive; mandate tickets are PRECISION-only),9.941,winner,1.505,1.510,RUG_RISK
2026-07-28 13:20:37.582218+00,Ck7qgqtj9vwFU89m3M2BJob8ssTR8gzQLgNXp6uc85Rj,Smugs,inflow 1.12× below the 1.15× band (71% vs 45% win),1.929,rug,1.119,1.252,MOON_STEADY
2026-07-28 13:24:09.808063+00,HJVBLyc2L8TK1XZGzWHrUeVgRAzDQ78hNZiydjNmSqp8,HUNTER,"RECOVERED tier on meteora-damm-v2 — paper-only until proven (16/21 unsellables, −$34.58/4d, instant-pull farm profile; reopens on ~30 clean fills + operator wor",9.072,winner,1.188,1.409,BASE
2026-07-28 13:24:10.299387+00,6WwFjcqbgisJvak2F984bZXzYtsSTB3QfYGBALXKzVw8,Google AI,RUG_RISK — class is not traded (RUG_RISK not formula-qualified: needs crowd-PASS + in-envelope),1.794,dud,1.289,1.648,RUG_RISK
2026-07-28 13:32:49.719216+00,x7K87UPwSJsXxrcL57srth2zkhaqAyb1VPMA7fYtjeP,Bear On Pole,RUG_RISK — class is not traded (RUG_RISK not formula-qualified: needs crowd-PASS + in-envelope),1.856,dud,1.413,1.724,RUG_RISK
2026-07-28 13:32:54.382922+00,A2YiZt5nZ6BdEvSDvcqP9MhFSvn3QbuSzCVZ9WJA2gsY,Smugs,"no sell route at entry (strand-class damm-v2 ticket/RECOVERED) — one-way pool, would strand",2.723,winner,1.191,1.418,RUG_RISK
2026-07-28 13:34:23.533589+00,AVGjRygVUCF995x3FHyrULiHqsW3aWxk14mvkabrq1DT,Smugs,"RECOVERED tier on meteora-damm-v2 — paper-only until proven (16/21 unsellables, −$34.58/4d, instant-pull farm profile; reopens on ~30 clean fills + operator wor",5.467,winner,1.134,1.292,RUG_RISK
2026-07-28 13:57:05.470261+00,21Dbzdjsr3ykwrpUxxiLdWJFjGgGasDtMQdr8z9Jpump,SATO,inflow 1.13× below the 1.15× band (71% vs 45% win),1.310,rug,1.126,1.249,BASE
2026-07-28 14:00:50.685365+00,8kFboZiKNQ4jC8fyNAiCjm9YGV5qs99Ns7fCchdYpump,BCAT,RUG_RISK — class is not traded (RUG_RISK not formula-qualified: needs crowd-PASS + in-envelope),2.828,winner,1.189,1.382,RUG_RISK
2026-07-28 14:06:26.006803+00,doKisYd4tAnVJug1Dw161cFnPgDMxy3brYiwc3ypump,PNFT,sizer $1.54 below fee-viable floor $2.50 — probe-class stays paper (sizer-responsive; mandate tickets are PRECISION-only),2.757,winner,1.314,1.624,RUG_RISK
2026-07-28 14:11:07.708421+00,8PD26Q6VEg2kGv79R7mu8vQ4TBiwdQAtn9FKqhJYQ52H,Smugs,RUG_RISK — class is not traded (RUG_RISK not formula-qualified: needs crowd-PASS + in-envelope),4.208,winner,1.098,1.205,RUG_RISK
2026-07-28 14:12:45.063526+00,EWod8vjv6QiPdjM9AT3nKU84amq8hGn36VxM49Q1KVDF,USEFUL,sizer $1.54 below fee-viable floor $2.50 — probe-class stays paper (sizer-responsive; mandate tickets are PRECISION-only),4.365,winner,1.507,1.513,RUG_RISK
2026-07-28 14:14:31.287316+00,BUHATM3cn5Ly4ENxJ22hPJLuCLp86WHjfF7PS7Cx6vhi,$CRABSOL,pool 1869 below the 8000 depth floor — no exit at size,1.647,rug,1.173,1.329,MOON_STEADY
2026-07-28 14:15:56.916965+00,B5PJv8jfJ9mvmZJP7jAGqyDPiHFF2na2XdnG9gZuNQSC,FRANK,pool 2401 below the 8000 depth floor — no exit at size,62.297,winner,1.442,2.048,MOON_STEADY
2026-07-28 14:19:06.833696+00,pVydeNSVUJf417oUd2hWMpQfT16eUGyiDhRiz1Uzs44,Anthropic,"trigger 1.83× declined — 1.66-1.95×@strong (extension closed 2026-07-27, rug-fill scoreboard), >2.05×, or unmeasured inflow",2.251,winner,1.374,1.830,RUG_RISK
2026-07-28 14:43:23.124538+00,4HdH3677CfdWDuNGQRwgU1HBSFBHmRfP8R7M7x2yq636,Bungalu,"no sell route at entry (strand-class damm-v2 ticket/RECOVERED) — one-way pool, would strand",2.975,winner,1.128,1.269,BASE
2026-07-28 14:43:40.307946+00,3q51XLofejQTAFK9TeS6rBELPWrhkmVkf3VuCiv2o17d,USWR,RUG_RISK — class is not traded (RUG_RISK not formula-qualified: needs crowd-PASS + in-envelope),1.642,dud,1.102,1.209,RUG_RISK
2026-07-28 14:48:28.501002+00,9rfQb9etXTnJPYLheEkiYHw9zVVtgC51Y6wYZzwUwP2k,FLAP,RUG_RISK — class is not traded (RUG_RISK not formula-qualified: needs crowd-PASS + in-envelope),1.321,dud,1.105,1.205,RUG_RISK
2026-07-28 14:50:36.592182+00,BYnKH4Ai9CuPPb8fARgb6wYvWdVq6HyyW3BkDseQHaC4,BIDEN,"no sell route at entry (strand-class damm-v2 ticket/RECOVERED) — one-way pool, would strand",4.044,winner,1.147,1.318,RUG_RISK
2026-07-28 14:58:15.391086+00,hSzJBEMcsa5GLCpg6qKGSXGV4VNjhCpsakSFfsuvhXA,MarsCoin,"RECOVERED tier on meteora-damm-v2 — paper-only until proven (16/21 unsellables, −$34.58/4d, instant-pull farm profile; reopens on ~30 clean fills + operator wor",3.131,winner,1.198,1.434,MOON_FAST
2026-07-28 15:02:30.30759+00,73f1zY3PEWEHfHk7WJNXUeuZRRbZbpbV7jDNv1k3ntSu,SPX7777,"RECOVERED tier on meteora-damm-v2 — paper-only until proven (16/21 unsellables, −$34.58/4d, instant-pull farm profile; reopens on ~30 clean fills + operator wor",1.950,rug,1.158,1.411,BASE
2026-07-28 15:09:14.3837+00,Boy8pfRTszArnxEaYiKyreNJq6YHxRKz6uGz7vSXCkjY,Diary,pool 1833 below the 2500 depth floor (smart-money floor) — no exit at size,1.558,rug,1.135,1.297,MOON_STEADY
2026-07-28 15:13:31.21113+00,EvDS14VQSoPzSYQD7YqnCJ2gFhKqfLukX7A1mA8WE1cN,MarsCoin,"RECOVERED tier on meteora-damm-v2 — paper-only until proven (16/21 unsellables, −$34.58/4d, instant-pull farm profile; reopens on ~30 clean fills + operator wor",3.823,winner,1.107,1.252,RUG_RISK
2026-07-28 15:13:57.976857+00,J2PS44UNpoh7VKWCgrMp3LjYJhUf3FRVY1YTN6biVMVN,ZAZU,pool 2118 below the 8000 depth floor — no exit at size,1.493,rug,1.251,1.493,MOON_FAST
2026-07-28 15:14:30.73244+00,AapSeJqVU8fgBKfHj62EVUinGJtv2sUrGJmRUjEsFjgD,MarsCoin,"RECOVERED tier on meteora-damm-v2 — paper-only until proven (16/21 unsellables, −$34.58/4d, instant-pull farm profile; reopens on ~30 clean fills + operator wor",2.983,winner,1.351,1.831,BASE
2026-07-28 15:15:22.951908+00,EzdXWFnVHQLSMDBPKD7jbdWoPhxV6X7hUNhcbdNgpump,OnlyMarms,RUG_RISK — class is not traded (RUG_RISK not formula-qualified: needs crowd-PASS + in-envelope),6.034,winner,1.374,1.763,RUG_RISK
2026-07-28 15:20:42.903521+00,EU6bp8sSA5r7pYo4pdKk6nJjB1wVuKDrJJcZbnUJpump,TYLER,inflow 1.12× below the 1.15× band (71% vs 45% win),1.491,rug,1.120,1.221,MOON_SLOW
2026-07-28 15:24:38.485286+00,D3qAnMUL2G7yuGhhv5wrLHfBtPLSWCuKDQvJKiErpump,SILICOO,RUG_RISK — class is not traded (RUG_RISK not formula-qualified: needs crowd-PASS + in-envelope),1.232,rug,1.118,1.220,RUG_RISK
2026-07-28 15:27:02.684314+00,14g7HZK5WVJcwg2jqkBaWpDmz6bS3QBuRfnth67Ypump,febu,inflow 1.15× below the 1.15× band (71% vs 45% win),1.388,rug,1.146,1.279,BASE
2026-07-28 15:29:26.419986+00,az6R9WfqxyWzbtTuuoDGdp56ANN9C4ww2XMGGNPgnjo,BASED⁠,"inflow 1.11× below the 1.2× floor — sub-envelope crowd-pass ran −$0.81/t at size (F3 floor, ratified; paper probes it)",3.229,winner,1.106,1.213,BASE
2026-07-28 15:31:50.793973+00,8YZXmp2ttL9mKcdse7b4pWZtLDyFViE6enMzSBdD4gMp,ZAZU,"RECOVERED tier on meteora-damm-v2 — paper-only until proven (16/21 unsellables, −$34.58/4d, instant-pull farm profile; reopens on ~30 clean fills + operator wor",2.291,winner,1.142,1.313,RUG_RISK
2026-07-28 15:34:32.30918+00,2CV7yUeDpo4771Wg2taZRSDWAk8u2AYTfaxoaoREuPBS,DGN,"no sell route at entry (strand-class damm-v2 ticket/RECOVERED) — one-way pool, would strand",4.877,winner,1.119,1.251,BASE
2026-07-28 15:35:51.767551+00,G2WT8kpxP9XW4SuixzDJ2aqHR1sDvtSroXh2HoFn3ZRS,TikTok,RUG_RISK — class is not traded (RUG_RISK not formula-qualified: needs crowd-PASS + in-envelope),5.057,winner,1.114,1.243,RUG_RISK
2026-07-28 15:42:15.205693+00,AGQxpxqUR36jNJCP6CRErGxwpe96FXcneFLxq1pUu1tk,MarsCoin,"RECOVERED tier on meteora-damm-v2 — paper-only until proven (16/21 unsellables, −$34.58/4d, instant-pull farm profile; reopens on ~30 clean fills + operator wor",3.167,winner,1.217,1.503,BASE
2026-07-28 15:51:03.795209+00,trdpPbSf884cVrjuBfnQc4Gu7g4smbQ4U7sdmctuqjC,BREAD,"RECOVERED tier on meteora-damm-v2 — paper-only until proven (16/21 unsellables, −$34.58/4d, instant-pull farm profile; reopens on ~30 clean fills + operator wor",1.994,rug,1.222,1.497,RISER
2026-07-28 15:53:18.101088+00,F7JCAEWPDrh6EdUsjK2NKkxaCEAsfYrK53XFi3ofuPHj,MarsCoin,"RECOVERED tier on meteora-damm-v2 — paper-only until proven (16/21 unsellables, −$34.58/4d, instant-pull farm profile; reopens on ~30 clean fills + operator wor",2.909,winner,1.362,1.864,BASE
2026-07-28 15:58:59.896756+00,7hqrVX59NefqXS4eTkhPViE6Qe5RF9r9FshnBag4AHuD,Google AI,RUG_RISK — class is not traded (RUG_RISK not formula-qualified: needs crowd-PASS + in-envelope),1.695,dud,1.206,1.443,RUG_RISK
2026-07-28 16:08:34.519207+00,6HE4FHwRfY1eiHpFEn2fbe5zKF4pNxrqbFHPriXsDspd,MarsCoin,RUG_RISK — class is not traded (RUG_RISK not formula-qualified: needs crowd-PASS + in-envelope),1.369,dud,1.108,1.207,RUG_RISK
2026-07-28 16:20:41.211159+00,3twiF2neMVnS9as6UdFctjXVztBvsJeZcqQoKvpopump,CC,MOON_STEADY — regime gate: 8h paper -35.9% on 10 — benched,1.568,rug,1.185,1.352,MOON_STEADY
2026-07-28 16:24:29.141703+00,BrgcyC3c9jpWnZFvFTAwkhT5eCaB5VatsfUyw16RDw9B,PSYOP,RECOVERED tier — paper-only on ALL venues until proven (4 of last 5 live full losses; drain-farm profile; reopens on ~30 clean fills + operator word),1.928,rug,1.123,1.249,BASE
2026-07-28 16:32:25.868121+00,2t3s1FXgzn3HckNN2aHXRDbUXB3nG3jcz7GG8k5PeiLM,NROL-95,RECOVERED tier — paper-only on ALL venues until proven (4 of last 5 live full losses; drain-farm profile; reopens on ~30 clean fills + operator word),4.756,winner,1.255,1.576,RISER
2026-07-28 16:37:57.006434+00,AHKiKncHqsHiJu8vxhE1HMSuM1JFoYVRLXGcUYEzkXeV,Ferret,RECOVERED tier — paper-only on ALL venues until proven (4 of last 5 live full losses; drain-farm profile; reopens on ~30 clean fills + operator word),1.680,rug,1.290,1.661,RISER
2026-07-28 16:41:55.332399+00,EFPhMPUbQxU4pQKBP9Vg8q45sTfe7UiGBBGjCkdXe922,Sloshlings,RUG_RISK — class is not traded (RUG_RISK not formula-qualified: needs crowd-PASS + in-envelope),1.940,rug,1.147,1.316,RUG_RISK
2026-07-28 16:44:30.417049+00,GP31kx8uQ9bxiCavwnXtVGr47QsxieeUUzoUTqHa8ArW,Anthropic,RUG_RISK — class is not traded (RUG_RISK not formula-qualified: needs crowd-PASS + in-envelope),1.516,rug,1.116,1.222,RUG_RISK
2026-07-28 16:48:17.909836+00,MUa6HHjaaQFzoWk7ACpuEwExEnZmsJ1xQBLPPUhd3NK,Grok,RUG_RISK — class is not traded (RUG_RISK not formula-qualified: needs crowd-PASS + in-envelope),1.300,rug,1.102,1.217,RUG_RISK
2026-07-28 16:49:01.463986+00,8eXpQjcuKf32TACeW6w1LQAzKFxkHeaKzp5dbh1tV57n,OUYI,sizer $1.32 below fee-viable floor $2.50 — probe-class stays paper (sizer-responsive; mandate tickets are PRECISION-only),1.385,rug,1.314,1.317,RUG_RISK
2026-07-28 16:57:21.574371+00,5a3QpoNT91Sa6r6AVSXXJFbQV2pT5odqregTKSen7KUN,Grok,inflow 1.13× below the 1.15× band (71% vs 45% win),1.372,dud,1.131,1.275,BASE
2026-07-28 17:10:04.796918+00,FkpiPuFeBrU4JRw59hBs76jaqGgStzpzLSaYBnj3onXX,grok.me,RECOVERED tier — paper-only on ALL venues until proven (4 of last 5 live full losses; drain-farm profile; reopens on ~30 clean fills + operator word),2.791,winner,1.113,1.234,BASE
2026-07-28 17:19:30.983588+00,Dayb9tpAHhZFHg1R3sfkuhcmRTXMWhan2q4uscjrCwiA,SUL,RECOVERED tier — paper-only on ALL venues until proven (4 of last 5 live full losses; drain-farm profile; reopens on ~30 clean fills + operator word),12.588,winner,1.194,1.427,RISER
2026-07-28 17:25:08.960339+00,9F3qhTdpv1qbwYMJs2cQw43B1pfZtK5rREYcw8Jkohss,DIP,RUG_RISK — class is not traded (RUG_RISK not formula-qualified: needs crowd-PASS + in-envelope),1.287,rug,1.100,1.211,RUG_RISK
2026-07-28 17:39:28.005024+00,4Mq34Q36iQwrXo9UDQpBFWRDC893FToRDPMdAJSc52tL,LARVA,RECOVERED tier — paper-only on ALL venues until proven (4 of last 5 live full losses; drain-farm profile; reopens on ~30 clean fills + operator word),7.884,winner,1.334,1.780,RISER
2026-07-28 17:40:15.718797+00,9ni2rtKBeJ1UryJhJLY4myGYRiD6cJebfdSYu935UaSx,LARVA,pool 2231 below the 8000 depth floor — no exit at size,3.815,winner,1.395,1.941,MOON_FAST
2026-07-28 17:40:19.720158+00,C1AjRjB2uxoQxgjogV5dGUzopQVrFMiM4xS6JHVu3i2P,LARVA,pool 1963 below the 8000 depth floor — no exit at size,1.486,rug,1.224,1.486,MOON_STEADY
2026-07-28 17:40:23.484471+00,FT2AvptdJ49xeEG7Gnan1gnv717FrJVnQSUL73bXE5Yz,Anthropic,RECOVERED tier — paper-only on ALL venues until proven (4 of last 5 live full losses; drain-farm profile; reopens on ~30 clean fills + operator word),2.562,winner,1.194,1.399,RUG_RISK
2026-07-28 17:48:25.270505+00,4tzmsD8EpQVPqHDdzSXWNHJnBLL3fNUFbLv3nufjpump,MIDTERMS,RUG_RISK — class is not traded (RUG_RISK not formula-qualified: needs crowd-PASS + in-envelope),2.344,winner,1.131,1.229,RUG_RISK
2026-07-28 17:50:28.712845+00,5xuv3sMp9mDiA35ECJaPQ1nRacbuMwMyMzWJspsCpump,Dark Arena,RECOVERED tier — paper-only on ALL venues until proven (4 of last 5 live full losses; drain-farm profile; reopens on ~30 clean fills + operator word),3.733,winner,1.127,1.239,RUG_RISK
2026-07-28 17:55:15.414342+00,B1YCbgUhJ2SFLQT6jDfFkfgjdh7cx4yyiurxFFYRX22G,LARVA,dbc ticket: venue rug tide 259/421 (62% ≥ 50%) — moon door waits out the tide,49.327,winner,1.400,1.962,MOON_STEADY
2026-07-28 17:56:02.402437+00,5oQtymgLGBtMKSqcsRawxxdEt6xj5yj2aHxeAimu9skJ,MELLO,RECOVERED tier — paper-only on ALL venues until proven (4 of last 5 live full losses; drain-farm profile; reopens on ~30 clean fills + operator word),4.143,winner,1.444,1.448,RUG_RISK
2026-07-28 17:56:03.123322+00,9Nn4uUhaDwPX7RFyrR6dDgwABoeBawZsMUDf8qpwNdyc,bFUND,RECOVERED tier — paper-only on ALL venues until proven (4 of last 5 live full losses; drain-farm profile; reopens on ~30 clean fills + operator word),2.401,winner,1.430,1.982,BASE
2026-07-28 17:59:10.91641+00,T1CDNFWdycdqxYwnqd9rRaiTpwM1C7ugcq9QrtY9fWE,THEHOOD,"trigger 1.70× declined — 1.66-1.95×@strong (extension closed 2026-07-27, rug-fill scoreboard), >2.05×, or unmeasured inflow",3.426,winner,1.304,1.699,BASE
2026-07-28 17:59:57.930965+00,C9ySpBerAvwsPwfkC5dZX6idoo23JqTv3tCibyhdqjEx,RYDER,pool 2407 below the 8000 depth floor — no exit at size,1.369,rug,1.170,1.369,MOON_STEADY
2026-07-28 18:02:23.704744+00,6Q1qy8ZaogWW5JGN2FPLAQkEfbTeRozjnydoupErwPeD,Abundan,RECOVERED tier — paper-only on ALL venues until proven (4 of last 5 live full losses; drain-farm profile; reopens on ~30 clean fills + operator word),1.599,rug,1.255,1.599,RUG_RISK
2026-07-28 18:03:24.259212+00,Ck2gpComdmXZAYq8FLLHs37V6ovBrZt6d6jZBRnWQJju,Abundance,inflow 1.11× below the 1.15× band (71% vs 45% win),4.032,winner,1.107,1.225,MOON_FAST
2026-07-28 18:04:50.646585+00,z55tTEqDQ5qHzR437A8AyDiUfRsEvBDjKNLKyqn8yQP,SANCHEZ,RUG_RISK — class is not traded (RUG_RISK not formula-qualified: needs crowd-PASS + in-envelope),1.800,dud,1.458,1.776,RUG_RISK
2026-07-28 18:11:50.771473+00,61WujFyLAFPsdCjPu1Y6CBYKRZirELpdKJ2SmjpatWeX,Ferret,MOON_STEADY — regime gate: 8h paper -43.8% on 11 — benched,25.323,winner,1.220,1.487,MOON_STEADY
2026-07-28 18:12:37.089759+00,BR69yFeV6Bp2hfDroGRkhaBcwniDuFoGAdx72XNE3RPT,RYDER,RECOVERED tier — paper-only on ALL venues until proven (4 of last 5 live full losses; drain-farm profile; reopens on ~30 clean fills + operator word),7.394,winner,1.114,1.240,BASE
2026-07-28 18:17:21.530582+00,AwytfQTsHL7ZKEo4k1UZf7iKMJsnH3e8ig94cioGVUQv,FRANK,MOON_STEADY — regime gate: 8h paper -42.7% on 12 — benched,1.715,rug,1.281,1.653,MOON_STEADY
2026-07-28 18:18:10.870691+00,6c3ntWddJMTNNmNWcXw7qL3Uyto9BA7BHzw8ZZZjpump,JEWDUCK,RECOVERED tier — paper-only on ALL venues until proven (4 of last 5 live full losses; drain-farm profile; reopens on ~30 clean fills + operator word),1.797,rug,1.211,1.409,BASE
2026-07-28 18:20:02.872272+00,F9WnSMVqsraFU4TFpzTbJfkCePBQZ7UAQuE5zAAtLJ7a,HOOD,RECOVERED tier — paper-only on ALL venues until proven (4 of last 5 live full losses; drain-farm profile; reopens on ~30 clean fills + operator word),2.635,winner,1.308,1.664,RUG_RISK
2026-07-28 18:22:22.771452+00,HV8DyCKKWWFovbC6GqoSKqdxiHeqmPBi7PQ9WmXskiEz,Ryder,pool 2146 below the 2500 depth floor (smart-money floor) — no exit at size,4.777,winner,1.367,1.869,RUG_RISK
2026-07-28 18:25:24.653773+00,BKsYVf2qcWa2Vcv3cHU2Q3gvnEo4wWfZ8yndoG9L42n9,FRANK,RECOVERED tier — paper-only on ALL venues until proven (4 of last 5 live full losses; drain-farm profile; reopens on ~30 clean fills + operator word),6.459,winner,1.394,1.941,RUG_RISK
2026-07-28 18:25:37.953902+00,EfwWk23oBMHQM7natmfZzGWK1pRBYx2EJ8Nq1qZ9g3TD,Sloshlings,"no sell route at entry (strand-class damm-v2 ticket/RECOVERED) — one-way pool, would strand",1.483,rug,1.131,1.279,RUG_RISK
2026-07-28 18:25:44.558021+00,2MKKAMv7t424dDeEkrZwEzbEaSJAUoygLvrS7BTVZ5VU,Facebook,pool 2263 below the 2500 depth floor (smart-money floor) — no exit at size,51.795,winner,1.398,1.955,MOON_STEADY
2026-07-28 18:26:22.218317+00,CXQi5xCSY9qXbQSYb4798BAJDR63bivr7QgmHK8uEAG,FRANK,MOON_STEADY — regime gate: 8h paper -43.9% on 13 — benched,68.354,winner,1.385,1.919,MOON_STEADY
2026-07-28 18:30:57.346902+00,8cFah27aKixzZBBBuLiE1zitnrWvX33EAAiLV4PnX8BX,MWA,RECOVERED tier — paper-only on ALL venues until proven (4 of last 5 live full losses; drain-farm profile; reopens on ~30 clean fills + operator word),3.232,winner,1.234,1.510,BASE
2026-07-28 18:34:02.515565+00,DMs4bEUJu2zvgUawhDiD2Zx1BuKRc5zYfiB9BsCNpump,TRCH1,RECOVERED tier — paper-only on ALL venues until proven (4 of last 5 live full losses; drain-farm profile; reopens on ~30 clean fills + operator word),1.568,rug,1.220,1.407,MOON_STEADY
2026-07-28 18:39:38.053917+00,7p1GzmjbzygUurQGd2igF7g2VJHVqJfcf3EHgbo3qFti,Deaton,RECOVERED tier — paper-only on ALL venues until proven (4 of last 5 live full losses; drain-farm profile; reopens on ~30 clean fills + operator word),3.947,winner,1.105,1.215,BASE
2026-07-28 18:41:36.802491+00,CArFdrkxiAEppzM4nXwFquWFvxwKUkoa9SB5TQ4rXh8F,Deaton,RUG_RISK — class is not traded (RUG_RISK not formula-qualified: needs crowd-PASS + in-envelope),1.697,dud,1.178,1.390,RUG_RISK
2026-07-28 18:47:23.934487+00,E2vex8cGcBpfA24HB43ANMBQ4Mq5GG7D8B6AjEALpump,dinocoin,RUG_RISK — class is not traded (RUG_RISK not formula-qualified: needs crowd-PASS + in-envelope),2.776,winner,1.130,1.239,RUG_RISK
2026-07-28 18:56:13.478487+00,CyFMFt7UYfpiuH1ULm6QPgk5q9GLEMZYzxL1PuY3pump,DUFROG,RECOVERED tier — paper-only on ALL venues until proven (4 of last 5 live full losses; drain-farm profile; reopens on ~30 clean fills + operator word),3.042,winner,1.435,1.923,BASE
2026-07-28 18:57:08.27356+00,EVEvhWLGnBxHN661CXsxpdmgHWeMDcau76pqChX4uT7S,POMERANIAN,RECOVERED tier — paper-only on ALL venues until proven (4 of last 5 live full losses; drain-farm profile; reopens on ~30 clean fills + operator word),2.800,winner,1.204,1.440,BASE
2026-07-28 19:11:25.518626+00,DKvkYE3Cwez19FfkGsC8mEd84W8h9LbB9SBX3MjQpump,TIME,RECOVERED tier — paper-only on ALL venues until proven (4 of last 5 live full losses; drain-farm profile; reopens on ~30 clean fills + operator word),1.770,dud,1.140,1.266,RUG_RISK
2026-07-28 19:14:52.457789+00,CeDCQj28aQH6tPRhEDY45Uj1Z4rRPfpfYXbicK64ZtHh,ANTARY,RECOVERED tier — paper-only on ALL venues until proven (4 of last 5 live full losses; drain-farm profile; reopens on ~30 clean fills + operator word),1.267,rug,1.098,1.201,RUG_RISK
2026-07-28 19:34:18.32253+00,BG4PipQrP7kQfhkSYp9DSMpbAp6G2nDttNJNeDLppump,CATHOOD,"inflow 1.12× below the 1.2× floor — sub-envelope crowd-pass ran −$0.81/t at size (F3 floor, ratified; paper probes it)",2.284,winner,1.124,1.222,BASE
2026-07-28 19:41:37.267693+00,58KfRTTRqNRNgyxThbRndZYxuvr4KoyuwuwZHNnupump,DRAGO,RECOVERED tier — paper-only on ALL venues until proven (4 of last 5 live full losses; drain-farm profile; reopens on ~30 clean fills + operator word),2.390,winner,1.176,1.336,RUG_RISK
2026-07-28 19:57:26.157251+00,EiAsJvYospNxVPtUoGbjUreXNbWcxdpKaiqeJNk6pump,shrek,RUG_RISK — class is not traded (RUG_RISK not formula-qualified: needs crowd-PASS + in-envelope),1.543,dud,1.266,1.489,RUG_RISK
2026-07-28 19:59:39.686163+00,9t5L6Y7ztc6fFk4BF544onT8e9pjoZKsd7zVpvDjpump,OpenCodeJr,sizer $1.30 below fee-viable floor $2.50 — probe-class stays paper (sizer-responsive; mandate tickets are PRECISION-only),3.189,winner,1.252,1.492,RUG_RISK
2026-07-28 20:18:37.537602+00,HVJHrC4HHkSLHdrbV17opg2YBHHSnnSmUBLw1ZWhy7JB,COOTERMOGGING,MOON_STEADY — regime gate: 8h paper -30.1% on 14 — benched,1.641,rug,1.282,1.641,MOON_STEADY
2026-07-28 20:23:13.414445+00,3vxerobeXNZyduTHEHvrEVHy2Ew1WBVGWpfD8XXq9PxD,COVENANT,RECOVERED tier — paper-only on ALL venues until proven (4 of last 5 live full losses; drain-farm profile; reopens on ~30 clean fills + operator word),2.960,winner,1.116,1.241,RUG_RISK
2026-07-28 20:24:54.612995+00,5qCTeG8uwa7rMfbo6G8cmm5wz4a4twr8D5DWwm6opump,LeEffect,RUG_RISK — class is not traded (RUG_RISK not formula-qualified: needs crowd-PASS + in-envelope),2.672,winner,1.148,1.281,RUG_RISK
2026-07-28 20:37:44.063964+00,76M2shssHiwx724oxUJMqM6jiYdmWXT7kraaibzAEmkJ,panama,dbc ticket: venue rug tide 250/415 (60% ≥ 50%) — moon door waits out the tide,3.799,winner,1.313,1.634,MOON_FAST
2026-07-28 20:57:48.510728+00,E54BJ9dhnXVGJtFQWw1ccmR5Qox6DyBV32KMsndURvLq,NPNG,RUG_RISK — class is not traded (RUG_RISK not formula-qualified: needs crowd-PASS + in-envelope),2.281,winner,1.309,1.646,RUG_RISK
2026-07-28 21:05:39.079232+00,EVWN5UQuwihc3FAdAQkUvV6tha37LMYHkddcLt4kiQcT,PIPEDOG,RECOVERED tier — paper-only on ALL venues until proven (4 of last 5 live full losses; drain-farm profile; reopens on ~30 clean fills + operator word),2.743,winner,1.269,1.612,BASE
2026-07-28 21:10:18.811265+00,AYMEVkbSowkh72UVQTvBkdCvhDnm3eqdkGFArYdweSWA,SWA,RUG_RISK — class is not traded (RUG_RISK not formula-qualified: needs crowd-PASS + in-envelope),1.884,rug,1.117,1.219,RUG_RISK
2026-07-28 21:11:17.198684+00,5dVDRo9PUBQihw7TQowpDkPCLKSw5T5vzXkn8mqEW7SB,RAWR,pool 2009 below the 8000 depth floor — no exit at size,1.510,rug,1.229,1.510,MOON_STEADY
2026-07-28 21:12:44.862822+00,Fu4D6qVkyejNhRH193pyjbiT5dSgJvRAafsozyZApump,PAPI,RUG_RISK — class is not traded (RUG_RISK not formula-qualified: needs crowd-PASS + in-envelope),3.360,winner,1.276,1.568,RUG_RISK
2026-07-28 21:20:39.89472+00,7NCtiDLoDEGZSkApH6kCeqy5k5NJj9Mriz5pjtcWpump,Gnomes,RUG_RISK — class is not traded (RUG_RISK not formula-qualified: needs crowd-PASS + in-envelope),6.040,winner,1.152,1.284,RUG_RISK
2026-07-28 21:29:09.667157+00,8XRUvw5SpzK7uMuKaHyqAUoZtCG8Svxu99vRcsktuNHb,Gnomes,RECOVERED tier — paper-only on ALL venues until proven (4 of last 5 live full losses; drain-farm profile; reopens on ~30 clean fills + operator word),5.483,winner,1.153,1.330,MOON_STEADY
2026-07-28 21:33:07.385767+00,btPi3SxifBboQeZdrVGBXHcij8n9iUCrDAM5X19w8hv,PIPEDOG,RECOVERED tier — paper-only on ALL venues until proven (4 of last 5 live full losses; drain-farm profile; reopens on ~30 clean fills + operator word),13.189,winner,1.218,1.472,BASE
2026-07-28 21:37:14.118896+00,6jRvg5ZV2t7QjmFeyrQLHAj3bdGHvm7TNAzGj8g8Vzp4,RAWR,pool 2186 below the 8000 depth floor — no exit at size,2.409,winner,1.212,1.470,MOON_SLOW
2026-07-28 21:42:44.526477+00,6u7anCtCU7QRhH5UinCQsagmyTbb4euGjUnZZGyjqyNw,URANUS,RECOVERED tier — paper-only on ALL venues until proven (4 of last 5 live full losses; drain-farm profile; reopens on ~30 clean fills + operator word),2.369,winner,1.312,1.718,RISER
2026-07-28 21:43:04.582231+00,2sZSBKKriEuPXhFWozfYn7AUo6ti56YushcgT8VSpump,EGG,RUG_RISK — class is not traded (RUG_RISK not formula-qualified: needs crowd-PASS + in-envelope),2.297,winner,1.314,1.630,RUG_RISK
2026-07-28 21:46:47.657147+00,5tEiAVsNCq9MZi8jn3RoTvY1vZCuhVEKR9wxYaMFYU6q,RAWR,MOON_STEADY — regime gate: 8h paper -29.5% on 16 — benched,1.831,rug,1.367,1.816,MOON_STEADY
2026-07-28 21:56:11.499833+00,92ULP9FgN58UFXomEB2PPUsRdk46jdDyCZuF62XQpump,NFTITS,RUG_RISK — class is not traded (RUG_RISK not formula-qualified: needs crowd-PASS + in-envelope),2.376,winner,1.223,1.433,RUG_RISK
2026-07-28 22:22:58.120724+00,4zB78tL7mpQm5e8Ja4SvQHViP1BxGR2RHn8MU77jZMsR,psyopdog,RECOVERED tier — paper-only on ALL venues until proven (4 of last 5 live full losses; drain-farm profile; reopens on ~30 clean fills + operator word),12.964,winner,1.130,1.319,MOON_SLOW
2026-07-28 22:37:13.67319+00,9dEWDYS4ULTKwKgddpnpLz7fD9UiEMGG8ek9vYs57Cph,PIPECAT,RECOVERED tier — paper-only on ALL venues until proven (4 of last 5 live full losses; drain-farm profile; reopens on ~30 clean fills + operator word),1.618,rug,1.181,1.390,RUG_RISK
2026-07-28 22:50:39.729369+00,6Z8Dkos2KPjXeUppHXWuvmPeJTDuxdywcrmr9hbR2sYk,CryingCat,RECOVERED tier — paper-only on ALL venues until proven (4 of last 5 live full losses; drain-farm profile; reopens on ~30 clean fills + operator word),2.957,winner,1.135,1.286,RUG_RISK
2026-07-28 23:00:25.793436+00,4NSm4rwnXW9KNeDB7h4kb8ciHSbSfb8iyF4PuiSi1P9U,Brötchen,pool 1423 below the 8000 depth floor — no exit at size,1.695,rug,1.286,1.695,MOON_FAST
2026-07-28 23:20:55.469192+00,eL75ktKGXQaL7ruAT1DZnJQXPd7rdHcogkzTZNDTMaN,RAWR,MOON_STEADY — regime gate: 8h paper -28.6% on 14 — benched,25.568,winner,1.249,1.549,MOON_STEADY
2026-07-28 23:23:42.28369+00,8QEFnbRk83PwX81QkDWog5CKypRT9v7qYNK6u3Vnpump,SV,RUG_RISK — class is not traded (RUG_RISK not formula-qualified: needs crowd-PASS + in-envelope),2.382,winner,1.209,1.409,RUG_RISK
2026-07-28 23:58:12.398242+00,CbB8zeG1sXsFjbChQPyyVmuwvLxDS1rbhQJkpksJS6DW,spooderman,RECOVERED tier — paper-only on ALL venues until proven (4 of last 5 live full losses; drain-farm profile; reopens on ~30 clean fills + operator word),5.339,winner,1.222,1.495,BASE
2026-07-29 00:00:13.640711+00,Hesh51dK1ZmtTqxRUH1FKv6vcfV9hBMJqNiEyREqYXoq,HOBBES,RECOVERED tier — paper-only on ALL venues until proven (4 of last 5 live full losses; drain-farm profile; reopens on ~30 clean fills + operator word),1.852,rug,1.255,1.570,RUG_RISK
2026-07-29 00:04:27.597024+00,81tAjdspNfudA3EJsgbNy4XyRWHH5N3C44v3KVJDoVHM,couillon,RECOVERED tier — paper-only on ALL venues until proven (4 of last 5 live full losses; drain-farm profile; reopens on ~30 clean fills + operator word),1.739,rug,1.288,1.655,BASE
2026-07-29 00:06:46.528961+00,3ZDrW5dycicWEUv6go2qGv6Vbs4n7fxdtv8aEddQh63o,Seal,RECOVERED tier — paper-only on ALL venues until proven (4 of last 5 live full losses; drain-farm profile; reopens on ~30 clean fills + operator word),3.013,winner,1.101,1.209,RUG_RISK
2026-07-29 00:08:25.457631+00,F5jZnThq4FmYQDmet92QHuuShdbj9G9b4e8juipguEfx,couillon,RECOVERED tier — paper-only on ALL venues until proven (4 of last 5 live full losses; drain-farm profile; reopens on ~30 clean fills + operator word),2.614,winner,1.354,1.837,RISER
2026-07-29 00:14:51.359358+00,75xZh6fnrN5kM7N1bbc8t22h9H2fNaMkk5xyJzA756i9,three,"trigger 1.89× declined — 1.66-1.95×@strong (extension closed 2026-07-27, rug-fill scoreboard), >2.05×, or unmeasured inflow",9.571,winner,1.395,1.889,RISER
2026-07-29 00:18:47.420712+00,6KkHki6sYad14BMo5Zpij8Q3KyNFT7nF3CpTKTXbwRUU,RADISH,pool 2078 below the 8000 depth floor — no exit at size,4.260,winner,1.235,1.529,MOON_FAST
2026-07-29 00:20:16.164341+00,AKe4Un9aLLfzWcigJcLVpArmVM81VnuV77v3RTR5cnhZ,PULSEDRIVE,RECOVERED tier — paper-only on ALL venues until proven (4 of last 5 live full losses; drain-farm profile; reopens on ~30 clean fills + operator word),1.621,dud,1.211,1.469,RISER
2026-07-29 00:28:54.583812+00,HwPywunGKDgwbZdjzbCZYGviGQMVugHQNNsryMxHpump,Fissure,RUG_RISK — class is not traded (RUG_RISK not formula-qualified: needs crowd-PASS + in-envelope),2.700,winner,1.298,1.620,RUG_RISK
2026-07-29 00:31:31.099472+00,48mFDi7Pck4R9TTbMd4vC3rbDxsupVd4Poyy8MGPpump,DUCKO,inflow 1.15× below the 1.15× band (71% vs 45% win),3.902,winner,1.148,1.272,BASE
2026-07-29 00:32:07.073207+00,CVzD8fcpiqn2kMNDQAfUBfAYQqCS6ESkTBHx8DH1ftjx,ZOO,RECOVERED tier — paper-only on ALL venues until proven (4 of last 5 live full losses; drain-farm profile; reopens on ~30 clean fills + operator word),2.045,winner,1.166,1.362,RUG_RISK
2026-07-29 00:53:53.671681+00,HGzzsSdAqpWeQjgz7tTyNyY3fBc1rw3NbX9hfapysZPk,SpaceFart,pool 1922 below the 8000 depth floor — no exit at size,104.084,winner,1.204,1.455,MOON_SLOW
2026-07-29 00:53:53.956898+00,3G2At3nh674eLVjfRXnJw3HGsgQQAWMXCsPvt9tBpump,JUAN,RUG_RISK — class is not traded (RUG_RISK not formula-qualified: needs crowd-PASS + in-envelope),4.508,winner,1.159,1.301,RUG_RISK
2026-07-29 00:56:13.117456+00,7ypaChTWfDFnyJHhqsvD7f9G4yjJ9JajWDV8XnoXmhFh,JUAN,RECOVERED tier — paper-only on ALL venues until proven (4 of last 5 live full losses; drain-farm profile; reopens on ~30 clean fills + operator word),3.946,winner,1.119,1.242,BASE
2026-07-29 01:13:39.855963+00,8UJPw1HCtite9uLPt2HM2nQ4g9uX5o9vMKfQ27MnHpkF,Mimmy,pool 1988 below the 8000 depth floor — no exit at size,4.713,winner,1.169,1.365,MOON_STEADY
2026-07-29 01:16:33.118069+00,GtRViP1sUpb5rwhU8EsLyKRFcNwP9hi1soSgGRPM4bdK,CIGCAT,pool 1937 below the 8000 depth floor — no exit at size,12.485,winner,1.186,1.405,MOON_STEADY
2026-07-29 01:16:35.807759+00,H1WTXr9JvpKTBzgREP4pCdLTQuVjCe3YotKvtU3kGUX1,SpaceFart,inflow 1.15× below the 1.15× band (71% vs 45% win),6.422,winner,1.150,1.370,MOON_STEADY
2026-07-29 01:25:46.080825+00,7om6LvudwRpo7kahHcKRRqYS4uVAxewieAhaz4LT4szJ,JUAN,pool 1886 below the 8000 depth floor — no exit at size,32.077,winner,1.167,1.361,MOON_STEADY
2026-07-29 01:35:54.23028+00,7ZwUBgJuuHbfWMk31BGBJY1wq4pUcrk4uoqiQtFFiJ2r,CIGCAT,inflow 1.13× below the 1.15× band (71% vs 45% win),2.102,winner,1.126,1.268,MOON_STEADY
2026-07-29 02:02:44.429981+00,4DKJG6gz2MZAdU8FLv8nG4cELfJkSY8C4ZiS5DZ1pump,WANCHAN,RUG_RISK — class is not traded (RUG_RISK not formula-qualified: needs crowd-PASS + in-envelope),2.190,winner,1.439,1.927,RUG_RISK
2026-07-29 02:29:28.34997+00,3sNBH8fBhLxhWrff2NY1kDqd5KG6VjcUF3YQERuzzd73,WANCHAN,RUG_RISK — class is not traded (RUG_RISK not formula-qualified: needs crowd-PASS + in-envelope),1.460,rug,1.110,1.222,RUG_RISK
2026-07-29 02:32:22.381571+00,BUUskKhuudvRTwAAcNfrNhZnmjFhHp749VADPo9WSe4V,POLYESTER,pool 1254 below the 8000 depth floor — no exit at size,1.612,rug,1.185,1.612,MOON_STEADY
2026-07-29 02:50:58.705857+00,AtEtoptgDgXJcHsUWhE2x8ZUfQt3U6J8TLvnBDF9pump,Booby,"trigger 1.74× declined — 1.66-1.95×@strong (extension closed 2026-07-27, rug-fill scoreboard), >2.05×, or unmeasured inflow",2.986,winner,1.367,1.745,RUG_RISK
2026-07-29 02:51:05.296395+00,J9vNkDYNm4jM4F18XrTLsJ9htk39KuRhPCVXTN7Em3fr,Cybercat,"no sell route at entry (strand-class damm-v2 ticket/RECOVERED) — one-way pool, would strand",1.278,rug,1.119,1.255,RUG_RISK
2026-07-29 02:51:48.633418+00,Hnt9fBdWGYYZmvNy3a2DeBPp5SwjtZnifRCj4fspump,鲣鸟,RUG_RISK — class is not traded (RUG_RISK not formula-qualified: needs crowd-PASS + in-envelope),4.155,winner,1.383,1.787,RUG_RISK
2026-07-29 02:55:20.087552+00,7Ps65bR7fhXbTHLJqBzd6XWMtXt3AVAB9jneox7Kax4A,Cybercat,RECOVERED retrial cap reached (6/night) — demotion holds for the rest of the day,3.048,winner,1.127,1.268,RUG_RISK
2026-07-29 03:42:40.888329+00,Fmvetgm9PbfHGcrF443UcsjhgcoGkUj57kibo4Vuf9Nw,VOLE,RUG_RISK — class is not traded (RUG_RISK not formula-qualified: needs crowd-PASS + in-envelope),1.269,dud,1.113,1.245,RUG_RISK
2026-07-29 03:47:10.506783+00,3RDNXjcn9ruoYqVTkgjhgfvhX5kFCZc2khDKCkncGsVo,VOLE,RUG_RISK — class is not traded (RUG_RISK not formula-qualified: needs crowd-PASS + in-envelope),3.332,winner,1.347,1.851,RUG_RISK
2026-07-29 03:47:58.148343+00,3Y1mYdfHUVHc3MjAEpPq9ntNUFicGFjt6psxxzYwpump,PHILO,RECOVERED retrial cap reached (6/night) — demotion holds for the rest of the day,2.623,winner,1.302,1.594,MOON_STEADY
2026-07-29 04:11:14.42372+00,MhKt7KtZ5DupBXs1We1GH9gfLGirJwTNdzddY7g5uHL,BullPad,RECOVERED retrial cap reached (6/night) — demotion holds for the rest of the day,1.581,rug,1.165,1.356,RISER
2026-07-29 04:11:31.909838+00,DdomTmz46TmThDkXGb3oUjRHS9eQ7Kgms3gtbUNhikku,SlerfTools,pool 2553 below the 8000 depth floor — no exit at size,6.074,winner,1.264,1.605,MOON_STEADY
2026-07-29 04:26:17.483518+00,9qVU3fxF13rGb2FWj1SJyjMuLDRvTsWbfqVhCUALVrej,KRISPY,RECOVERED retrial cap reached (6/night) — demotion holds for the rest of the day,2.633,winner,1.347,1.738,RUG_RISK
2026-07-29 04:40:39.34454+00,2iYMkjxzPr1twbGHtckvC2CUZ1rufgnckqMb8Loipump,PHILO,"RUG_RISK not on the live plug-in list (BASE,RISER,MOON_FAST,MOON_VIOLENT) — management genome unproven or drain-class; paper workshop owns it",2.881,winner,1.457,1.966,RUG_RISK
2026-07-29 04:42:17.911665+00,Dr4YBdfWkPmNtsfcS63Dw8pqb2fhhwDmtssc1HWN5Tdm,ANSEM,RECOVERED tier — paper-only on ALL venues until proven (4 of last 5 live full losses; drain-farm profile; reopens on ~30 clean fills + operator word),2.158,winner,1.184,1.401,RISER
2026-07-29 05:06:17.732636+00,6cbQdFWmLoePHbVSjjSkMEBr9PBYW651CR578C7xzsuh,JOMO,RUG_RISK — class is not traded (RUG_RISK not formula-qualified: needs crowd-PASS + in-envelope),3.914,winner,1.453,1.961,RUG_RISK
2026-07-29 05:10:17.998385+00,8JfAgDqPFF6vKxPN1zQUPxKNNwLJvGn6L8f1973AUFfd,DICE,RECOVERED tier — paper-only on ALL venues until proven (4 of last 5 live full losses; drain-farm profile; reopens on ~30 clean fills + operator word),2.022,winner,1.149,1.319,RUG_RISK
2026-07-29 05:13:01.862307+00,BMpyJoFyn13SWUNX9GoC1Pn1jRnRFF5yxCrE3pgRpump,Memehunter,RUG_RISK — class is not traded (RUG_RISK not formula-qualified: needs crowd-PASS + in-envelope),1.479,rug,1.129,1.243,RUG_RISK
2026-07-29 05:14:15.977494+00,B4BkFDfZyBj7UtNqpkvWFpxsxGUnkEQp6PCJS2uQ89sd,JOMO,"unlocked LP with pool $15,650 < $16,000 recovery-cliff floor — the −25% alarm would ring below the $12k/95% line",1.973,rug,1.251,1.564,RISER
2026-07-29 05:19:18.032221+00,4rF9dmKrd1XJBwJFAWF9Ua9XSG9tcr5shicsc3WhEUiF,🧲,pool 1855 below the 8000 depth floor — no exit at size,1.786,rug,1.177,1.373,MOON_STEADY
2026-07-29 05:20:49.554861+00,2zUj8K4AgPefAxqqTsF6AMetVoLS5PAD8D3LdBDnyn8a,LOCKIN,pool 2206 below the 8000 depth floor — no exit at size,22.821,winner,1.244,1.549,MOON_FAST
2026-07-29 05:32:31.309135+00,3nS9uwZG1whdUr7HVR61pawtSaNCz2SEur1RsDhbpump,Asya,RUG_RISK — class is not traded (RUG_RISK not formula-qualified: needs crowd-PASS + in-envelope),2.511,winner,1.123,1.218,RUG_RISK
2026-07-29 05:37:38.395259+00,x8cKLDbjEqjVwWx2tLFWACcfneqao65dUWnRAaypump,carcat,RECOVERED tier — paper-only on ALL venues until proven (4 of last 5 live full losses; drain-farm profile; reopens on ~30 clean fills + operator word),1.336,rug,1.110,1.200,MOON_STEADY
2026-07-29 05:51:21.18131+00,CaxUFr4qHoaPWapsm7UJcBTyQcMhRUMhMqoUjo2CZ6bz,TCAT,RECOVERED tier — paper-only on ALL venues until proven (4 of last 5 live full losses; drain-farm profile; reopens on ~30 clean fills + operator word),1.210,rug,1.100,1.210,RUG_RISK
2026-07-29 05:55:08.023197+00,9XRq9nhx8M6ezs6rTyXbz21g8yJ4JNTDu1z6LGjYwBD9,PEEK,RECOVERED tier — paper-only on ALL venues until proven (4 of last 5 live full losses; drain-farm profile; reopens on ~30 clean fills + operator word),1.585,rug,1.146,1.312,RISER
2026-07-29 05:58:18.889609+00,GZqSH1qPYmBYFHzrRoHjopjwJEu4mQEe8WcK7Akeg29K,YYDS,RECOVERED tier — paper-only on ALL venues until proven (4 of last 5 live full losses; drain-farm profile; reopens on ~30 clean fills + operator word),2.095,winner,1.465,1.470,RUG_RISK
2026-07-29 06:05:42.196491+00,Gyd2uJeQ7puhu14F9Pg19yvcivLN5d77gQYA6CGBdUuW,APLCAT,RUG_RISK — class is not traded (RUG_RISK not formula-qualified: needs crowd-PASS + in-envelope),1.542,rug,1.120,1.253,RUG_RISK
2026-07-29 06:23:49.280043+00,Aims1p3eeZYsJ1wW86uTiPAMTnHYUF3zsihDUrhej5g8,DUROV,RUG_RISK — class is not traded (RUG_RISK not formula-qualified: needs crowd-PASS + in-envelope),2.025,winner,1.113,1.212,RUG_RISK
2026-07-29 06:24:20.663728+00,6GVnL3p4xSWcD4BqBFmn5A9kRL6sHdeJ35ZvQtzPrY1J,PAVEL,pool 1713 below the 8000 depth floor — no exit at size,1.412,rug,1.177,1.412,MOON_FAST
2026-07-29 06:37:09.892762+00,3hxACjuzPH32ETpFn82XgvFq3S4AccBwLs25foBeCYaJ,MarketCat,RECOVERED tier — paper-only on ALL venues until proven (4 of last 5 live full losses; drain-farm profile; reopens on ~30 clean fills + operator word),1.488,rug,1.120,1.252,RUG_RISK
2026-07-29 06:46:30.979824+00,EMYXmNNfrLkpuF5VNu4kPH8Ao4cbHU9QhnJn1sMSxPBS,MarketCat,RECOVERED tier — paper-only on ALL venues until proven (4 of last 5 live full losses; drain-farm profile; reopens on ~30 clean fills + operator word),2.409,winner,1.343,1.768,BASE
2026-07-29 06:48:49.913863+00,JDVryaGEPduSA4bDhCDGULV2FBvJZGyFvWoZ4GVGijn4,puvel,RUG_RISK — class is not traded (RUG_RISK not formula-qualified: needs crowd-PASS + in-envelope),1.409,rug,1.114,1.231,RUG_RISK
2026-07-29 06:54:22.939079+00,F1pZC8g5vE4m1vk3rDK8zQkQu6ToMMTy6hmifRFd18F6,MarketCat,RECOVERED tier — paper-only on ALL venues until proven (4 of last 5 live full losses; drain-farm profile; reopens on ~30 clean fills + operator word),12.663,winner,1.157,1.337,RUG_RISK
2026-07-29 07:12:18.304207+00,FFaTQx64Wq6vHJ7fHJtnk1KKhzZ5iMiZ3bvvKreT7aDz,دوروف,RECOVERED tier — paper-only on ALL venues until proven (4 of last 5 live full losses; drain-farm profile; reopens on ~30 clean fills + operator word),9.002,winner,1.193,1.423,RUG_RISK
2026-07-29 07:15:23.272487+00,389cLYSbcj47kY8CozJZM4p1Z2KjVy8pXowC6bs7zWjm,MarketCat,RECOVERED tier — paper-only on ALL venues until proven (4 of last 5 live full losses; drain-farm profile; reopens on ~30 clean fills + operator word),9.325,winner,1.166,1.361,BASE
2026-07-29 07:39:32.259739+00,CmQqRhe35BUngH39P8CZpuLcAK2BRyPrFNyuZ3tgLxuZ,Meowl,RUG_RISK — class is not traded (RUG_RISK not formula-qualified: needs crowd-PASS + in-envelope),6.379,winner,1.101,1.213,RUG_RISK
2026-07-29 07:39:57.392605+00,9oX8fvJ3eGUU3qKnKymzBdbX5q1Biu2Fau9p7t7BgDvD,SPERMY,RECOVERED tier — paper-only on ALL venues until proven (4 of last 5 live full losses; drain-farm profile; reopens on ~30 clean fills + operator word),2.703,winner,1.101,1.212,RUG_RISK
2026-07-29 08:08:13.346221+00,71eNwLPy7gpaVdRmFHTcxosnZGFx4RcxjUvBWcpEzbVp,Frog,RECOVERED tier — paper-only on ALL venues until proven (4 of last 5 live full losses; drain-farm profile; reopens on ~30 clean fills + operator word),1.764,dud,1.143,1.308,RUG_RISK
2026-07-29 08:12:55.884497+00,HkHc6rz8iYKp1UKqivh6xpRyZT7s9vTZ4jrNcULNWAdw,luck,RECOVERED tier — paper-only on ALL venues until proven (4 of last 5 live full losses; drain-farm profile; reopens on ~30 clean fills + operator word),6.142,winner,1.195,1.431,MOON_STEADY
2026-07-29 08:13:40.936664+00,DEkXfrmxArjCTv3Znmfxw6H8q2oNhQXBd4urUBFKrnk,luck,RECOVERED tier — paper-only on ALL venues until proven (4 of last 5 live full losses; drain-farm profile; reopens on ~30 clean fills + operator word),11.351,winner,1.269,1.613,BASE
2026-07-29 08:22:22.708649+00,7edzNZxFh82LWRhVgZNe4XrxqMCGmt2Grbspv965kEfp,BOH,RUG_RISK — class is not traded (RUG_RISK not formula-qualified: needs crowd-PASS + in-envelope),4.048,winner,1.114,1.242,RUG_RISK
2026-07-29 08:32:08.171665+00,85TbEKA9APGaKtv3q6rphbdmfgWhtVuJ7uALMz6Jpump,SPOONSEY,RUG_RISK — class is not traded (RUG_RISK not formula-qualified: needs crowd-PASS + in-envelope),3.395,winner,1.149,1.270,RUG_RISK
2026-07-29 08:35:17.901716+00,82h9Fso7ifTmwLoWQGWisssNoSorLydZRPcgnUW8pump,BULLISHCAT,BASE — regime gate: thin sample (4) — waiting for paper to prove the turn,1.349,dud,1.114,1.224,BASE
2026-07-29 08:37:20.187774+00,5d3bR3twJKFV3NtZ2eXCnK7JTV5VQDJgz8Qmg2A1jwTw,luck,RECOVERED tier — paper-only on ALL venues until proven (4 of last 5 live full losses; drain-farm profile; reopens on ~30 clean fills + operator word),2.980,winner,1.271,1.617,RISER
2026-07-29 09:15:43.193192+00,5Kvqfc6KyVPqaZJJPSdkpk534nnzmorZLyEXncQ9pump,WHITESEM,RECOVERED tier — paper-only on ALL venues until proven (4 of last 5 live full losses; drain-farm profile; reopens on ~30 clean fills + operator word),2.318,winner,1.135,1.254,MOON_SLOW
2026-07-29 09:20:04.908536+00,9R8p9D9K6BT9ud8RoDz3Va6yJ1kuFyksL6RThrhpump,Googlerot,RECOVERED tier — paper-only on ALL venues until proven (4 of last 5 live full losses; drain-farm profile; reopens on ~30 clean fills + operator word),4.162,winner,1.206,1.398,MOON_SLOW
2026-07-29 09:25:35.562529+00,DQRpC3vJ5AtDuyPnaLFqzEG9boYycHSVMGNY16pHpump,PIPECAT,RUG_RISK — class is not traded (RUG_RISK not formula-qualified: needs crowd-PASS + in-envelope),2.547,winner,1.443,1.932,RUG_RISK
2026-07-29 09:31:03.300894+00,9aYPjk8e53K7BznjqEwbiXSmnn6iG6X3pSPnNfNvEgMA,APPLE,RUG_RISK — class is not traded (RUG_RISK not formula-qualified: needs crowd-PASS + in-envelope),1.778,dud,1.099,1.201,RUG_RISK
2026-07-29 09:31:50.333279+00,7dUMPutzjavVCrx8B2aWaTSZh5d47HmXBLamK29F1nXo,LONGCAT,RECOVERED tier — paper-only on ALL venues until proven (4 of last 5 live full losses; drain-farm profile; reopens on ~30 clean fills + operator word),2.345,winner,1.116,1.243,RUG_RISK
2026-07-29 09:38:08.050591+00,Dmq54KC5u4qzE5Tx2iQ6g1xX3PpEMAwwxqZ6MceKdTyM,GUNCAT,RECOVERED tier — paper-only on ALL venues until proven (4 of last 5 live full losses; drain-farm profile; reopens on ~30 clean fills + operator word),2.136,winner,1.132,1.286,BASE
2026-07-29 09:40:04.374986+00,BQYLiWfJFdWHKuExTdxgPUdXvWdHFVvvc3xbdK6eBB2k,PIPECAT,pool 1795 below the 8000 depth floor — no exit at size,8.155,winner,1.271,1.643,MOON_FAST
2026-07-29 09:42:00.157709+00,8QyvTRBmv7J8ogVCkhRCxLVi9EcQDoNBUfgN6YxQycPA,GUNCAT,RECOVERED tier — paper-only on ALL venues until proven (4 of last 5 live full losses; drain-farm profile; reopens on ~30 clean fills + operator word),2.437,winner,1.204,1.442,RISER
2026-07-29 09:43:34.531444+00,CizAYmwmRJsc29mQBuYuw2h78QJ5sNh5FJfyPezxim3K,GUNCAT,RECOVERED tier — paper-only on ALL venues until proven (4 of last 5 live full losses; drain-farm profile; reopens on ~30 clean fills + operator word),2.862,winner,1.190,1.402,BASE
2026-07-29 09:44:23.990837+00,G5Pnw3i8wcRE7rhordQcWoAoLeXbQ9yd4XxFkg3GR4rG,GUNCAT,RECOVERED tier — paper-only on ALL venues until proven (4 of last 5 live full losses; drain-farm profile; reopens on ~30 clean fills + operator word),2.093,winner,1.294,1.677,RISER
2026-07-29 09:44:40.076029+00,Bj9jSpL2DScgkMVgRtCdqdY7W5berjFcU8fYndz59FVg,PIPECAT,pool 2079 below the 8000 depth floor — no exit at size,2.011,winner,1.184,1.410,MOON_STEADY
2026-07-29 09:46:13.482781+00,GsmzYLfEwunv6FQJrxkmAPiAcKiN2ymyfHS5kCaaB7Zc,GUNCAT,RECOVERED tier — paper-only on ALL venues until proven (4 of last 5 live full losses; drain-farm profile; reopens on ~30 clean fills + operator word),1.277,rug,1.127,1.277,MOON_STEADY
2026-07-29 09:51:23.577115+00,2Ff5mhB8dYoKu6cZ82Q2gQTa8GVf8ie2SknUgMmRQ2ES,GUNCAT,pool 2036 below the 8000 depth floor — no exit at size,11.866,winner,1.234,1.557,MOON_SLOW
2026-07-29 09:59:17.53929+00,BPSCn66gDgCNQyCjqjnG2ujL2BLsvPMHxHy2ffxiJgQ2,Luna,"trigger 1.82× declined — 1.66-1.95×@strong (extension closed 2026-07-27, rug-fill scoreboard), >2.05×, or unmeasured inflow",2.838,winner,1.348,1.821,BASE
2026-07-29 10:02:00.514777+00,9G2G2KiNTWpga7gqQfW9CwwyENJjiQdRi1tbB5xyPjr4,CASHCATE,RECOVERED tier — paper-only on ALL venues until proven (4 of last 5 live full losses; drain-farm profile; reopens on ~30 clean fills + operator word),1.949,rug,1.098,1.205,RUG_RISK
2026-07-29 10:03:57.213641+00,55sn7kZYwPxVJ2BY2svNAt29D8ssXd39Z6QdBjPDpump,EPIKJ,RUG_RISK — class is not traded (RUG_RISK not formula-qualified: needs crowd-PASS + in-envelope),2.975,winner,1.108,1.201,RUG_RISK
2026-07-29 10:05:53.731381+00,79xAcXoajNSuhGsFHZB93sMBALtoPF2xqeSaHHPVpump,Bernhard,RUG_RISK — class is not traded (RUG_RISK not formula-qualified: needs crowd-PASS + in-envelope),3.575,winner,1.116,1.215,RUG_RISK
2026-07-29 10:20:19.629977+00,9so8TFnUzT3wibrMDCiWYm41aYR2ktfcniu6gjXvkJRK,Pepsi,RECOVERED tier — paper-only on ALL venues until proven (4 of last 5 live full losses; drain-farm profile; reopens on ~30 clean fills + operator word),5.825,winner,1.108,1.230,MOON_SLOW
2026-07-29 10:25:48.54023+00,FRnnyhmosany8pZL9iApTTGJG3FwPMzf5cU5mSuhYCa4,Bernhard,RECOVERED tier — paper-only on ALL venues until proven (4 of last 5 live full losses; drain-farm profile; reopens on ~30 clean fills + operator word),2.709,winner,1.329,1.748,RUG_RISK
2026-07-29 10:34:26.950902+00,54uKrEVN3RQCKec7S3vUoxMKM2jt7WLuqGT5MfBk7KAg,QIE,RECOVERED tier — paper-only on ALL venues until proven (4 of last 5 live full losses; drain-farm profile; reopens on ~30 clean fills + operator word),16.680,winner,1.217,1.479,RISER
2026-07-29 10:35:58.206138+00,6bmuxc2uCTiRSueaM6jjiJBChMLjNS65XRmMNBMMs22P,Bernhard,dbc ticket: venue rug tide 209/372 (56% ≥ 50%) — moon door waits out the tide,16.058,winner,1.284,1.559,MOON_FAST
2026-07-29 10:53:30.560089+00,HVxwKFJzJ2GQs7cHnh3mwtqWmC4rQgiSPvTX7Hkapump,Gladiator,RUG_RISK — class is not traded (RUG_RISK not formula-qualified: needs crowd-PASS + in-envelope),11.027,winner,1.106,1.201,RUG_RISK
2026-07-29 10:54:55.687467+00,7xDRTRtxvER7GufZqfxvsBCg7un5x82Tx3KfcvTGpump,r/elephant,inflow 1.14× below the 1.15× band (71% vs 45% win),1.258,rug,1.139,1.258,MOON_STEADY
2026-07-29 10:55:15.181289+00,8dqCotj4N9P4atWbn5vJqa2aen24WuVCi6W55QVupump,BADSEM,RUG_RISK — class is not traded (RUG_RISK not formula-qualified: needs crowd-PASS + in-envelope),6.845,winner,1.119,1.224,RUG_RISK
2026-07-29 10:56:04.490276+00,CCWSu4cMnr87SNpzXzMMR5ugKvBpkm7R2KirZLDB16or,ANSEM,RECOVERED tier — paper-only on ALL venues until proven (4 of last 5 live full losses; drain-farm profile; reopens on ~30 clean fills + operator word),3.369,winner,1.317,1.738,RUG_RISK
2026-07-29 11:01:17.426425+00,BeHD8dY1C6AhDb5LAn7Sqm8cT2kouYpmeAJgkALKpump,Dark Arena,"RUG_RISK not on the live plug-in list (BASE,RISER,MOON_FAST,MOON_VIOLENT) — management genome unproven or drain-class; paper workshop owns it",3.920,winner,1.212,1.412,RUG_RISK
2026-07-29 11:12:19.98094+00,Bw2v8nCgf8Wj3gUcuvzXxgX9yAj5yaZR8fCtuQVVcfbP,Bernhard,RECOVERED tier — paper-only on ALL venues until proven (4 of last 5 live full losses; drain-farm profile; reopens on ~30 clean fills + operator word),4.536,winner,1.175,1.378,MOON_STEADY
2026-07-29 11:15:31.231574+00,2kXrA6YuuBPcP8TeBrNFULv7RJwpmPHR3z6K3ebepump,Jimothea,"RUG_RISK not on the live plug-in list (BASE,RISER,MOON_FAST,MOON_VIOLENT) — management genome unproven or drain-class; paper workshop owns it",1.511,dud,1.109,1.203,RUG_RISK
2026-07-29 11:15:31.504739+00,C8KFBp9P9z7J4cCYnH4m5pjdwRYFRawwRhGJXMAH8Yty,BOOP,RUG_RISK — class is not traded (RUG_RISK not formula-qualified: needs crowd-PASS + in-envelope),6.434,winner,1.160,1.344,RUG_RISK
2026-07-29 11:18:57.04059+00,CJs2HqdS9h6P6z5YYfpoyAjsQMWWHy2qnqEkuLFBhzi,Dark Arena,RECOVERED tier — paper-only on ALL venues until proven (4 of last 5 live full losses; drain-farm profile; reopens on ~30 clean fills + operator word),27.407,winner,1.104,1.271,RUG_RISK
2026-07-29 11:20:16.018748+00,MeLatHJFcYiHg1Skvbfwkks5gMLYVdirDwDMUUbdRan,BRUCE,RECOVERED tier — paper-only on ALL venues until proven (4 of last 5 live full losses; drain-farm profile; reopens on ~30 clean fills + operator word),11.968,winner,1.229,1.510,RISER
2026-07-29 11:28:32.423096+00,J4LUKJ7YtoG1fUaAS5qQLus4t3QTT3SXNDikjx8SSPhs,STILL,dbc ticket: venue rug tide 206/366 (56% ≥ 50%) — moon door waits out the tide,3.791,winner,1.168,1.364,MOON_STEADY
2026-07-29 11:30:59.942194+00,DnxSDNLyFgS9Ye4haaPCuqu3WqvRqeRvN4WH93xoN955,Dog,pool 2316 below the 8000 depth floor — no exit at size,1.388,rug,1.214,1.388,MOON_STEADY
2026-07-29 11:34:29.252122+00,7qXFZX8ve89gY3Boj92uYbbVHRH5zKxRcFnnhaUYpump,FRANSEM,BASE — regime gate: thin sample (7) — waiting for paper to prove the turn,2.368,winner,1.134,1.253,BASE
2026-07-29 11:49:00.742373+00,2ga5YLnywZyud8frQnmgBRy3Qr2vyb5BBf8FVyvL4qNR,SCARLETT,pool 2475 below the 2500 depth floor (smart-money floor) — no exit at size,32.522,winner,1.426,1.887,MOON_STEADY
2026-07-29 11:49:41.443812+00,FsYxrmqNAzAv2CFxqsPWNQY3r4VdeC82yfcMoANPDJYV,SCARLETT,RECOVERED tier — paper-only on ALL venues until proven (4 of last 5 live full losses; drain-farm profile; reopens on ~30 clean fills + operator word),3.913,winner,1.114,1.243,RISER
2026-07-29 11:50:34.443094+00,HADpPP6pZV4jAABUW9aCY8VLxAzXEJXuZaC2naYUUabo,Fantasy,MOON_STEADY — regime gate: 8h paper -19.7% on 11 — benched,20.303,winner,1.282,1.830,MOON_STEADY
2026-07-29 12:30:53.917017+00,91i4jcfcL3qY9CAN9EoRa74javs2jga8WDGDdL87Lyf1,Gutjang,RECOVERED tier — paper-only on ALL venues until proven (4 of last 5 live full losses; drain-farm profile; reopens on ~30 clean fills + operator word),1.668,dud,1.131,1.280,RUG_RISK
2026-07-29 12:32:24.88792+00,GpEJ5TvCqnYXHrcqzXMe219wnCA5zoxpVECThZyFpump,TSUNAMI,RECOVERED tier — paper-only on ALL venues until proven (4 of last 5 live full losses; drain-farm profile; reopens on ~30 clean fills + operator word),1.673,rug,1.251,1.493,BASE
2026-07-29 12:39:29.883222+00,BE7EpoYHV9tAvdyF8rsRYhG1SaB5M2A6LCCwhWiPH45K,Gutjang,RECOVERED tier — paper-only on ALL venues until proven (4 of last 5 live full losses; drain-farm profile; reopens on ~30 clean fills + operator word),1.641,rug,1.170,1.371,RUG_RISK
2026-07-29 12:47:28.270682+00,3U6DSF2wLUJUnGaCA7okgL5mbZRJTZNWw6R9hrCGZUQq,아들,RUG_RISK — class is not traded (RUG_RISK not formula-qualified: needs crowd-PASS + in-envelope),3.272,winner,1.188,1.417,RUG_RISK
2026-07-29 12:51:51.44711+00,8LDiBVmB3Lx5PFyxu4aop6ezSUE11cD1SDwztPQJXjYF,Gutjang,"MOON_SLOW not on the live plug-in list (BASE,RISER,MOON_FAST,MOON_VIOLENT) — management genome unproven or drain-class; paper workshop owns it",2.436,winner,1.207,1.456,MOON_SLOW
2026-07-29 12:53:47.448133+00,F7iiyvg8KUgPMnBmkj4vvZoWedua5oVDaB93kAcNpump,RAXO,"RECOVERED tier below the cliff (pool $15,842 < $16,000) — paper-only where the drain farm actually wins",1.918,rug,1.119,1.213,BASE
2026-07-29 12:55:03.61813+00,FeLNhMDxHsBggd9xpYe3Rq1YzWuFaFXYyR5qKFguGnBZ,Thuggies,"RUG_RISK not on the live plug-in list (BASE,RISER,MOON_FAST,MOON_VIOLENT) — management genome unproven or drain-class; paper workshop owns it",2.160,winner,1.308,1.615,RUG_RISK
2026-07-29 12:55:03.959992+00,6QZf7tuV4L7NhDHwpKa7QVNgkWhzWGnvk6bdZRzzfqjz,TABLE,"RECOVERED tier below the cliff (pool $14,108 < $16,000) — paper-only where the drain farm actually wins",9.450,winner,1.197,1.433,BASE
2026-07-29 13:01:14.454495+00,82DB6aXcnrdtYNmtQ35CbW8GELhZVRZqkERvdqtuoijE,Americana,RUG_RISK — class is not traded (RUG_RISK not formula-qualified: needs crowd-PASS + in-envelope),1.403,rug,1.113,1.238,RUG_RISK
2026-07-29 13:02:07.530237+00,G5DeXJgCkgrEfNW8UQ5mr8xcQZsqexNZZw4YAzMm1RUA,Thuggies,"RECOVERED tier below the cliff (pool $15,670 < $16,000) — paper-only where the drain farm actually wins",1.505,rug,1.153,1.326,RUG_RISK
2026-07-29 13:04:25.525234+00,6TsVdaQQAvZgJpdjqX9KpQTsCYdh51Z5QPMe8NTjSZ1H,TABLE,pool 2306 below the 8000 depth floor — no exit at size,10.555,winner,1.374,1.907,MOON_STEADY
2026-07-29 13:04:33.181613+00,H7LmT9mEJ4AMHwkAFNeSC4GRHgEbqipuPSV77JvitPc3,Franktard,RUG_RISK — class is not traded (RUG_RISK not formula-qualified: needs crowd-PASS + in-envelope),1.602,dud,1.102,1.215,RUG_RISK
2026-07-29 13:08:18.452559+00,7YD6ZHb39jGb33ki2iFd7kHK11yMkSFCc9kvjJscpump,NYXORA,RUG_RISK — class is not traded (RUG_RISK not formula-qualified: needs crowd-PASS + in-envelope),3.913,winner,1.114,1.214,RUG_RISK
2026-07-29 13:13:47.408978+00,6TiwP2AWXDKWTVZ3sKjmYpfCxqEDhh3aEC8E3BpSj7cc,TABLE,inflow 1.12× below the 1.15× band (71% vs 45% win),10.936,winner,1.117,1.247,MOON_FAST
2026-07-29 13:26:19.179959+00,BPpXfa1EnMYD33naUSxjJCj5RMmPR9mfsGyvKLvr31hw,THERAPIST,"trigger 1.89× declined — 1.66-1.95×@strong (extension closed 2026-07-27, rug-fill scoreboard), >2.05×, or unmeasured inflow",14.490,winner,1.373,1.886,RISER
2026-07-29 13:34:20.225975+00,4z6Mm5H1B3y65vH13RGR4NRtnAMG6RxPmsXvL5cneate,Durov,"RUG_RISK not on the live plug-in list (BASE,RISER,MOON_FAST,MOON_VIOLENT) — management genome unproven or drain-class; paper workshop owns it",3.598,winner,1.121,1.257,RUG_RISK
2026-07-29 13:35:33.083251+00,CDiED7wyGDr3p4M7Qfwuc4wyWuzB5pwQ1BpkYKYFgEeq,Believe,RUG_RISK — class is not traded (RUG_RISK not formula-qualified: needs crowd-PASS + in-envelope),3.614,winner,1.187,1.406,RUG_RISK
2026-07-29 13:41:31.265096+00,CH3fBuhVJirV6mLA5BWtW3sCCmqDiDvTFwXUAFg1GdH5,BNB,"trigger 1.84× declined — 1.66-1.95×@strong (extension closed 2026-07-27, rug-fill scoreboard), >2.05×, or unmeasured inflow",4.289,winner,1.353,1.836,BASE
2026-07-29 13:44:55.277551+00,zBq84Wk22T6dLdoDPFnjLHm125XAgQzwriYRDcv1TKc,Gooninu,"trigger 1.67× declined — 1.66-1.95×@strong (extension closed 2026-07-27, rug-fill scoreboard), >2.05×, or unmeasured inflow",2.718,winner,1.302,1.674,RUG_RISK
2026-07-29 13:46:54.089341+00,B8Fyu4g4PLuGUk1nFx4VUVFzzF4uNBX4yU6ERtY5ADpu,Gooninu,"RUG_RISK not on the live plug-in list (BASE,RISER,MOON_FAST,MOON_VIOLENT) — management genome unproven or drain-class; paper workshop owns it",1.734,rug,1.108,1.229,RUG_RISK
2026-07-29 13:50:49.567722+00,6ixaEct565dgKCaaQxrQKKhedUp9zWWXG9adkdVDpump,$JUAN,RUG_RISK — class is not traded (RUG_RISK not formula-qualified: needs crowd-PASS + in-envelope),4.691,winner,1.163,1.304,RUG_RISK
2026-07-29 14:23:14.473326+00,5duA3YRtR9i4pJtHkwBMBvx7TmF5kCcvbErcMnRZf6hJ,mask,pool 1920 below the 8000 depth floor — no exit at size,1.382,rug,1.191,1.382,MOON_FAST
2026-07-29 14:33:09.405092+00,8JWbKbx6ABxs4c32isCVDtFqtNbdGtSuiHmbkt33MbHc,GDWR,"trigger 1.74× declined — 1.66-1.95×@strong (extension closed 2026-07-27, rug-fill scoreboard), >2.05×, or unmeasured inflow",2.237,winner,1.319,1.737,RISER
2026-07-29 14:33:09.788582+00,EKvfM157NkHo1mjEUNfeYkY4NWoqFLfhpzYHRrJoie84,Chink,RUG_RISK — class is not traded (RUG_RISK not formula-qualified: needs crowd-PASS + in-envelope),1.840,rug,1.164,1.355,RUG_RISK
2026-07-29 14:35:33.902021+00,AVsdGCtYvtAo5paM68jnzRkDoy4x3DZ8NxHR2jXS1NhH,Fauci,pool 2051 below the 8000 depth floor — no exit at size,6.479,winner,1.276,1.629,MOON_STEADY
2026-07-29 14:37:51.342616+00,4ix5XExnpNTTAUKjUZLP2G34SoH2REoWCmwG2Nb2K2F4,Fauci,RUG_RISK — class is not traded (RUG_RISK not formula-qualified: needs crowd-PASS + in-envelope),1.648,rug,1.140,1.301,RUG_RISK
2026-07-29 14:38:13.880687+00,Bdz3DLCYAhobagLuG8Y7KNLv9wiC7hnes4Hb9fYEURzS,Fauci,pool 1901 below the 8000 depth floor — no exit at size,5.520,winner,1.176,1.384,MOON_STEADY
2026-07-29 15:16:33.921488+00,7csspZKBUySypmQwyuMzJzx8DLMtPSoBSP3FUhyy8oKu,Fauci,pool 1808 below the 8000 depth floor — no exit at size,1.430,rug,1.165,1.358,MOON_STEADY
2026-07-29 15:19:31.802548+00,7mLzb2a3c8XGx4931TJpNvFeKjNTpxvQFkmkgh61pump,DOOMBERD,BASE — regime gate: 8h paper -13.7% on 11 — benched,1.527,rug,1.166,1.314,BASE
2026-07-29 15:23:10.987861+00,7KW7B79m7QB5SDBFYQd8tZvQnoCC4kWJ7htPtojukSBe,COVIDGATE,RUG_RISK — class is not traded (RUG_RISK not formula-qualified: needs crowd-PASS + in-envelope),4.987,winner,1.157,1.339,RUG_RISK
2026-07-29 15:33:46.911279+00,FGHJL72qhikXdaf85tNaQM9VscDNN9fn7v7GrBTrpump,TripleT,"trigger 1.66× declined — 1.66-1.95×@strong (extension closed 2026-07-27, rug-fill scoreboard), >2.05×, or unmeasured inflow",5.518,winner,1.320,1.656,BASE
2026-07-29 15:36:15.423081+00,6DEAm44zzmWwV2MXFuq9ekDvos6XvuqGubpZkTc1uwgD,Gnomes,pool 2167 below the 8000 depth floor — no exit at size,4.657,winner,1.320,1.744,MOON_STEADY
2026-07-29 15:37:24.450095+00,3UBrnieKAJqkcpo4jeNaDuqKivR4xVngdEVA5peUiX8L,CATJAK,pool 2091 below the 2500 depth floor (smart-money floor) — no exit at size,11.017,winner,1.388,1.941,MOON_STEADY
2026-07-29 15:38:33.010215+00,EcjeTBgUPpf7gD31YeEybrHCixpPYhLDmjQ8X4sWJfjm,WIZZ,"trigger 1.93× declined — 1.66-1.95×@strong (extension closed 2026-07-27, rug-fill scoreboard), >2.05×, or unmeasured inflow",7.792,winner,1.386,1.929,RISER
2026-07-29 15:44:52.400398+00,CfLCTBZHoYiKojidPnCn3sdCCgP4NufCNdHJtXSDBZmH,CATJAK,pool 1886 below the 8000 depth floor — no exit at size,9.925,winner,1.182,1.360,MOON_STEADY
2026-07-29 15:58:52.205244+00,2xR7WuWZq7KooK7LQ3kDFw5xHmicaGQ9as49QMB45C3U,VANTO,RUG_RISK — class is not traded (RUG_RISK not formula-qualified: needs crowd-PASS + in-envelope),1.454,dud,1.133,1.281,RUG_RISK
2026-07-29 16:03:48.985827+00,FXkU2cTVQU26CarPEJ5SiiRu67Yxu3brYShmxYS3pump,MARIGOLD,RUG_RISK — class is not traded (RUG_RISK not formula-qualified: needs crowd-PASS + in-envelope),2.098,winner,1.109,1.201,RUG_RISK
2026-07-29 16:06:29.226725+00,6VDKBfXfakGaNs2CrT7sU4Hyxs52bQjrnxpqfuqypump,HAHA,RUG_RISK — class is not traded (RUG_RISK not formula-qualified: needs crowd-PASS + in-envelope),1.808,rug,1.135,1.257,RUG_RISK
2026-07-29 16:13:28.949469+00,AfRvwpZQizKZ6Ehp1eNksAYoaMM5fUtMWi2SEBZVpump,NiGa,RUG_RISK — class is not traded (RUG_RISK not formula-qualified: needs crowd-PASS + in-envelope),9.002,winner,1.199,1.377,RUG_RISK
2026-07-29 18:01:50.518348+00,EjnGsyLknq4yrd67QPcyNFBh7zFvhoHF8WbtKBivpump,PLANDEMIC,"RUG_RISK not on the live plug-in list (BASE,RISER,MOON_FAST,MOON_VIOLENT) — management genome unproven or drain-class; paper workshop owns it",2.046,winner,1.323,1.648,RUG_RISK
2026-07-29 18:01:51.179251+00,9ZEn3EADhQQ6osRkjBtNpBqVCB91D7yEYUMQNMRpump,PNORTH,BASE — regime gate: thin sample (8) — waiting for paper to prove the turn,1.327,dud,1.113,1.210,BASE
2026-07-29 18:03:43.431855+00,GhS7V9FFKvSJqddzpqJsmGjBNMir8tXt6C4Dm13pump,CATDOG,"RECOVERED tier below the cliff (pool $12,746 < $13,000) — paper-only where the drain farm actually wins",2.965,winner,1.181,1.349,MOON_STEADY
2026-07-29 18:26:27.075903+00,Hh2uijSgQqyXBgBkvpyoRdPaFwcRypPuhB4SF4rx7C9D,ASSAY,RUG_RISK — class is not traded (RUG_RISK not formula-qualified: needs crowd-PASS + in-envelope),1.359,rug,1.133,1.283,RUG_RISK
2026-07-29 18:39:03.772731+00,2TF13pYzFBnacbHqQyDqUCKz4cnquAR5FskiQkJzpump,pogocat,"RUG_RISK not on the live plug-in list (BASE,RISER,MOON_FAST,MOON_VIOLENT) — management genome unproven or drain-class; paper workshop owns it",1.748,rug,1.283,1.545,RUG_RISK
2026-07-29 18:50:05.992833+00,Ea897Gb68VbUmswkRD46M6j4Fh5qKG8dPe9QBebAVDzi,pogocat,"trigger 1.91× declined — 1.66-1.95×@strong (extension closed 2026-07-27, rug-fill scoreboard), >2.05×, or unmeasured inflow",2.531,winner,1.381,1.907,RISER
2026-07-29 18:52:49.419801+00,2iUBdX3UqdfXQgU9yQxsPDjrxiHmoumw5mKxJGQMSzu5,Dex,"inflow 1.19× below the 1.2× floor — sub-envelope crowd-pass ran −$0.81/t at size (F3 floor, ratified; paper probes it)",3.327,winner,1.195,1.421,BASE
2026-07-29 18:52:53.082193+00,CwL7zyBvew6FTuXLsUGQnU434TfDn91K49mRYaxNSF57,pogocat,pool 1868 below the 8000 depth floor — no exit at size,1.920,rug,1.163,1.358,MOON_STEADY
2026-07-29 18:59:48.493478+00,GQwocy6HF47EUtPJzXbkQxwWZbwKdarReuJoTPHKpump,PONK,RUG_RISK — class is not traded (RUG_RISK not formula-qualified: needs crowd-PASS + in-envelope),1.350,rug,1.114,1.211,RUG_RISK
2026-07-29 19:03:43.390626+00,6ESZr6afYFgTiPGesmPUKjxs4Lx9SrAuSQVSAwUssjYU,Heron,pool 1683 below the 8000 depth floor — no exit at size,12.221,winner,1.321,1.740,MOON_SLOW
2026-07-29 19:06:58.971735+00,9rBWBJdQggGwbW388s83kJUhqVkMevbdSjT1C7dkGztz,Ponk,pool 2050 below the 2500 depth floor (smart-money floor) — no exit at size,2.177,winner,1.352,1.846,MOON_STEADY
2026-07-29 19:09:41.805163+00,J7fu5rLU4X7ybDqomEU1UCiCXHu9dGBVw6tG1QJu7BKT,Heron,pool 2395 below the 8000 depth floor — no exit at size,6.506,winner,1.269,1.473,MOON_STEADY
2026-07-29 19:12:43.883314+00,DH4XmxW8fXHvwpKMc3rbdm7ygaVXFHhZ5ig5mvQppump,TEXE,RUG_RISK — class is not traded (RUG_RISK not formula-qualified: needs crowd-PASS + in-envelope),1.479,rug,1.142,1.272,RUG_RISK
2026-07-29 19:15:08.615349+00,2qaU4b8WD9KkoAZWDE3i94gSY2pSC6krNUuD8gR38iQj,Oats,pool 2049 below the 8000 depth floor — no exit at size,2.626,winner,1.298,1.744,MOON_SLOW
2026-07-29 19:15:18.93953+00,3ikYqHav5Tf4yuFpaCUeHd2ggRrKZanrqsNeKgVtBea1,PONK,pool 2051 below the 8000 depth floor — no exit at size,1.637,rug,1.142,1.303,MOON_SLOW
2026-07-29 19:21:06.499116+00,7CHJ4mfKoDCKvAssiiUCS4bmTMVqsWTZ2svzZCJdz8LK,SpaceXAI,RUG_RISK — class is not traded (RUG_RISK not formula-qualified: needs crowd-PASS + in-envelope),3.151,winner,1.168,1.319,RUG_RISK
2026-07-29 19:25:08.186404+00,4BNwSXaeH4W9nJVSuzPfrDpcEh9DK9pdjNAMvqxppump,67RACCOON,RUG_RISK — class is not traded (RUG_RISK not formula-qualified: needs crowd-PASS + in-envelope),1.306,rug,1.120,1.229,RUG_RISK
2026-07-29 19:27:01.350755+00,2LPnEF8D5eMvsm3hUfGr1FUazAHgMxQovXGkTkoJkL2m,NUSSY,buy share 47% below the 55% floor — sellers at the trigger tick (30% death cohort vs 13%),3.717,winner,1.201,1.444,MOON_STEADY
2026-07-29 19:30:07.083801+00,Hk92BnM74ug5oXyTsB1owQJA6ttuCe3TP6MWsdhrKaYJ,ChooChoo,"inflow 1.11× below the 1.2× floor — sub-envelope crowd-pass ran −$0.81/t at size (F3 floor, ratified; paper probes it)",5.961,winner,1.105,1.223,BASE
2026-07-29 19:34:00.473512+00,G1MM5SYxqRfF41rbATYoG1iMY9nnLaNppN1cjjaX9tBS,hwg,pool 2335 below the 8000 depth floor — no exit at size,1.546,rug,1.242,1.546,MOON_FAST
2026-07-29 19:36:37.932711+00,8kJ8VQxXbv286yeMEuQSMsGH7LSGnYpzgSNg9gBkGJRr,ChooChoo,RUG_RISK — class is not traded (RUG_RISK not formula-qualified: needs crowd-PASS + in-envelope),1.411,rug,1.098,1.207,RUG_RISK
2026-07-29 19:49:01.677525+00,7FnSLLmgeDWscvkeFi5jBQa5P88nD8puv6tqD4AQA1JM,USA,"inflow 1.17× below the 1.2× floor — sub-envelope crowd-pass ran −$0.81/t at size (F3 floor, ratified; paper probes it)",2.085,winner,1.174,1.384,RISER
2026-07-29 19:57:06.343623+00,ETEfnYoDVSAcn3ctmYK6xJ7h1ZeyGqmm7qxB7mH2Bjif,Fraudci,"trigger 1.73× declined — 1.66-1.95×@strong (extension closed 2026-07-27, rug-fill scoreboard), >2.05×, or unmeasured inflow",6.269,winner,1.323,1.732,BASE
2026-07-29 19:58:42.51826+00,Tra7RKnY5onq1yaYtsF6aF8F3CQsmawYbJp3iCFsqzM,Fraudci,"trigger 1.79× declined — 1.66-1.95×@strong (extension closed 2026-07-27, rug-fill scoreboard), >2.05×, or unmeasured inflow",7.467,winner,1.317,1.794,BASE
2026-07-29 20:01:11.540988+00,HBqpPxhjHyA3peD3QGh9NNiHs91rzCuo4pE8iKGfeuAm,HOOD,RUG_RISK — class is not traded (RUG_RISK not formula-qualified: needs crowd-PASS + in-envelope),1.292,rug,1.108,1.228,RUG_RISK
2026-07-29 20:22:52.273562+00,EZss62PaJWoPPZ9E8U6Q4wPhQGMP9p14Heau63Fxpump,CHOMPINU,RUG_RISK — class is not traded (RUG_RISK not formula-qualified: needs crowd-PASS + in-envelope),3.993,winner,1.118,1.219,RUG_RISK
2026-07-29 20:27:04.829339+00,CDc88gxDwvkTXrsR4dSs57Jih97utPKp6Noou7Empump,BEAR,RUG_RISK — class is not traded (RUG_RISK not formula-qualified: needs crowd-PASS + in-envelope),2.072,winner,1.305,1.623,RUG_RISK
2026-07-29 20:39:41.012107+00,9NS97XCt9CTRsfVkHgaUPSXiHVBh5V1dGQJBLUd8pump,Ketchup,RUG_RISK — class is not traded (RUG_RISK not formula-qualified: needs crowd-PASS + in-envelope),1.284,rug,1.110,1.200,RUG_RISK
2026-07-29 20:49:35.336464+00,FNn6qwSjkt394eLQmB2hKsLawnEGYfTEA61cnxuL7FYz,BEAR,pool 1825 below the 8000 depth floor — no exit at size,2.838,winner,1.190,1.420,MOON_VIOLENT
2026-07-29 21:06:21.75248+00,EFg9fdBYsAqsMWgtNtHqbc94FWh2HCA6Kurm1PjutaBm,RAMEN,"inflow 1.18× below the 1.2× floor — sub-envelope crowd-pass ran −$0.81/t at size (F3 floor, ratified; paper probes it)",6.831,winner,1.182,1.401,BASE
2026-07-29 21:13:18.305086+00,5ettdsvEZAnEo9XZ5rcpQ3QMaej2VGoa5eXTCDj7jJW8,ChooChoo,pool 1843 below the 8000 depth floor — no exit at size,1.861,rug,1.188,1.412,MOON_SLOW
2026-07-29 21:20:21.245798+00,44ut24EhgTW3YHyf4xDwSsQ6MiP8RdPd82ydu4mvLJJj,Gaspar,RUG_RISK — class is not traded (RUG_RISK not formula-qualified: needs crowd-PASS + in-envelope),10.333,winner,1.148,1.318,RUG_RISK
2026-07-29 21:27:25.154466+00,DLUchbirVnPbtQ4aaS1m6jG1jEwn5agHxctnpAWMyEDj,ChooChoo,pool 2388 below the 8000 depth floor — no exit at size,1.713,rug,1.319,1.713,MOON_STEADY
2026-07-29 21:43:41.165578+00,DxckFJdo7SP4p1kKMuKh9QCCK5rDpVyRsR4DZuEhpump,CHATGTT,"RUG_RISK not on the live plug-in list (BASE,RISER,MOON_FAST,MOON_VIOLENT) — management genome unproven or drain-class; paper workshop owns it",1.876,dud,1.255,1.506,RUG_RISK
2026-07-29 21:49:14.943415+00,4fkfk7SB84CMpnYEDRbB1BtQa84VA7ujtNNXBMFkeQeN,CASHCAT,RUG_RISK — class is not traded (RUG_RISK not formula-qualified: needs crowd-PASS + in-envelope),9.915,winner,1.240,1.508,RUG_RISK
2026-07-29 21:55:44.171087+00,65suKAeeL7hhE9bRx6UupSFj8Uyt6475LMBQmnMq8qgc,N&amp;H,"RECOVERED tier below the cliff (pool $12,393 < $13,000) — paper-only where the drain farm actually wins",1.502,rug,1.105,1.220,BASE
2026-07-29 22:24:41.032282+00,GAeSKgiUVZ3PPPspZ9fr2WGcfLi2JTpxDZjAxVWDTh45,Kabosu,pool 2184 below the 8000 depth floor — no exit at size,8.829,winner,1.424,2.026,RUG_RISK
2026-07-29 22:27:43.100414+00,4tfXZHwEW3EjNvNk6W76tcgowKiETDu2z63wJ4r5LJ6d,gohk,RUG_RISK — class is not traded (RUG_RISK not formula-qualified: needs crowd-PASS + in-envelope),2.470,winner,1.145,1.313,RUG_RISK
2026-07-29 22:31:55.179069+00,E9WSE46C4CZvsdpW4MFMT46x7Hmeruk5TZboHWJ72GUU,gohk,pool 1910 below the 2500 depth floor (smart-money floor) — no exit at size,2.610,winner,1.184,1.405,MOON_SLOW
2026-07-29 22:34:39.579582+00,HcZjV2P3SeZCbfrxQ9zJQGb14geUgYSjr5CJ2ZVFpump,Pumpcat,RUG_RISK — class is not traded (RUG_RISK not formula-qualified: needs crowd-PASS + in-envelope),2.429,winner,1.457,1.956,RUG_RISK
2026-07-29 22:34:40.002369+00,2ae178Q7w9Ma7xUw78v9zMqyta3dbwkpEDYZ7vZyoLNM,POPDOG,RUG_RISK — class is not traded (RUG_RISK not formula-qualified: needs crowd-PASS + in-envelope),2.428,winner,1.102,1.211,RUG_RISK
2026-07-29 22:35:33.19974+00,6zEu8rCUzxPYG71bPrtsib1AXFmfX7RHMtkaYaP6vHbg,YOKIFY,RUG_RISK — class is not traded (RUG_RISK not formula-qualified: needs crowd-PASS + in-envelope),5.070,winner,1.122,1.256,RUG_RISK
2026-07-29 22:35:58.458487+00,8fMABQQWt2DXBkzhMQnK4jTozmwRdaYeJXhCrxGfxK3c,traindog,inflow 1.12× below the 1.15× band (71% vs 45% win),1.318,rug,1.125,1.286,MOON_STEADY
2026-07-29 22:48:28.664039+00,F253RAN1psSKY7XVV4CTC8R9GwSWn4GHtU9pAo98pump,land,RUG_RISK — class is not traded (RUG_RISK not formula-qualified: needs crowd-PASS + in-envelope),3.858,winner,1.195,1.371,RUG_RISK
2026-07-29 23:00:07.04976+00,7d5CbSfxeJHDVNetMvHURudeZmHEY8b4PRszqH4KQAhz,ak47,pool 2393 below the 8000 depth floor — no exit at size,2.738,winner,1.363,1.866,MOON_STEADY
2026-07-29 23:00:16.431939+00,7a5GMmB21L8ajiFYQuf2sYvnxzHL5wKXw41XRyMAoWea,Niggabender,RUG_RISK — class is not traded (RUG_RISK not formula-qualified: needs crowd-PASS + in-envelope),3.209,winner,1.435,2.030,RUG_RISK
2026-07-29 23:03:02.953612+00,2u1rsB1jLhDXhLb2JiVefudskRPA9dchnpWozrcKpump,ROAR,inflow 1.11× below the 1.15× band (71% vs 45% win),2.984,winner,1.105,1.202,MOON_SLOW
2026-07-29 23:18:20.05409+00,Ghxeqjb8NReUd12QoMd8fVKafZUsYDe4Ea4iWWfUmepr,PUMP,"MOON_SLOW not on the live plug-in list (BASE,RISER,MOON_FAST,MOON_VIOLENT) — management genome unproven or drain-class; paper workshop owns it",7.414,winner,1.101,1.216,MOON_SLOW
2026-07-29 23:18:21.133672+00,5vL51XRS4RwLd1VvAq1fRHvaB941W4ykXiGQon3z9X8B,PUMP,RUG_RISK — class is not traded (RUG_RISK not formula-qualified: needs crowd-PASS + in-envelope),3.212,winner,1.359,1.843,RUG_RISK
2026-07-29 23:19:07.700189+00,73DRYB2YpoHiZUdq37hQmHTR7Yvg5qJKsxxaYrsJSBCJ,CHEEMS,"inflow 1.13× below the 1.2× floor — sub-envelope crowd-pass ran −$0.81/t at size (F3 floor, ratified; paper probes it)",4.482,winner,1.134,1.250,RISER
2026-07-29 23:19:08.01547+00,DyNZ8cjYvWTAFUsKFcj2Mk3kxMhU3DVKTr7wMQN9pump,SOFIA,RUG_RISK — class is not traded (RUG_RISK not formula-qualified: needs crowd-PASS + in-envelope),1.826,rug,1.257,1.502,RUG_RISK
2026-07-30 00:07:43.852954+00,CAgzrN4kspw2iaJ8my2VesnTqUHueuydufpgszsGVQ8R,ChooChoo,pool 1997 below the 8000 depth floor — no exit at size,1.386,rug,1.189,1.386,MOON_FAST
2026-07-30 00:11:18.558074+00,4p5Wo51xEpz4hosqdhoPWKSUHLiWQ1exbRG8JsRvPi4E,GLOW,"inflow 1.14× below the 1.2× floor — sub-envelope crowd-pass ran −$0.81/t at size (F3 floor, ratified; paper probes it)",3.385,winner,1.136,1.283,RISER
2026-07-30 00:14:21.392165+00,BDX1WgBVU8XSCKhHkkZPJ9G3xXiKj7icgoPPqhDyKRuV,ChooChoo,pool 2045 below the 8000 depth floor — no exit at size,1.660,rug,1.294,1.660,MOON_SLOW
2026-07-30 00:19:08.127154+00,GeiD1H7qx57mXrszEsHDDkNyhP384dFu5AYJastQyzuX,GLOW,RUG_RISK — class is not traded (RUG_RISK not formula-qualified: needs crowd-PASS + in-envelope),8.562,winner,1.172,1.380,RUG_RISK
2026-07-30 00:24:33.377282+00,7sv6EMpiBXQSuP44LAZ7GZGACwWg2bnUhvkRA5rQpump,Jimoticle,RUG_RISK — class is not traded (RUG_RISK not formula-qualified: needs crowd-PASS + in-envelope),2.538,winner,1.154,1.292,RUG_RISK
2026-07-30 00:31:16.573229+00,CZM6uoF6mjAibvzhdugqnWXhyC5soUuWGCXLfimV7xtt,MIA,pool 2166 below the 8000 depth floor — no exit at size,2.369,winner,1.326,1.760,RUG_RISK
2026-07-30 00:49:30.515165+00,GSPqySKcyKF7H4xdeCXPRmvFQ1jhN9JakBMEZ2eVK6oF,Ascend,RUG_RISK — class is not traded (RUG_RISK not formula-qualified: needs crowd-PASS + in-envelope),2.304,winner,1.132,1.278,RUG_RISK
2026-07-30 00:58:51.17462+00,61BHZBjYynSwYuS6vPVEf2MNxxe2GmGXEqQ6su8Ktni6,KOSPI,pool 1633 below the 8000 depth floor — no exit at size,2.522,winner,1.254,1.660,MOON_FAST
2026-07-30 00:58:58.44934+00,BB3xrgy79VoqJ6M89GRJ7PXaBootoFZijGQLh5WUVSZt,Bundle,"trigger 1.94× declined — 1.66-1.95×@strong (extension closed 2026-07-27, rug-fill scoreboard), >2.05×, or unmeasured inflow",4.481,winner,1.398,1.944,RISER
2026-07-30 01:14:35.681866+00,EBvMq3ThPQEEL9Kgh1Gw5ibuCdQGyvc969mD2LDCUepk,TRAYCE,RUG_RISK — class is not traded (RUG_RISK not formula-qualified: needs crowd-PASS + in-envelope),3.124,winner,1.102,1.212,RUG_RISK
2026-07-30 01:19:48.163989+00,EqCEZ759TfwgN7CN57aUsBEy3rZRFs3sz5c6pP91pump,RIKA,RUG_RISK — class is not traded (RUG_RISK not formula-qualified: needs crowd-PASS + in-envelope),7.287,winner,1.176,1.333,RUG_RISK
2026-07-30 01:21:18.289116+00,EAYbnTLEpyssLH8hoCg7et3Sz13ZHsYbcn8QFr7Mpump,Faucina,BASE — regime gate: thin sample (9) — waiting for paper to prove the turn,2.660,winner,1.112,1.218,BASE
2026-07-30 01:25:00.905834+00,5gAR9oLJFHUbXymrd1aUAD9enRkCkuVz3H4KSirfDdyu,RIKA,pool 2093 below the 2500 depth floor (smart-money floor) — no exit at size,2.889,winner,1.413,2.032,RUG_RISK
2026-07-30 01:25:48.309475+00,9Exuns2Vr4SqXgKLanN2KdVJ9Qx38wtWCPwBPcivScFP,KOSPI,"inflow 1.20× below the 1.2× floor — sub-envelope crowd-pass ran −$0.81/t at size (F3 floor, ratified; paper probes it)",2.202,winner,1.195,1.426,BASE
2026-07-30 01:28:59.185712+00,J2btqiV646n1mCbCGc654HthagirBsRsDPpHkXkthESC,RIKA,"trigger 1.76× declined — 1.66-1.95×@strong (extension closed 2026-07-27, rug-fill scoreboard), >2.05×, or unmeasured inflow",95.937,winner,1.326,1.760,RISER
2026-07-30 01:32:08.946812+00,5wiwRgMQqpNhimZh2FxzgeWCdv87jutpe5hg2uqFA3sS,SPICART,pool 1902 below the 8000 depth floor — no exit at size,2.091,winner,1.168,1.365,MOON_STEADY
2026-07-30 01:32:16.005475+00,5wiwRgMQqpNhimZh2FxzgeWCdv87jutpe5hg2uqFA3sS,SPICART,pool 1956 below the 8000 depth floor — no exit at size,2.091,winner,1.168,1.365,MOON_STEADY
2026-07-30 01:32:39.449404+00,94Lq6EzZTALGus8bPr2Ssp451sLa5beQqAoKrwr9s1W4,Totoro,RUG_RISK — class is not traded (RUG_RISK not formula-qualified: needs crowd-PASS + in-envelope),1.318,dud,1.149,1.318,RUG_RISK
2026-07-30 01:43:18.123758+00,AzWfx6STTrcVKwF2ZEhAqYdYNL1LkqZge6S1TtRi5HiX,RIKA,"MOON_STEADY not on the live plug-in list (BASE,RISER,MOON_FAST,MOON_VIOLENT) — management genome unproven or drain-class; paper workshop owns it",8.466,winner,1.212,1.468,MOON_STEADY
2026-07-30 01:44:02.960074+00,CpkYSRf4oexLWm2qdpSDubBJWRYDUGPRoBjRW4Kra6qJ,KOSPI,RUG_RISK — class is not traded (RUG_RISK not formula-qualified: needs crowd-PASS + in-envelope),15.292,winner,1.121,1.256,RUG_RISK
2026-07-30 01:48:21.889518+00,3vFuNHjq882EYrzZNzyMt1QCPU6Hq5ofAMXyMUjYZHYW,RIKA,RUG_RISK — class is not traded (RUG_RISK not formula-qualified: needs crowd-PASS + in-envelope),3.106,winner,1.120,1.251,RUG_RISK
2026-07-30 01:49:35.95927+00,AUZawujPgWm6McBWtL4uGRTuNerSBR17kazQsHJPpump,GREEN,BASE — regime gate: 8h paper -3.7% on 11 — benched (hysteresis holds),3.027,winner,1.317,1.653,BASE
2026-07-30 01:51:13.980361+00,DPcvmT1TK3z4UZXo9W2ZjTHiWRg1jC7MmUPmuX4yA8Cn,Atlas,pool 2005 below the 2500 depth floor (smart-money floor) — no exit at size,3.070,winner,1.351,1.835,MOON_STEADY
2026-07-30 01:54:25.362625+00,B1CyrfNqzso13r67RxpS8cSMUvWqecnKFG7nShRfm57s,PIKA,"trigger 1.77× declined — 1.66-1.95×@strong (extension closed 2026-07-27, rug-fill scoreboard), >2.05×, or unmeasured inflow",3.619,winner,1.332,1.774,RISER
2026-07-30 01:57:45.075641+00,8TxTdZthEKnuf7scqzGUPY1U69PG4MCXkhUPh2rNc8DP,Rika,pool 2048 below the 2500 depth floor (smart-money floor) — no exit at size,2.372,winner,1.353,1.815,RUG_RISK
2026-07-30 01:58:39.423956+00,6QMdJUjiQwzhRGqKfwrz8M4phjzA7baxakdKRN5Cpump,FrauciKabu,inflow 1.13× below the 1.15× band (71% vs 45% win),1.240,rug,1.132,1.240,MOON_SLOW
2026-07-30 02:10:10.600461+00,Hi6CupTVBF9b96vWo1ato3U3ZCQNoHXccFBgiTzdpump,CUPSEY,RUG_RISK — class is not traded (RUG_RISK not formula-qualified: needs crowd-PASS + in-envelope),1.903,rug,1.196,1.389,RUG_RISK
2026-07-30 02:11:53.189744+00,ETEEXPnv6mmC3mxtCd7GaNTwxMardyZrcUGqY75Lpump,threehalves,"RUG_RISK not on the live plug-in list (BASE,RISER,MOON_FAST,MOON_VIOLENT) — management genome unproven or drain-class; paper workshop owns it",4.814,winner,1.307,1.616,RUG_RISK
2026-07-30 02:13:53.473191+00,pdV17jLpj8pgbS8Dt4eCvEvEWRv2P8m9Pe1NmvgfUQ8,CUPSEYPF,"trigger 1.90× declined — 1.66-1.95×@strong (extension closed 2026-07-27, rug-fill scoreboard), >2.05×, or unmeasured inflow",35.565,winner,1.381,1.905,RISER
2026-07-30 02:18:53.514193+00,4QQJEbDyJY1DocqijDKDpgtcc9GD787QX3RswjdHpump,CUPSEYPF,RUG_RISK — class is not traded (RUG_RISK not formula-qualified: needs crowd-PASS + in-envelope),2.043,winner,1.307,1.613,RUG_RISK
2026-07-30 02:20:23.92722+00,4P1kuLvuCV1rUsJpGhPH8FWphx5cJ9DgtUvEAAf7R1XJ,CUPSEYPF,RUG_RISK — class is not traded (RUG_RISK not formula-qualified: needs crowd-PASS + in-envelope),10.060,winner,1.109,1.226,RUG_RISK
2026-07-30 02:27:23.641242+00,5uQe88PFTidb2CWEMjua2nbtvygwuJ3PaG6tfJaopump,RoRo,RUG_RISK — class is not traded (RUG_RISK not formula-qualified: needs crowd-PASS + in-envelope),3.255,winner,1.419,1.870,RUG_RISK
2026-07-30 02:34:26.828239+00,C1QCRAKy6YdJV3eY8w1jNXWoS7dgjGthg7Tgaiauk9nM,ANSEM,RUG_RISK — class is not traded (RUG_RISK not formula-qualified: needs crowd-PASS + in-envelope),1.354,rug,1.119,1.253,RUG_RISK
2026-07-30 02:36:45.394147+00,ChSN1SzSC3jLHigXrrZveQx8nw41STCNYESMVd4wERtd,RoRo,RUG_RISK — class is not traded (RUG_RISK not formula-qualified: needs crowd-PASS + in-envelope),3.069,winner,1.128,1.270,RUG_RISK
2026-07-30 02:36:47.913494+00,ChSN1SzSC3jLHigXrrZveQx8nw41STCNYESMVd4wERtd,RoRo,RUG_RISK — class is not traded (RUG_RISK not formula-qualified: needs crowd-PASS + in-envelope),3.069,winner,1.128,1.270,RUG_RISK
2026-07-30 02:36:54.859804+00,A4aZ7RW4fRAqatJXn3Vcj2QEFseHoj8NTMPXcFNfpump,Fifth,RUG_RISK — class is not traded (RUG_RISK not formula-qualified: needs crowd-PASS + in-envelope),1.488,rug,1.101,1.211,RUG_RISK
2026-07-30 02:37:06.474774+00,87juRAvNd8mUGkdWsD35up2zWDycNCmFdK9uuVGXquZV,DORIME,"trigger 1.74× declined — 1.66-1.95×@strong (extension closed 2026-07-27, rug-fill scoreboard), >2.05×, or unmeasured inflow",3.803,winner,1.332,1.743,RUG_RISK
2026-07-30 02:42:09.768644+00,E76NBxevbHVpyBxad5trsChyLh5wauSDyv4WoTLmpump,DORIME,RUG_RISK — class is not traded (RUG_RISK not formula-qualified: needs crowd-PASS + in-envelope),1.837,dud,1.171,1.320,RUG_RISK
2026-07-30 02:46:21.908139+00,8vwcpksjCdgBHu6rJBzXLNGckKE6YAzc6PdvEBC5kMyb,siti,"MOON_STEADY not on the live plug-in list (BASE,RISER,MOON_FAST,MOON_VIOLENT) — management genome unproven or drain-class; paper workshop owns it",2.396,winner,1.166,1.360,MOON_STEADY
2026-07-30 02:47:54.330925+00,DaaRHW5f9Ue4fEct797kUC8GoLf2Jw3scTuTey9Apump,Bigfoot,RUG_RISK — class is not traded (RUG_RISK not formula-qualified: needs crowd-PASS + in-envelope),2.846,winner,1.363,1.743,RUG_RISK
2026-07-30 02:50:59.685253+00,HWtT2u77jeqmEgT62tgtNKm9c5hCxi1nXPcESmYXpump,Azrcloud,RUG_RISK — class is not traded (RUG_RISK not formula-qualified: needs crowd-PASS + in-envelope),1.630,dud,1.186,1.408,RUG_RISK
2026-07-30 09:29:32.658438+00,GP2XJ7jK7q6uxWgs2BiEwWp5WEsK1WkjYhkhaNeGCKiv,GENE,pool 3397 below the 8000 depth floor — no exit at size,1.404,rug,1.187,1.404,MOON_SLOW
2026-07-30 09:35:54.626294+00,FHGwvThx4mstcP2uUPppb3bmKk9G1ysVYHrWWtdXggNn,UrAnus,"MOON_STEADY not on the live plug-in list (BASE,RISER,MOON_FAST,MOON_VIOLENT) — management genome unproven or drain-class; paper workshop owns it",3.227,winner,1.260,1.585,MOON_STEADY
2026-07-30 09:46:15.396929+00,DdyrhnkxuStkDEZKjpPDje5xtnwhSRDYd5hU7eYJYa42,TRUMPSTEIN,"trigger 1.79× declined — 1.66-1.95×@strong (extension closed 2026-07-27, rug-fill scoreboard), >2.05×, or unmeasured inflow",23.407,winner,1.338,1.791,RISER
2026-07-30 09:51:39.065778+00,jhsuH9XyNFu2vjADSBxLYYhQGjZ5v33zS8L2YFcpump,DIckButt,RUG_RISK — class is not traded (RUG_RISK not formula-qualified: needs crowd-PASS + in-envelope),1.369,rug,1.157,1.296,RUG_RISK
2026-07-30 09:54:06.355439+00,DFin8YzxvziNAzFWaLVmAVBqwaPkfsDcfggvhiGqEcXy,ARC,RUG_RISK — class is not traded (RUG_RISK not formula-qualified: needs crowd-PASS + in-envelope),1.961,dud,1.169,1.366,RUG_RISK
2026-07-30 10:02:48.876766+00,ypmkf2gp33UzZoRAjh8PPPAEw1y2n2faTrDJh3XChVR,pumpkets,RUG_RISK — class is not traded (RUG_RISK not formula-qualified: needs crowd-PASS + in-envelope),1.711,dud,1.501,1.610,RUG_RISK
2026-07-30 10:18:06.316009+00,8kDxUxUZ2nFMDBM1LHD2dxw3fhzgAY9Ucq4FZTbQpump,LASTPEPE,inflow 1.14× below the 1.15× band (71% vs 45% win),3.920,winner,1.138,1.255,MOON_STEADY
2026-07-30 10:43:06.608711+00,4FQR5fCLXtKpMvUYfSwuzNV5RqApGQrxNJfZb2oCVuHN,Jewpiter,"inflow 1.13× below the 1.2× floor — sub-envelope crowd-pass ran −$0.81/t at size (F3 floor, ratified; paper probes it)",12.102,winner,1.133,1.284,BASE
2026-07-30 10:44:29.453971+00,7JkTHzvVkUbfZW69bpBUptNFBWckMjjmYkmqwEEeRT36,THESHERIFS,pool 2031 below the 2500 depth floor (smart-money floor) — no exit at size,1.587,rug,1.260,1.587,MOON_STEADY
2026-07-30 10:47:50.853864+00,2f7E8zbZvNC4kmp2KYQe2z16oAr4djkLTMSmaHXtPktr,CZ,"RUG_RISK not on the live plug-in list (BASE,RISER,MOON_FAST,MOON_VIOLENT) — management genome unproven or drain-class; paper workshop owns it",1.522,rug,1.237,1.522,RUG_RISK
2026-07-30 10:47:55.987523+00,2MMgvYSQZoFoZSqpTzhwCxZTCMajqepBPV6VNaMk86hd,ARC,"RECOVERED tier below the cliff (pool $11,000 < $13,000) — paper-only where the drain farm actually wins",9.070,winner,1.181,1.396,BASE
2026-07-30 10:52:37.927213+00,AzmyvYLQzs68NXaW5g6t4jFHtnjdVz97PdK5RqmscGoA,MARSHOUSE,"trigger 1.83× declined — 1.66-1.95×@strong (extension closed 2026-07-27, rug-fill scoreboard), >2.05×, or unmeasured inflow",2.761,winner,1.337,1.832,RISER
2026-07-30 10:52:37.970963+00,3t9jMwNKbeiH8LDt9xPkZeSQgR8sZ5gMLeKrdXXfX3jS,TITS,RUG_RISK — class is not traded (RUG_RISK not formula-qualified: needs crowd-PASS + in-envelope),1.599,rug,1.186,1.408,RUG_RISK
2026-07-30 10:52:41.127477+00,AzmyvYLQzs68NXaW5g6t4jFHtnjdVz97PdK5RqmscGoA,MARSHOUSE,"trigger 1.83× declined — 1.66-1.95×@strong (extension closed 2026-07-27, rug-fill scoreboard), >2.05×, or unmeasured inflow",2.761,winner,1.337,1.832,RISER
2026-07-30 11:06:51.069274+00,7JYRBayGzpazFFtE1DetMGtdziN7eRtrvLoy1Dhkpump,FABLEMARS,RUG_RISK — class is not traded (RUG_RISK not formula-qualified: needs crowd-PASS + in-envelope),1.264,rug,1.136,1.248,RUG_RISK
2026-07-30 11:06:51.787067+00,BHUm8w3J2zZRCzCXqyKniQDMWYrB1W4L1zkmbuobKvhG,NUDAENG,wallet graph: net rep -1 — rug-history crowd (49% rug vs 10% win cohort),1.921,dud,1.211,1.467,RISER
2026-07-30 11:11:22.37619+00,3UFr7sBqF2Gmr6WoxrHKeUZusNnDBg1mxCoGZwyixp7e,NUDAENG,RUG_RISK — class is not traded (RUG_RISK not formula-qualified: needs crowd-PASS + in-envelope),1.738,dud,1.116,1.244,RUG_RISK
2026-07-30 11:14:19.065683+00,9pNRtw2Zxg7qVSoTKgQfGKmmXG9natzHMSSGZzdypump,TURTLE,"MOON_STEADY not on the live plug-in list (BASE,RISER,MOON_FAST,MOON_VIOLENT) — management genome unproven or drain-class; paper workshop owns it",3.822,winner,1.191,1.372,MOON_STEADY
2026-07-30 11:14:19.568184+00,2ygsogEQLGPdLDyWgLTdZ3eSz6xXwb4hnE4WnYDEQVVG,LUNA,"MOON_STEADY not on the live plug-in list (BASE,RISER,MOON_FAST,MOON_VIOLENT) — management genome unproven or drain-class; paper workshop owns it",10.473,winner,1.163,1.352,MOON_STEADY
2026-07-30 11:14:22.08034+00,2ygsogEQLGPdLDyWgLTdZ3eSz6xXwb4hnE4WnYDEQVVG,LUNA,"MOON_STEADY not on the live plug-in list (BASE,RISER,MOON_FAST,MOON_VIOLENT) — management genome unproven or drain-class; paper workshop owns it",10.473,winner,1.163,1.352,MOON_STEADY
2026-07-30 11:16:01.459435+00,9GMgMVhapxgmGeenst3gXy9SW1GFwzsTQfqoApYbpump,PYRAMID,BASE — regime gate: thin sample (3) — waiting for paper to prove the turn,2.433,winner,1.248,1.503,BASE
2026-07-30 11:20:07.215127+00,GPenmPfKcK2RYYSYAzx5wWZoruBET7X87s5X9yHVw6e6,MarsCoin,RUG_RISK — class is not traded (RUG_RISK not formula-qualified: needs crowd-PASS + in-envelope),2.847,winner,1.213,1.508,RUG_RISK
2026-07-30 11:20:07.427312+00,ErpJgriUETNkpgsiPSvU3KSnGaLmNhxvh2QcCpCAC1qQ,CXMT,RUG_RISK — class is not traded (RUG_RISK not formula-qualified: needs crowd-PASS + in-envelope),1.825,dud,1.149,1.332,RUG_RISK
2026-07-30 11:20:42.744871+00,8nP5cCjYzMbqj5M4WNrwBv4Qd9H8Gr6LEP8PLM7Cy3Su,ChooChoo,pool 2165 below the 8000 depth floor — no exit at size,1.893,rug,1.399,1.893,MOON_STEADY
2026-07-30 11:26:25.597809+00,3zHh9AUXyvV8NP1uSP6F2pdS6D2JX635VQ9PBFiCpaei,MarsCoin,RUG_RISK — class is not traded (RUG_RISK not formula-qualified: needs crowd-PASS + in-envelope),1.701,rug,1.304,1.701,RUG_RISK
2026-07-30 11:29:36.168184+00,BUXBk4kV1cRK77Tf8wdJJTHiT1gGQDArhVCCpHRwh3Qu,Jewpiter,RUG_RISK — class is not traded (RUG_RISK not formula-qualified: needs crowd-PASS + in-envelope),1.401,rug,1.173,1.330,RUG_RISK
2026-07-30 11:36:08.328059+00,DSvz8fBJWwHwbgRRXfbuSkoXU2cxzPujNLqgbkdQdcLL,MOMO,RUG_RISK — class is not traded (RUG_RISK not formula-qualified: needs crowd-PASS + in-envelope),1.810,dud,1.104,1.219,RUG_RISK
2026-07-30 11:50:09.797174+00,EsLreP87YscHNNkpdRPj4PuEgMrSw9Fk7ApXawTzksvS,TURTLE,RUG_RISK — class is not traded (RUG_RISK not formula-qualified: needs crowd-PASS + in-envelope),1.217,rug,1.103,1.217,RUG_RISK
2026-07-30 11:55:10.412172+00,Dh62tqwhZqH3D3Aw3M7ACGUWkaENFNXzCoXRaSgWfupj,Ashty,no SOL price,2.022,winner,1.223,1.472,BASE
2026-07-30 11:55:10.479622+00,6Bv8XPJ3gZpq7oqAEMpXC7aVBCLWcievTp4ZeeeJpump,Ashty,RUG_RISK — class is not traded (RUG_RISK not formula-qualified: needs crowd-PASS + in-envelope),4.588,winner,1.375,1.784,RUG_RISK
2026-07-30 11:55:29.486291+00,F4BZwAxKbBMceEXk2bFDbtiUr7tJZPfKZ8WpgNJhC9g3,Shibu,RUG_RISK — class is not traded (RUG_RISK not formula-qualified: needs crowd-PASS + in-envelope),3.087,winner,1.117,1.249,RUG_RISK
2026-07-30 11:56:19.322981+00,3PVAyrtH5RCd1tBdicbVUYF21Szo96qUzWCxPcS5MfpK,Ashty,"mirror stale — paper twin already exiting; the move is over, not chasing",15.336,winner,1.276,1.594,RISER
2026-07-30 12:06:39.473692+00,BhkMgqHgP15ADjAiGJsq4vdwebmtWjraWWKRfZZ46GoZ,FWOGEN,RUG_RISK — class is not traded (RUG_RISK not formula-qualified: needs crowd-PASS + in-envelope),2.005,winner,1.140,1.298,RUG_RISK
2026-07-30 12:06:44.524736+00,BhkMgqHgP15ADjAiGJsq4vdwebmtWjraWWKRfZZ46GoZ,FWOGEN,RUG_RISK — class is not traded (RUG_RISK not formula-qualified: needs crowd-PASS + in-envelope),2.005,winner,1.140,1.298,RUG_RISK
2026-07-30 12:11:51.208845+00,5EcFFucXrFHd14GKVWqYdKRHzVqdoK99CE9Kwqeopump,Bibi,"RUG_RISK not on the live plug-in list (BASE,RISER,MOON_FAST,MOON_VIOLENT) — management genome unproven or drain-class; paper workshop owns it",1.698,rug,1.269,1.532,RUG_RISK
2026-07-30 12:17:27.748035+00,7QmauYAx9v3poXECTyFztQmqD98Fg1QymNSmornppump,Btsgram,RUG_RISK — class is not traded (RUG_RISK not formula-qualified: needs crowd-PASS + in-envelope),1.325,rug,1.148,1.318,RUG_RISK
2026-07-30 12:21:25.566119+00,4kBMvjyxXeEbibUErEfHHMU6xVwzh44DjsKvFpkYwY4G,STPA,wallet graph: net rep -4 — rug-history crowd (49% rug vs 10% win cohort),1.865,rug,1.356,1.838,RUG_RISK
2026-07-30 12:27:42.252967+00,J7GWwoEJCsj3fkPjoo9XYFkcc8So7cx9cUCPR5vDf6iP,Ashty,buy already in flight (claim race),2.193,winner,1.202,1.436,BASE
2026-07-30 12:30:18.744089+00,8bc6Xx6JY7EAzXYhDyXpqo6gR1FAGJDGJVq1bZdbV6MB,Ashty,"RUG_RISK not on the live plug-in list (BASE,RISER,MOON_FAST,MOON_VIOLENT) — management genome unproven or drain-class; paper workshop owns it",16.586,winner,1.407,1.976,RUG_RISK
2026-07-30 12:30:18.812936+00,EzWMia7R9Yh8JX9eeasdFwkRdvTohZwv3voeQwCXpump,Bjcrate,RUG_RISK — class is not traded (RUG_RISK not formula-qualified: needs crowd-PASS + in-envelope),1.679,rug,1.162,1.349,RUG_RISK
2026-07-30 12:30:22.881868+00,8bc6Xx6JY7EAzXYhDyXpqo6gR1FAGJDGJVq1bZdbV6MB,Ashty,"RUG_RISK not on the live plug-in list (BASE,RISER,MOON_FAST,MOON_VIOLENT) — management genome unproven or drain-class; paper workshop owns it",16.586,winner,1.407,1.976,RUG_RISK
2026-07-30 12:34:31.55477+00,FLcdacL3UYMrZzgHyWRS4MskKpU74aGmn24kRcVoU7HD,Pigeooon,RUG_RISK — class is not traded (RUG_RISK not formula-qualified: needs crowd-PASS + in-envelope),1.722,dud,1.118,1.252,RUG_RISK
2026-07-30 12:36:41.804244+00,2FNTTrqMQCjsixu9PichMkPKshx66PNArhyUNUS5k1wj,Ashty,RUG_RISK — class is not traded (RUG_RISK not formula-qualified: needs crowd-PASS + in-envelope),15.585,winner,1.155,1.333,RUG_RISK
2026-07-30 12:42:25.6573+00,DZAthDjS3GXPwmHVY1ud4sXGz2hU4hDCnPEqNqXdJxSG,Pponyo,"trigger 1.85× declined — 1.66-1.95×@strong (extension closed 2026-07-27, rug-fill scoreboard), >2.05×, or unmeasured inflow",6.362,winner,1.328,1.766,RISER
2026-07-30 12:42:26.964645+00,441FUeyAAiEckV1EkA8qb7CoRQqtAbHBYtX6wxaYrtfM,Bibi,RUG_RISK — class is not traded (RUG_RISK not formula-qualified: needs crowd-PASS + in-envelope),1.426,rug,1.171,1.375,RUG_RISK
2026-07-30 12:45:24.290954+00,BzGuqEi8zmSnCdofo62t21sqJPmPGkq3Qnxen5frp7zS,Ponyo,RUG_RISK — class is not traded (RUG_RISK not formula-qualified: needs crowd-PASS + in-envelope),5.935,winner,1.195,1.417,RUG_RISK
2026-07-30 12:48:06.084234+00,H9XCCufRxb63PUtHpDuSxTmBTwHYknKMCSvEhg9HPULi,Ponyo,entry retry refused — price ran >10% since first quote (chase guard),5.532,winner,1.260,1.594,BASE
2026-07-30 12:49:25.334269+00,5vF17hAefuHmeDoMYB6dcQ6VA7aJTe1AzzEMuJdbzMNY,AEON,RUG_RISK — class is not traded (RUG_RISK not formula-qualified: needs crowd-PASS + in-envelope),1.506,dud,1.119,1.231,RUG_RISK
2026-07-30 12:49:40.175419+00,97wJqLwSxCAvgXxL3Hh9dgjkcMEY51hvAAYURextt8aH,Ponyo,RUG_RISK — class is not traded (RUG_RISK not formula-qualified: needs crowd-PASS + in-envelope),2.515,winner,1.100,1.213,RUG_RISK
2026-07-30 12:54:53.286109+00,7QdnFDS77PkKFA4Q4RkMvwokDRXtsaEZqcoNmrXkpump,employee,"trigger 1.75× declined — 1.66-1.95×@strong (extension closed 2026-07-27, rug-fill scoreboard), >2.05×, or unmeasured inflow",2.126,winner,1.361,1.745,RUG_RISK
2026-07-30 12:56:39.918322+00,BguCsi4Ap93uJCfLdCjdnSQdTfar2E25bMPwkuU4CRzS,Pponyo,RUG_RISK — class is not traded (RUG_RISK not formula-qualified: needs crowd-PASS + in-envelope),1.745,dud,1.109,1.230,RUG_RISK
2026-07-30 13:07:22.943335+00,F6bhzZoX4TNTMcWfGHpdyZF4443sHb7o6peXZSrhpump,Leonardo,RUG_RISK — class is not traded (RUG_RISK not formula-qualified: needs crowd-PASS + in-envelope),1.789,rug,1.325,1.653,RUG_RISK
2026-07-30 13:11:25.994626+00,JBweQqYjgLgt8fCGiYQvG7iNU7E2FZgbiAgQgFneBd94,Leonardo,RUG_RISK — class is not traded (RUG_RISK not formula-qualified: needs crowd-PASS + in-envelope),5.564,winner,1.126,1.269,RUG_RISK
2026-07-30 13:13:47.379454+00,JDft5ynvrdg4zxNvYDZernCfaNd4UxzWKQh47bZab2pK,ANSEM,RUG_RISK — class is not traded (RUG_RISK not formula-qualified: needs crowd-PASS + in-envelope),1.346,rug,1.137,1.292,RUG_RISK
2026-07-30 13:17:02.213083+00,8QCZSz8Ae34ubN6oTqCTLmihQBTKEwDKDR7fti4upump,ZAZA,RUG_RISK — class is not traded (RUG_RISK not formula-qualified: needs crowd-PASS + in-envelope),1.787,rug,1.137,1.253,RUG_RISK
2026-07-30 13:17:58.720192+00,5urBgM9GDx2WKrQppk7sMmzrGZFftsRyxVgzxFTbpump,John,"RUG_RISK not on the live plug-in list (BASE,RISER,MOON_FAST,MOON_VIOLENT) — management genome unproven or drain-class; paper workshop owns it",2.600,winner,1.295,1.582,RUG_RISK
2026-07-30 13:21:16.986324+00,E6ZgV2f17cfBudEAMCGdd1yvePbXzPQA6KoRGkZ6tHzJ,Leonardo,inflow 1.11× below the 1.15× band (71% vs 45% win),1.245,rug,1.112,1.232,RISER
2026-07-30 13:21:17.518253+00,4exz5g3jrmidNtgXeJjRov4wuJjr3j6J8UND5iC9Z62G,GOBLIN,RUG_RISK — class is not traded (RUG_RISK not formula-qualified: needs crowd-PASS + in-envelope),1.912,dud,1.116,1.245,RUG_RISK
2026-07-30 13:24:02.85722+00,5tTonSZTP5tFQgLvcvM8pSMxUuarmiTbWzXGwBUAWSdL,Ashty,inflow 1.12× below the 1.15× band (71% vs 45% win),1.528,rug,1.106,1.226,MOON_SLOW
2026-07-30 13:35:14.834336+00,RCRGrmu9MRkWfr6zmxy2Kn9frVJ4qDDB6tTudhUyqQT,John,RUG_RISK — class is not traded (RUG_RISK not formula-qualified: needs crowd-PASS + in-envelope),1.705,dud,1.097,1.202,RUG_RISK
2026-07-30 13:35:50.914254+00,CdPtnwX3cXhj1WrdVQsT59DwpagRNbA5Jfvxj3Ufpump,INVASION,RUG_RISK — class is not traded (RUG_RISK not formula-qualified: needs crowd-PASS + in-envelope),2.132,winner,1.309,1.601,RUG_RISK
2026-07-30 13:41:27.706124+00,BmH3twUxDs5mHzBd8yi7KashW7B6n34HRtb4sdHNwHcM,CTO,wallet graph: net rep -1 — rug-history crowd (49% rug vs 10% win cohort),2.245,winner,1.197,1.370,MOON_STEADY
2026-07-30 13:43:22.807753+00,FiGuaggzs8Zhn7oBijVui8PKxqJCduCS55LhXUBxzt59,CTO,inflow 1.11× below the 1.15× band (71% vs 45% win),2.695,winner,1.111,1.233,MOON_SLOW
2026-07-30 13:44:06.150252+00,8Lk89ZXEttq32KzV2zg8ZnSTfo3vnACt8AiLrM567dpk,INVASION,"inflow 1.10× below the 1.2× floor — sub-envelope crowd-pass ran −$0.81/t at size (F3 floor, ratified; paper probes it)",14.272,winner,1.100,1.204,BASE
2026-07-30 13:45:15.616631+00,FSdiB6QSUu3cdaUck6MJBMSQfhgcqpXzntx8GkVdhopW,LUNA,dbc ticket: venue rug tide 160/280 (57% ≥ 50%) — moon door waits out the tide,1.868,rug,1.359,1.868,MOON_STEADY
2026-07-30 13:50:00.749279+00,Bus7u55isCTNbG3b7EtRYT1dMsMsogNPoMU1gnjvVRaT,BIBLE,RUG_RISK — class is not traded (RUG_RISK not formula-qualified: needs crowd-PASS + in-envelope),1.285,rug,1.123,1.258,RUG_RISK
2026-07-30 13:54:00.628992+00,3Hfbhg84nsUtzrTPTu8SpnhzFcDpAsvXv1cEyX4opump,UNAWARE,buy share 50% below the 55% floor — sellers at the trigger tick (30% death cohort vs 13%),13.771,winner,1.462,1.974,RUG_RISK
2026-07-30 13:55:45.750622+00,9GFayQk58rtsUC3vYjnNLw4gz94sFGPRhx9LwJ4Wpump,Kyuhelm,RUG_RISK — class is not traded (RUG_RISK not formula-qualified: needs crowd-PASS + in-envelope),1.261,rug,1.098,1.207,RUG_RISK
2026-07-30 13:58:04.939127+00,QhqqXPfeVVsiMYzKUEHZntdFVmD5vVBxmCD36XGK1zX,BIBLE,RUG_RISK — class is not traded (RUG_RISK not formula-qualified: needs crowd-PASS + in-envelope),2.145,winner,1.100,1.207,RUG_RISK
2026-07-30 14:12:51.062326+00,PzJEixcwKRQifceAACKnzuhHcQ46UJDgajFogFCpump,NOOBX,BASE — regime gate: thin sample (6) — waiting for paper to prove the turn,1.338,dud,1.106,1.206,BASE
2026-07-30 14:12:53.687343+00,2d61etVYAvbNkMEJwuiYnzXz9kYL9Z9FRqvD3Jp8uqZS,CXMT,RUG_RISK — class is not traded (RUG_RISK not formula-qualified: needs crowd-PASS + in-envelope),1.396,rug,1.177,1.384,RUG_RISK
2026-07-30 14:12:53.697941+00,8qAMEH2vkXHKi8S97XnLkvh8kMgapCvTSF88Z2C1pump,Sbuxmug,RUG_RISK — class is not traded (RUG_RISK not formula-qualified: needs crowd-PASS + in-envelope),1.407,dud,1.111,1.234,RUG_RISK
2026-07-30 14:16:04.400746+00,5wHznUJxAiMXrhDomYM6w3zLJHm7EzzDdWtibbj1pKve,SOL,RUG_RISK — class is not traded (RUG_RISK not formula-qualified: needs crowd-PASS + in-envelope),1.742,dud,1.097,1.203,RUG_RISK
2026-07-30 14:29:27.032699+00,Fufogei4dVjZjK2btfpgBj1EpGEZygLym9SvErNfG2sS,ANIME,RUG_RISK — class is not traded (RUG_RISK not formula-qualified: needs crowd-PASS + in-envelope),2.752,winner,1.115,1.242,RUG_RISK
2026-07-30 14:29:30.156988+00,5ipahGixFGfLoLvq59bPmFkpNQCYR3RvM586C9AGsrF7,BinanceSh,RUG_RISK — class is not traded (RUG_RISK not formula-qualified: needs crowd-PASS + in-envelope),4.744,winner,1.115,1.243,RUG_RISK
2026-07-30 14:34:17.991219+00,9SbwmH1uwGNmwksAPPeHdahtjN7Noz5Luxyr8nEFJKVE,CTO,buy already in flight (claim race),2.001,winner,1.360,1.839,BASE
2026-07-30 14:37:21.392136+00,8hkBDjrbSbj3t18wqZwsSgBQJJU4LFCwLG2yEVE7pump,MEMELIFE,RUG_RISK — class is not traded (RUG_RISK not formula-qualified: needs crowd-PASS + in-envelope),2.714,winner,1.324,1.619,RUG_RISK
2026-07-30 14:41:11.757505+00,Cuniiv7QW1GsCXQFhjt1CEE7p3RLZdK2hymPcLkcHUKm,UNAWARE,pool 2159 below the 8000 depth floor — no exit at size,2.221,winner,1.340,1.796,MOON_STEADY
2026-07-30 14:57:05.692785+00,DA8kRNDxaqGyqFuoefoChQxncA3ACVALS7KptWF1pump,Corgi,wallet graph: net rep -2 — rug-history crowd (49% rug vs 10% win cohort),2.698,winner,1.437,1.944,MOON_STEADY
2026-07-30 15:04:11.156494+00,4LszRcBwSsCYesPjhB3jbhF4sJTgF43KFEzoHHC9ePmd,Corgi,"MOON_SLOW not on the live plug-in list (BASE,RISER,MOON_FAST,MOON_VIOLENT) — management genome unproven or drain-class; paper workshop owns it",1.504,rug,1.185,1.387,MOON_SLOW
2026-07-30 15:06:33.953957+00,4kPeHSR43r1bXByAJ8UbbfZA8JW7338dPrs5Eyp5pump,CORGI,RUG_RISK — class is not traded (RUG_RISK not formula-qualified: needs crowd-PASS + in-envelope),2.772,winner,1.128,1.234,RUG_RISK
2026-07-30 15:16:11.357872+00,9GMVLe4PTPUfwFcPLw686eRBMpPnEKFAxysVsE5HfbD1,Corgi,"RUG_RISK not on the live plug-in list (BASE,RISER,MOON_FAST,MOON_VIOLENT) — management genome unproven or drain-class; paper workshop owns it",4.055,winner,1.380,1.882,RUG_RISK
2026-07-30 15:24:27.514635+00,EkMAiVsKAd4p3x9T8kqyQzbfXamdh4iuaNwNTGMDzDZD,ADA,"RUG_RISK not on the live plug-in list (BASE,RISER,MOON_FAST,MOON_VIOLENT) — management genome unproven or drain-class; paper workshop owns it",4.458,winner,1.488,1.493,RUG_RISK
2026-07-30 15:26:45.902298+00,6VoytNz2aFxoZbcKgWAYw7STrq3JfN9ZfiRs6KkA9iNR,CeutTakeOv,RUG_RISK — class is not traded (RUG_RISK not formula-qualified: needs crowd-PASS + in-envelope),5.236,winner,1.167,1.363,RUG_RISK
2026-07-30 15:26:48.305517+00,6VoytNz2aFxoZbcKgWAYw7STrq3JfN9ZfiRs6KkA9iNR,CeutTakeOv,RUG_RISK — class is not traded (RUG_RISK not formula-qualified: needs crowd-PASS + in-envelope),5.236,winner,1.167,1.363,RUG_RISK
2026-07-30 15:28:27.948337+00,67a4xzfvjj8aigG71tdhBR4PafujJEvVaYDVyXunWPuT,Corgi,RUG_RISK — class is not traded (RUG_RISK not formula-qualified: needs crowd-PASS + in-envelope),1.733,dud,1.099,1.210,RUG_RISK
2026-07-30 15:37:47.524295+00,3MPdLWt69Gb9e5CWJfAKWzCHS6Verv5g37AYiPHjsXcC,DEPE,RUG_RISK — class is not traded (RUG_RISK not formula-qualified: needs crowd-PASS + in-envelope),1.475,rug,1.177,1.383,RUG_RISK
2026-07-30 15:59:50.347304+00,GVXZ4iJN2PpijjNdspo2xDYPmwn22MnoCVrkMeZCnvSf,USUR,RUG_RISK — class is not traded (RUG_RISK not formula-qualified: needs crowd-PASS + in-envelope),1.898,dud,1.114,1.242,RUG_RISK
2026-07-30 16:02:13.55559+00,EUGsb7SNoJ3CPoW1Hr7e2A3nGmMtBGGxge56uBR8pump,puffercat,RUG_RISK — class is not traded (RUG_RISK not formula-qualified: needs crowd-PASS + in-envelope),3.746,winner,1.440,1.929,RUG_RISK
2026-07-30 16:03:44.253088+00,AXqFvm4TQhmoX541dm1oSh1zUrguygUZzY18AD2gPozy,TRUDY,pool 1737 below the 2500 depth floor (smart-money floor) — no exit at size,7.441,winner,1.177,1.386,MOON_STEADY
2026-07-30 16:05:22.213261+00,9ZTfTncXNk92eDVDVfgeN2D3HJxWREKHT3wKyevigez7,HOOD,"RUG_RISK not on the live plug-in list (BASE,RISER,MOON_FAST,MOON_VIOLENT) — management genome unproven or drain-class; paper workshop owns it",2.730,winner,1.378,1.842,RUG_RISK
2026-07-30 16:06:52.238916+00,G9DFvm3Jmu2uhFLdpKetADE68ekC9pVabu2t5BbVzL4s,ChooChoo,"MOON_SLOW not on the live plug-in list (BASE,RISER,MOON_FAST,MOON_VIOLENT) — management genome unproven or drain-class; paper workshop owns it",2.951,winner,1.262,1.592,MOON_SLOW
2026-07-30 16:51:43.676306+00,7MzJzfKj13t1bkUwHFt3JenV7dEZtgqDcK2wC1tn7s8P,Google AI,inflow 1.17× below the 1.3× band (71% vs 45% win),1.690,rug,1.258,1.557,MOON_SLOW
2026-07-30 16:52:13.310174+00,KHdakwCbinL82EeVfBtzpaZ7EryFenn73hfuscrj4o9,SLOP,"inflow 1.15× below the 1.2× floor — sub-envelope crowd-pass ran −$0.81/t at size (F3 floor, ratified; paper probes it)",1.980,rug,1.146,1.313,RISER
2026-07-30 16:53:36.581553+00,4P3pastG2ENUUiitDeQE7JDHpi4n1LBgyc2uaDGspump,SIRDOGE,"RECOVERED tier below the cliff (pool $5,319 < $13,000) — paper-only where the drain farm actually wins",1.629,rug,1.316,1.533,RUG_RISK
2026-07-30 16:53:40.338005+00,3Lrtbr3Hg6ykTjXp4KpLbizyfNq1AGm2iUmKtP5fkAdR,TEST1B,"mirror stale — paper twin already exiting; the move is over, not chasing",2.224,winner,1.401,1.962,BASE
2026-07-30 16:54:32.153391+00,DVKn3JYkqovZv27ecqrioXhcawTXTumRX6LkVQUEpump,CLOUD,RUG_RISK — class is not traded (RUG_RISK not formula-qualified: needs crowd-PASS + in-envelope),1.447,rug,1.118,1.222,RUG_RISK
2026-07-30 16:54:35.170256+00,DVKn3JYkqovZv27ecqrioXhcawTXTumRX6LkVQUEpump,CLOUD,RUG_RISK — class is not traded (RUG_RISK not formula-qualified: needs crowd-PASS + in-envelope),1.447,rug,1.118,1.222,RUG_RISK
2026-07-30 17:09:57.587374+00,8V7EQRmG53tjxYqCSw6CXDvjWLkwHXGghKVRGrUKpump,trenchcats,RUG_RISK — class is not traded (RUG_RISK not formula-qualified: needs crowd-PASS + in-envelope),1.323,dud,1.145,1.269,RUG_RISK
2026-07-30 17:11:19.093464+00,4CJCDF9sF6gEyAEihYA8rextZauiRu1xH5KdJ9WPexBg,DOG,RUG_RISK — class is not traded (RUG_RISK not formula-qualified: needs crowd-PASS + in-envelope),1.203,rug,1.097,1.201,RUG_RISK
2026-07-30 17:11:37.242333+00,6dwk7G3StiD6APiJTjejHC7A91E4gQRHWNDTTcaApump,CURATOR,"RECOVERED tier below the cliff (pool $12,575 < $13,000) — paper-only where the drain farm actually wins",1.343,dud,1.108,1.203,MOON_SLOW
2026-07-30 17:17:48.469908+00,J4eBac8hK71UNn7ekA3DGWepMybK1zgvErZ9ENiJfDjc,CLUELESS,RUG_RISK — class is not traded (RUG_RISK not formula-qualified: needs crowd-PASS + in-envelope),2.879,winner,1.110,1.230,RUG_RISK
2026-07-30 17:20:17.548206+00,DzngWvqU4gaam5Duxao6L1mNrmRSjQPaT8bkc8xWpump,OSCAROO,RUG_RISK — class is not traded (RUG_RISK not formula-qualified: needs crowd-PASS + in-envelope),3.685,winner,1.115,1.211,RUG_RISK
2026-07-30 17:25:22.970464+00,2sEeDyZSoXPxPso2gZLB93RuHCQCZoPyam81z4pi5bYD,DOG,RUG_RISK — class is not traded (RUG_RISK not formula-qualified: needs crowd-PASS + in-envelope),1.893,dud,1.103,1.216,RUG_RISK
2026-07-30 17:27:11.680792+00,HGRBWbyj3MbrwMqiAfkiwsTsN98m3XAgvNjPhCoSsqCW,MarsCoin,"RUG_RISK not on the live plug-in list (BASE,RISER,MOON_FAST,MOON_VIOLENT) — management genome unproven or drain-class; paper workshop owns it",2.613,winner,1.234,1.554,RUG_RISK
2026-07-30 17:27:11.706364+00,2kfnyTATbCPtLYZwWpewvnkQc6WqxPmLULJGGNnQrJNN,Burnian,inflow 1.10× below the 1.3× band (71% vs 45% win),2.802,winner,1.095,1.200,MOON_SLOW
2026-07-30 17:49:37.78207+00,Hux6vpSmxyt2XM2MNBGC8wp2Ra2iJ9r4eTyB4sYcbZDV,MarsCoin,"RUG_RISK not on the live plug-in list (BASE,RISER,MOON_FAST,MOON_VIOLENT) — management genome unproven or drain-class; paper workshop owns it",3.678,winner,1.405,1.967,RUG_RISK
2026-07-30 17:49:42.911099+00,DP6cATHe4JYJWqfmG9aLWDyScg35p5DfWPVoNNRxrbJ8,DIC,RUG_RISK — class is not traded (RUG_RISK not formula-qualified: needs crowd-PASS + in-envelope),1.705,rug,1.107,1.224,RUG_RISK
2026-07-30 17:51:58.836045+00,58iYzjWK4sFRiTxEXvLrAKuKcRKuhbnd4jYMy3C9pump,friend,"inflow 1.12× below the 1.2× floor — sub-envelope crowd-pass ran −$0.81/t at size (F3 floor, ratified; paper probes it)",3.079,winner,1.119,1.225,MOON_SLOW
2026-07-30 17:53:35.207337+00,8oEUEx7BLrsJT6HgEkapezrgRZyFapsxSF8LekoYaATe,BADDIES,RUG_RISK — class is not traded (RUG_RISK not formula-qualified: needs crowd-PASS + in-envelope),1.558,rug,1.152,1.327,RUG_RISK
2026-07-30 17:55:16.322632+00,DtggcKKDHAWRstQH5KuzLpCy4oaxWC297EpHqcUu7iAB,OSCAROO,RUG_RISK — class is not traded (RUG_RISK not formula-qualified: needs crowd-PASS + in-envelope),1.477,rug,1.113,1.238,RUG_RISK
2026-07-30 17:56:16.08621+00,HuGhvcRBoks4bmFjP6fLSZNDTLS7F4R4mzP8QCPspump,BBB,RUG_RISK — class is not traded (RUG_RISK not formula-qualified: needs crowd-PASS + in-envelope),1.482,rug,1.123,1.202,RUG_RISK
2026-07-30 18:05:26.514898+00,ppD2YACYxh36zS2yDWwMiCkqfQgTukJ9P2a2jMQpump,SASS,"RUG_RISK not on the live plug-in list (BASE,RISER,MOON_FAST,MOON_VIOLENT) — management genome unproven or drain-class; paper workshop owns it",7.414,winner,1.467,1.989,RUG_RISK
2026-07-30 18:06:59.508514+00,A7HiRuWE7YTiduwViia7ByYG3NgCybBfBSVxrLcnCjic,friend,"inflow 1.10× below the 1.2× floor — sub-envelope crowd-pass ran −$0.81/t at size (F3 floor, ratified; paper probes it)",6.423,winner,1.105,1.398,BASE
2026-07-30 18:10:11.718737+00,2xUNmK4awPbeYJUodc6MjgeaT1MzyZCuEUzTyK4ktSg9,friend,RUG_RISK — class is not traded (RUG_RISK not formula-qualified: needs crowd-PASS + in-envelope),2.656,winner,1.395,1.963,RUG_RISK
2026-07-30 18:15:00.220823+00,8YWrbLddxmKpbnZLfp2uWbx5fQZUXTWcdFM5CGMhpump,Coupe,RUG_RISK — class is not traded (RUG_RISK not formula-qualified: needs crowd-PASS + in-envelope),2.003,winner,1.439,1.911,RUG_RISK
2026-07-30 18:18:03.563399+00,68hYNmDhs1beYtD5hLEN5UowCf8Rv2JqWQL7hWcRrshf,friend,RUG_RISK — class is not traded (RUG_RISK not formula-qualified: needs crowd-PASS + in-envelope),1.656,dud,1.094,1.201,RUG_RISK
2026-07-30 18:20:48.936804+00,2vRWxCPhcLu7voqpYnU53oGzpQLs7QkDNnYmvbMQ7WPM,Coupe,pool 2147 below the 8000 depth floor — no exit at size,33.877,winner,1.305,1.722,RUG_RISK
2026-07-30 18:20:51.852146+00,5U6HRso14WHDJzkHKATTnxbEfFaqkRzDw5UY1Gbu9mMp,friend,RUG_RISK — class is not traded (RUG_RISK not formula-qualified: needs crowd-PASS + in-envelope),1.812,dud,1.100,1.207,RUG_RISK
2026-07-30 18:24:31.922394+00,91z1iiy3MdJA8WVDQNQuWq8kdjKFpTwuqAnq7xsyu5s4,Coupe,inflow 1.11× below the 1.3× band (71% vs 45% win),1.639,rug,1.257,1.576,MOON_STEADY
2026-07-30 18:24:34.246952+00,91z1iiy3MdJA8WVDQNQuWq8kdjKFpTwuqAnq7xsyu5s4,Coupe,inflow 1.26× below the 1.3× band (71% vs 45% win),1.639,rug,1.257,1.576,MOON_STEADY
2026-07-30 18:29:28.688746+00,Dw7GBSTkWmaPbWW9pycsENvyjNQwfbMtZ7YsUMVyw39V,LEMO,pool 2126 below the 8000 depth floor — no exit at size,3.856,winner,1.428,2.041,RUG_RISK
2026-07-30 18:40:41.834408+00,AvSANB37Z75jfnX1Ae3xyR93nzFDjdBmBoYV6YEmpump,Fraggle,RUG_RISK — class is not traded (RUG_RISK not formula-qualified: needs crowd-PASS + in-envelope),1.388,rug,1.192,1.351,RUG_RISK
2026-07-30 18:40:44.158346+00,AvSANB37Z75jfnX1Ae3xyR93nzFDjdBmBoYV6YEmpump,Fraggle,RUG_RISK — class is not traded (RUG_RISK not formula-qualified: needs crowd-PASS + in-envelope),1.388,rug,1.192,1.351,RUG_RISK
2026-07-30 18:44:18.975117+00,Agmu8Xgn7rU4zFv4DMPrEBhYDdPsmiEG5hCiYyvSpump,Fraggle,"RECOVERED tier below the cliff (pool $12,646 < $13,000) — paper-only where the drain farm actually wins",20.707,winner,1.382,1.754,MOON_SLOW
2026-07-30 18:46:04.544079+00,8gZMNrNxBzFjXmtFGYTZoTvuM1XzdsxMbMLKq2nTw7Ff,CT,pool 1943 below the 8000 depth floor — no exit at size,156.526,winner,1.262,1.614,MOON_STEADY
2026-07-30 18:52:06.875624+00,HpkuvFhxD3xAnBwbC2EZQvr8VDCoRRZ3AWnupLVhpump,Raccoon,RUG_RISK — class is not traded (RUG_RISK not formula-qualified: needs crowd-PASS + in-envelope),4.219,winner,1.429,1.920,RUG_RISK
2026-07-30 18:59:12.697923+00,4HSJSnq81ubQL1mxNTFyfuqK6pukT4MoPGRCCYQWpump,PHDkitty,RUG_RISK — class is not traded (RUG_RISK not formula-qualified: needs crowd-PASS + in-envelope),1.440,rug,1.188,1.357,RUG_RISK
2026-07-30 18:59:15.926678+00,4UDLDv7pNStg6fZ5LjhYT44JWcfimDnoP6mkzi5FGQkA,PHDkitty,RUG_RISK — class is not traded (RUG_RISK not formula-qualified: needs crowd-PASS + in-envelope),1.429,rug,1.181,1.389,RUG_RISK
2026-07-30 18:59:30.759036+00,EHWsLRn7n7niDxKV9wAWDsAB6bKD6xnihxqZdcZfpump,NFF,RUG_RISK — class is not traded (RUG_RISK not formula-qualified: needs crowd-PASS + in-envelope),2.473,winner,1.407,1.857,RUG_RISK
2026-07-30 18:59:33.513205+00,GoTa7QMzmpxFb4PL97uTQ6cerzEjVABtig498yz5v38y,Kiwi,RUG_RISK — class is not traded (RUG_RISK not formula-qualified: needs crowd-PASS + in-envelope),1.995,dud,1.100,1.209,RUG_RISK
2026-07-30 19:03:08.892123+00,FNFEgK9FkfNTrhSkyPCSDif9YRWPfo7YqHskCW7GKs72,Fraggle,inflow 1.19× below the 1.3× band (71% vs 45% win),1.781,rug,1.308,1.728,MOON_FAST
2026-07-30 19:03:22.312485+00,3ECxNDtyazWabkuj3iRAhuCan6Q84gS7XjRDEQijXDUf,Fraggle,RUG_RISK — class is not traded (RUG_RISK not formula-qualified: needs crowd-PASS + in-envelope),1.221,rug,1.101,1.206,RUG_RISK
2026-07-30 19:05:00.029706+00,6YpJNmDk8aQn67qeZPuxT42PzHSm6FFon5SGtz9YHJ4i,Fraggle,RUG_RISK — class is not traded (RUG_RISK not formula-qualified: needs crowd-PASS + in-envelope),1.882,dud,1.120,1.252,RUG_RISK
2026-07-30 19:10:20.69606+00,6Ei4gfxkp6asXjzG1B9SD27cJMGog9j7HdMtqHfRKhrq,CXMT,RUG_RISK — class is not traded (RUG_RISK not formula-qualified: needs crowd-PASS + in-envelope),1.585,dud,1.112,1.236,RUG_RISK
2026-07-30 19:11:08.298447+00,77YUCjgD1Ky8qu9ykfa7B25tr1UMnkeo92bw3cDUpump,VIBECAT,RUG_RISK — class is not traded (RUG_RISK not formula-qualified: needs crowd-PASS + in-envelope),1.977,dud,1.382,1.774,RUG_RISK
2026-07-30 19:19:56.389925+00,BTLU9kD7mxNEPVn2PsFU6vKjCh9j4PtL7sKuP1xwbFiD,REX,RUG_RISK — class is not traded (RUG_RISK not formula-qualified: needs crowd-PASS + in-envelope),8.351,winner,1.162,1.362,RUG_RISK
2026-07-30 19:20:18.668014+00,FaGg7yNXtADodvr7vvv7YziGZqEfyHkbNspvNtjEPd6a,REX,RUG_RISK — class is not traded (RUG_RISK not formula-qualified: needs crowd-PASS + in-envelope),1.270,rug,1.105,1.221,RUG_RISK
2026-07-30 19:26:19.027378+00,Ai9tFW828Jft3i5JrxTFhacSv44xYgZhmV46qweiMuKY,CATJAK,RUG_RISK — class is not traded (RUG_RISK not formula-qualified: needs crowd-PASS + in-envelope),3.238,winner,1.166,1.359,RUG_RISK
2026-07-30 19:37:45.317588+00,97MRVY4T1SAfA5mdBMDPZbooGtsKj5LEx4VoUeB6sWaM,BANKROLL,RUG_RISK — class is not traded (RUG_RISK not formula-qualified: needs crowd-PASS + in-envelope),1.468,rug,1.150,1.321,RUG_RISK
2026-07-30 19:40:09.98049+00,BaDCnhjN15EoQdA49VRALvy76RvvwV3akxhfeg8aYuS8,VIBECAT,inflow 1.15× below the 1.3× band (71% vs 45% win),4.912,winner,1.153,1.325,MOON_SLOW
2026-07-30 19:42:46.744242+00,ApYnvJVMNptrRCjrFnBjQjF655fPDTPfEBdJchqSBDgQ,Fraggle,pool 1662 below the 8000 depth floor — no exit at size,1.390,rug,1.107,1.215,MOON_STEADY
2026-07-30 19:44:09.810534+00,52Ax3uYVmid6Nd4w4iarCFK4xcurTyp9skFuGkNRA3L8,Max,pool 2340 below the 8000 depth floor — no exit at size,2.049,winner,1.345,1.811,MOON_STEADY
2026-07-30 19:49:36.855725+00,AUKhSigQGLbRWJg2mGP1j5Yk2qSpeVQy8QrewyaDpump,BOB,RUG_RISK — class is not traded (RUG_RISK not formula-qualified: needs crowd-PASS + in-envelope),1.832,dud,1.308,1.612,RUG_RISK
2026-07-30 19:53:40.127094+00,CrJauwMaKh9oVJbuyqfxSEtW9PpHXYUj5kkyK5DgUwsr,DISTORPEPE,RUG_RISK — class is not traded (RUG_RISK not formula-qualified: needs crowd-PASS + in-envelope),1.374,rug,1.172,1.374,RUG_RISK
2026-07-30 19:56:50.844051+00,HTB1NGMNnErjiMDov1KqUtYfsEXXDEjRudyyAdfxwRfY,BOB,inflow 1.24× below the 1.3× band (71% vs 45% win),1.742,dud,1.241,1.540,RISER
2026-07-30 19:57:44.067535+00,7fBGfEjnfaggJuezEtGM145DEAnVUjYSrPb3tW25RUTL,ERC,RUG_RISK — class is not traded (RUG_RISK not formula-qualified: needs crowd-PASS + in-envelope),1.856,dud,1.118,1.251,RUG_RISK
2026-07-30 20:42:51.830357+00,Fi18gyrnR2FKSooAArdggsBHvXCL68WY28pbWoowpump,PSA,inflow 1.21× below the 1.3× band (71% vs 45% win),2.010,winner,1.205,1.406,MOON_SLOW
2026-07-30 20:42:55.471635+00,FFzneRsGUEqQmttVkrHaspVsEm7RQe5gh4NqAf4npump,SAPIENS,inflow 1.20× below the 1.3× band (71% vs 45% win),1.712,rug,1.199,1.389,MOON_SLOW
2026-07-30 20:42:56.990009+00,C3gAkU3dYL9rJ8ZeGqkZ7Hj2AnSGS3mP4mo8f14RXXm1,ROOMBA,buy already in flight (claim race),24.266,winner,1.212,1.468,RISER
2026-07-30 20:42:57.81448+00,C3gAkU3dYL9rJ8ZeGqkZ7Hj2AnSGS3mP4mo8f14RXXm1,ROOMBA,entry retry refused — price ran >10% since first quote (chase guard),24.266,winner,1.212,1.468,RISER
2026-07-30 20:42:58.156481+00,FFzneRsGUEqQmttVkrHaspVsEm7RQe5gh4NqAf4npump,SAPIENS,inflow 1.20× below the 1.3× band (71% vs 45% win),1.712,rug,1.199,1.389,MOON_SLOW
2026-07-30 20:43:15.052034+00,sp58o2bT9hqPcZSotR1epqof38vmY7zJFd1pDYJKT1X,ROOMBA,pool 2309 below the 8000 depth floor — no exit at size,10.620,winner,1.398,1.965,MOON_STEADY
2026-07-30 20:48:22.826098+00,5hsZsYX913Ds31K3hdKqStYdh7QtdViw6Q2s5DFsSCZa,PSA,RUG_RISK — class is not traded (RUG_RISK not formula-qualified: needs crowd-PASS + in-envelope),1.457,rug,1.097,1.204,RUG_RISK
2026-07-30 20:55:22.38235+00,ASEo1enTys6qFfSPQqYW8AyKpiXWDpwdH1zNpg1KanhM,PSA,RUG_RISK — class is not traded (RUG_RISK not formula-qualified: needs crowd-PASS + in-envelope),1.901,dud,1.134,1.287,RUG_RISK
2026-07-30 21:00:06.494937+00,7EV4CCcAwpoD4qpP5Edd1XwESNJGHywJMEjWsXjJHiww,MINER,RUG_RISK — class is not traded (RUG_RISK not formula-qualified: needs crowd-PASS + in-envelope),6.240,winner,1.171,1.373,RUG_RISK
2026-07-30 21:04:48.843373+00,HGWJDajHGkDSSju8sN9iDGpnXVkMq2qSquQsVEMaNvrM,pvpcat,RUG_RISK — class is not traded (RUG_RISK not formula-qualified: needs crowd-PASS + in-envelope),1.482,rug,1.236,1.465,RUG_RISK
2026-07-30 21:05:35.090488+00,qLEVvN4G4nvC6qEcJhaup89gEUeoxUAjfuRA8sKCsjy,pvpdog,RUG_RISK — class is not traded (RUG_RISK not formula-qualified: needs crowd-PASS + in-envelope),1.460,rug,1.137,1.256,RUG_RISK
2026-07-30 21:07:56.871089+00,Dum8UksNWf3MQybHdSDgPQqBVVSZg3dN1s9fBPTKpump,trench life,inflow 1.25× below the 1.3× band (71% vs 45% win),1.641,rug,1.246,1.489,MOON_SLOW
2026-07-30 21:15:42.777171+00,DifAAJrQ26WppJHu2s7HbzYpuhvLrgvoQvDUcSPtu5hp,PSA,"RUG_RISK not on the live plug-in list (BASE,RISER,MOON_FAST,MOON_VIOLENT) — management genome unproven or drain-class; paper workshop owns it",22.588,winner,1.266,1.603,RUG_RISK
2026-07-30 21:18:45.864176+00,CfeEfay155XQJBmmSG7tnALnAfaD6Jmfh1epmA1Upump,PFAU,"RECOVERED tier below the cliff (pool $11,479 < $13,000) — paper-only where the drain farm actually wins",2.673,winner,1.172,1.326,MOON_SLOW
2026-07-30 21:19:33.708846+00,Dsd2FsGmrPL7EC4YU2uRmnkwjEtvGifqjSCWUuDek5XS,Paul,RUG_RISK — class is not traded (RUG_RISK not formula-qualified: needs crowd-PASS + in-envelope),2.481,winner,1.216,1.478,RUG_RISK
2026-07-30 21:25:02.178645+00,5LLJZR9wTP7YtcTh5Fx5a4ksWQc5x1BtnWwWyMNzpump,fin,BASE — regime gate: thin sample (6) — waiting for paper to prove the turn,9.398,winner,1.361,1.772,BASE
2026-07-30 21:25:04.668378+00,5LLJZR9wTP7YtcTh5Fx5a4ksWQc5x1BtnWwWyMNzpump,fin,BASE — regime gate: thin sample (6) — waiting for paper to prove the turn,9.398,winner,1.361,1.772,BASE
2026-07-30 21:39:30.356039+00,41nCXTQ3SZgoEpsMo9nhokXR5PVLH1BQsAgEo9Xdpump,SEAL,inflow 1.13× below the 1.3× band (71% vs 45% win),2.204,winner,1.169,1.319,MOON_SLOW
2026-07-30 21:40:40.120089+00,9SGo1gTt4rwsZ1bBGxukyYxMbRttn4W6xzHzuikq6m9B,Shimajiro,RUG_RISK — class is not traded (RUG_RISK not formula-qualified: needs crowd-PASS + in-envelope),1.529,rug,1.156,1.336,RUG_RISK
2026-07-30 21:43:00.354707+00,2HU2VftbJ7Fp9P5pEbneNsRhax8boHhTVS1KLnYrpump,ALLAHUAKBAR,inflow 1.12× below the 1.3× band (71% vs 45% win),1.431,rug,1.120,1.223,MOON_SLOW
2026-07-30 21:49:14.562891+00,CPiegEceW9VwdqUL3N4s9Cw4KUNyTmcACDDgbSw9pump,TILLY,RUG_RISK — class is not traded (RUG_RISK not formula-qualified: needs crowd-PASS + in-envelope),1.624,rug,1.228,1.448,RUG_RISK
2026-07-30 21:53:13.21654+00,6FYMcPdW1LbfuuSN8N3KjPT3XuCzRzpkTw5FsEQp6QZW,PEPE,pool 1875 below the 8000 depth floor — no exit at size,3.005,winner,1.177,1.386,MOON_SLOW
2026-07-30 21:53:37.76185+00,6FYMcPdW1LbfuuSN8N3KjPT3XuCzRzpkTw5FsEQp6QZW,PEPE,pool 1916 below the 8000 depth floor — no exit at size,3.005,winner,1.177,1.386,MOON_SLOW
2026-07-30 21:54:03.808704+00,HcUGMGrjdD16rXtnmieT1WYmykPYHmbbTtAySKzm4Wh,Tesla AI,RUG_RISK — class is not traded (RUG_RISK not formula-qualified: needs crowd-PASS + in-envelope),1.244,rug,1.115,1.244,RUG_RISK
2026-07-30 21:54:49.681098+00,9451ghFotfY3drvZyAN2t63C2YNCHZN5cya8DtAopump,dihpressed,buy share 53% below the 55% floor — sellers at the trigger tick (30% death cohort vs 13%),2.399,winner,1.357,1.737,RUG_RISK
2026-07-30 21:58:53.955753+00,Eu3wxLxv1NHF432e3bYCdurGHUgJGCC3KH7YdiJCpump,VOID,RUG_RISK — class is not traded (RUG_RISK not formula-qualified: needs crowd-PASS + in-envelope),1.909,dud,1.107,1.204,RUG_RISK
2026-07-30 22:05:54.382009+00,GPvN2XegXh7wMFTRZPJ3WDfhStfqtVh1nKqij5STjQo4,Dumbo,inflow 1.13× below the 1.3× band (71% vs 45% win),146.281,winner,1.129,1.274,MOON_FAST
2026-07-30 22:12:08.898635+00,ZWU5utUGzWdZ2FWNB9hBSfipQ9xWAsFi1rP6dVApump,WHEN,RUG_RISK — class is not traded (RUG_RISK not formula-qualified: needs crowd-PASS + in-envelope),1.298,rug,1.149,1.277,RUG_RISK
2026-07-30 22:17:25.325894+00,3iiw5M7h3NmBsj9cVht3SfjVVZGmCzFk1jR3ES8Qpump,KNIGHTCAT,inflow 1.26× below the 1.3× band (71% vs 45% win),2.030,winner,1.251,1.491,RISER
2026-07-30 22:18:16.16421+00,665ySEnaSni9JfzVzLfBTk1MtSi2ttb3aecAHRdjpump,POW,inflow 1.16× below the 1.3× band (71% vs 45% win),2.197,winner,1.201,1.386,MOON_STEADY
2026-07-30 22:18:22.61434+00,665ySEnaSni9JfzVzLfBTk1MtSi2ttb3aecAHRdjpump,POW,inflow 1.20× below the 1.3× band (71% vs 45% win),2.197,winner,1.201,1.386,MOON_STEADY
2026-07-30 22:23:14.405717+00,HVaARUZgWYvP1xXdfVmm24SNJ8WB7TxyQUjHg7r6gjH7,wen,RUG_RISK — class is not traded (RUG_RISK not formula-qualified: needs crowd-PASS + in-envelope),5.061,winner,1.137,1.292,RUG_RISK
2026-07-30 22:26:17.540503+00,Dmdj1ZQCnpwWK3X2RsrZS3m9VUuG9uVSdAhvfmuLpump,ser,RUG_RISK — class is not traded (RUG_RISK not formula-qualified: needs crowd-PASS + in-envelope),1.903,dud,1.319,1.616,RUG_RISK
2026-07-30 22:30:24.961255+00,A4JZx32kc8e6dDeJbv5SV7EZmkb3fxnpeMWjEwoUSNSM,ser,"inflow 1.15× below the 1.2× floor — sub-envelope crowd-pass ran −$0.81/t at size (F3 floor, ratified; paper probes it)",2.323,winner,1.148,1.318,RISER
2026-07-30 22:33:06.455793+00,BPVMMqP5pedUaPJr5mPLuk19xBzhZPcngUmhDEPbB5mB,wen,MOON_SLOW — regime gate: 8h paper -9.2% on 10 — benched,1.454,rug,1.134,1.287,MOON_SLOW
2026-07-30 22:33:40.184758+00,FDicGdotorq3ovazTC5oiTnUyGwc1bTN3BeEBKpccBEZ,wen,pool 2204 below the 8000 depth floor — no exit at size,4.842,winner,1.202,1.443,RUG_RISK
2026-07-30 22:34:53.910854+00,41oYKRcrGSzSPgtaXApw9UuWkKL9xdg7swSYa3tMpump,WWZ⁠,RUG_RISK — class is not traded (RUG_RISK not formula-qualified: needs crowd-PASS + in-envelope),1.856,rug,1.406,1.856,RUG_RISK
2026-07-30 22:36:18.336882+00,BrMwu9Ge2VC86Ddevp6zeitkXfF8NEKs9HipY8jHpump,WOJAKBULL,RUG_RISK — class is not traded (RUG_RISK not formula-qualified: needs crowd-PASS + in-envelope),1.777,rug,1.177,1.337,RUG_RISK
2026-07-30 22:36:21.150454+00,BrMwu9Ge2VC86Ddevp6zeitkXfF8NEKs9HipY8jHpump,WOJAKBULL,RUG_RISK — class is not traded (RUG_RISK not formula-qualified: needs crowd-PASS + in-envelope),1.777,rug,1.177,1.337,RUG_RISK
2026-07-30 22:37:02.006835+00,DiSffM7rAFuhjN1n43dmy7cuZwkt45dJR5YsEvk3pump,WWZ,RUG_RISK — class is not traded (RUG_RISK not formula-qualified: needs crowd-PASS + in-envelope),2.063,winner,1.369,1.779,RUG_RISK
2026-07-30 22:37:07.741142+00,2rW7jrKsza9x1Va39NAYmvynSX9L8WJBXErHcrcGhpPM,wiwiwi,RUG_RISK — class is not traded (RUG_RISK not formula-qualified: needs crowd-PASS + in-envelope),1.819,dud,1.118,1.249,RUG_RISK
2026-07-30 22:41:47.452791+00,5uLJY7jxm6Q3PmpFwfU4BsqmJTAxviPfjyjb5YddyP8R,WWZ⁠,dbc ticket: venue rug tide 162/292 (55% ≥ 50%) — moon door waits out the tide,368.761,winner,1.422,2.041,MOON_STEADY
2026-07-30 22:43:22.084777+00,D7B9VZ3AUKLr1pn7DL4E5wU971FPgcG1Lswdjso8pump,DOJOBOT,RUG_RISK — class is not traded (RUG_RISK not formula-qualified: needs crowd-PASS + in-envelope),1.533,rug,1.212,1.467,RUG_RISK
2026-07-30 22:46:48.052897+00,4toCAAcJ8TvrV7kGqkugoLNodr4CZFXpN3Mi6ETZpump,Gandalf,RUG_RISK — class is not traded (RUG_RISK not formula-qualified: needs crowd-PASS + in-envelope),3.144,winner,1.163,1.308,RUG_RISK
2026-07-30 22:55:26.075458+00,irnTtJ7jxvzaxpHemvX9kzxvn14z2WKfG8SmsW1tz9e,Bighoof,RUG_RISK — class is not traded (RUG_RISK not formula-qualified: needs crowd-PASS + in-envelope),1.225,rug,1.099,1.208,RUG_RISK
2026-07-30 23:00:35.840401+00,39eRSDiNg7PQRu4b4e4474eGsYd2EGy1Zz98Jm2hnvKi,CXMT,RUG_RISK — class is not traded (RUG_RISK not formula-qualified: needs crowd-PASS + in-envelope),1.538,dud,1.100,1.211,RUG_RISK
2026-07-30 23:01:35.115839+00,2CR1uPCBwzowzAqB8VoRMREvSq6S1Thvsc7gex2XchJq,DIVS,RUG_RISK — class is not traded (RUG_RISK not formula-qualified: needs crowd-PASS + in-envelope),1.882,dud,1.098,1.202,RUG_RISK
2026-07-30 23:02:23.569964+00,EH2PCCtGwy2HBpCvK2cFbdbCNWAWDPsaTxDNh8x6pRdn,Gandalf,RUG_RISK — class is not traded (RUG_RISK not formula-qualified: needs crowd-PASS + in-envelope),1.740,dud,1.122,1.259,RUG_RISK
2026-07-30 23:15:46.557147+00,FCCjW1AA1soSBEP4xnRYep2NosrSeC3dHnGBcdN9pump,TATE,RUG_RISK — class is not traded (RUG_RISK not formula-qualified: needs crowd-PASS + in-envelope),5.596,winner,1.156,1.295,RUG_RISK
2026-07-30 23:18:52.915572+00,2MxnqDU3q5G5A217H7fe6Da48z833Z1sFW2JrZp8b3mQ,SNG,pool 1968 below the 2500 depth floor (smart-money floor) — no exit at size,2.669,winner,1.167,1.362,MOON_SLOW
2026-07-30 23:22:06.210775+00,EyZUhHCXPX3GySe51YvwnEfhKQurJHTm3m52umYGpump,PooCoin,RUG_RISK — class is not traded (RUG_RISK not formula-qualified: needs crowd-PASS + in-envelope),1.536,dud,1.132,1.253,RUG_RISK
2026-07-30 23:25:17.749337+00,8193bMJfWbLn1DvESQWutW8mBdURtbDzp1sEQKGQddiJ,Saints,RUG_RISK — class is not traded (RUG_RISK not formula-qualified: needs crowd-PASS + in-envelope),1.957,dud,1.152,1.325,RUG_RISK
2026-07-30 23:30:40.039851+00,9yvh8HaUhR47oS6Zrr1eYXsakMjgbdJh3PxsegCDeU9o,LINKR,inflow 1.22× below the 1.3× band (71% vs 45% win),1.476,rug,1.218,1.476,MOON_STEADY
2026-07-30 23:32:23.900759+00,6BMVYYxjYzcYzK5dMu4NnbnSucECpwbbivpfiTg9xexL,x Money,MOON_SLOW — regime gate: 8h paper -16.4% on 10 — benched,13.993,winner,1.204,1.432,MOON_SLOW
2026-07-30 23:35:28.790069+00,Sc2W14DHQLzoWpmced8MRms9wjYrqfZ66GUZa971cL8,PVP,pool 1926 below the 8000 depth floor — no exit at size,1.519,rug,1.112,1.236,MOON_SLOW
2026-07-30 23:35:46.63331+00,7CtZvUE2gmNWyDhRLBBsKNaGFahPiBHGfqoBEwpGhTYd,PVP,"inflow 1.12× below the 1.2× floor — sub-envelope crowd-pass ran −$0.81/t at size (F3 floor, ratified; paper probes it)",3.908,winner,1.116,1.242,BASE
2026-07-30 23:40:53.923701+00,RDCgnKKTrq5k2Q4sdu8RxcRHLUvzDBLzDnjUqkMDgp7,wiwiwi,inflow 1.18× below the 1.3× band (71% vs 45% win),12.613,winner,1.184,1.415,MOON_STEADY
2026-07-30 23:44:49.842479+00,59ypAzb9WGZPYcs9sByHNagLVTyyfL8JkbBnHcvA2LZm,FRENS,RUG_RISK — class is not traded (RUG_RISK not formula-qualified: needs crowd-PASS + in-envelope),1.392,rug,1.143,1.304,RUG_RISK
2026-07-30 23:44:52.568229+00,59ypAzb9WGZPYcs9sByHNagLVTyyfL8JkbBnHcvA2LZm,FRENS,RUG_RISK — class is not traded (RUG_RISK not formula-qualified: needs crowd-PASS + in-envelope),1.392,rug,1.143,1.304,RUG_RISK
2026-07-30 23:46:27.425098+00,2SFPjYTh7XBDWCd291rkxZLqGdJEkkFE1EcmHgHzXvju,CXMT,RUG_RISK — class is not traded (RUG_RISK not formula-qualified: needs crowd-PASS + in-envelope),1.562,dud,1.120,1.257,RUG_RISK
2026-07-30 23:48:09.811725+00,53ghYGKVqv6R7segt7czLbofNZBpT7wN4QuzubXrsLCg,PVP,RUG_RISK — class is not traded (RUG_RISK not formula-qualified: needs crowd-PASS + in-envelope),2.375,winner,1.155,1.336,RUG_RISK
2026-07-30 23:48:11.185482+00,3cbsVQMxKDXBGXmwYv9ApXS7M4nueYxvhvxGjq9py2Lz,Dumbo,inflow 1.13× below the 1.3× band (71% vs 45% win),1.272,rug,1.131,1.272,MOON_SLOW
2026-07-30 23:48:11.605952+00,DkW9cL9dQsxSmhjD7iW5micfSwoJU96XSvdZwU3jpump,Cfshld,RUG_RISK — class is not traded (RUG_RISK not formula-qualified: needs crowd-PASS + in-envelope),1.672,rug,1.171,1.371,RUG_RISK
2026-07-30 23:48:19.256766+00,53ghYGKVqv6R7segt7czLbofNZBpT7wN4QuzubXrsLCg,PVP,RUG_RISK — class is not traded (RUG_RISK not formula-qualified: needs crowd-PASS + in-envelope),2.375,winner,1.155,1.336,RUG_RISK
2026-07-30 23:49:45.968856+00,Fgk7vUsemA3GiVd6384rdEz86TZ2Auqhgg8SyRMMpump,Nenem,RUG_RISK — class is not traded (RUG_RISK not formula-qualified: needs crowd-PASS + in-envelope),2.632,winner,1.143,1.275,RUG_RISK
2026-07-30 23:52:48.085505+00,kna4qe8gWcieCyXVZFYNRjUqw51UnZSX4wXtxcHHFyw,Seagull,"mirror stale — paper twin already exiting; the move is over, not chasing",2.830,winner,1.369,1.878,RISER
2026-07-30 23:54:29.372654+00,GDMSp8m7iRFWMLwuFesZ3W1ZBf3QoceuTkM5fQVRPXwX,USWR,RUG_RISK — class is not traded (RUG_RISK not formula-qualified: needs crowd-PASS + in-envelope),1.288,rug,1.126,1.276,RUG_RISK
2026-07-30 23:56:14.290028+00,BgGCnspafVVHmk7SvRyGrPFhWQDBpJpeVYhLPBhAo3q7,Seagull,inflow 1.16× below the 1.3× band (71% vs 45% win),16.687,winner,1.163,1.352,MOON_STEADY
2026-07-30 23:56:56.410888+00,DqvPnbCP2vur4P87kNkWuWDSCmskbqwKrRRa6Y1CQFuh,Meredith,RUG_RISK — class is not traded (RUG_RISK not formula-qualified: needs crowd-PASS + in-envelope),1.302,rug,17.510,1.302,RUG_RISK
2026-07-31 00:18:52.22737+00,9BDuX1TzbyfSZuKDeJYUWKMDAybCTVuYrWoaN2Lupump,LARP,"RECOVERED tier below the cliff (pool $12,329 < $13,000) — paper-only where the drain farm actually wins",2.365,winner,1.457,1.942,RISER
2026-07-31 00:19:28.584324+00,52wAHrFsR74ZQAG7dgm8AaMByTbngMjxhZyZEgLApump,LARP,RUG_RISK — class is not traded (RUG_RISK not formula-qualified: needs crowd-PASS + in-envelope),2.193,winner,1.404,1.837,RUG_RISK
2026-07-31 00:19:34.679673+00,52wAHrFsR74ZQAG7dgm8AaMByTbngMjxhZyZEgLApump,LARP,RUG_RISK — class is not traded (RUG_RISK not formula-qualified: needs crowd-PASS + in-envelope),2.193,winner,1.404,1.837,RUG_RISK
2026-07-31 00:21:49.745871+00,8X82xBrxmEpKtzzcsMgqpNgqeo9QurGiK3Pvi8pNHm6A,Luna,RUG_RISK — class is not traded (RUG_RISK not formula-qualified: needs crowd-PASS + in-envelope),1.693,dud,1.155,1.346,RUG_RISK
2026-07-31 00:25:31.59209+00,FSTZLC5HTv6pSaEKJ8TNCQwVZGmRbSuk8dJ1gYARc5yy,DUNG,"MOON_SLOW not on the live plug-in list (BASE,RISER,MOON_FAST,MOON_VIOLENT) — management genome unproven or drain-class; paper workshop owns it",1.740,dud,1.184,1.388,MOON_SLOW
2026-07-31 00:27:31.187794+00,Ae6URv5JPaqtVYdemXY2Zn3hyVrj8aLwFy3TnSDWBnth,TaxWriteOff,pool 1922 below the 8000 depth floor — no exit at size,1.644,rug,1.159,1.346,MOON_SLOW
2026-07-31 00:33:41.849986+00,HSsaTWHdo31Rjnn6k2uzcBfF1CMUJoyfqPdiYZftpump,TTBAN,RUG_RISK — class is not traded (RUG_RISK not formula-qualified: needs crowd-PASS + in-envelope),1.813,rug,1.236,1.528,RUG_RISK
2026-07-31 00:35:29.620832+00,8zYMw4vMENpZAFAy6RC9MEdhdyPaydh5g7bV6gX3CJv,TENT,RUG_RISK — class is not traded (RUG_RISK not formula-qualified: needs crowd-PASS + in-envelope),1.409,rug,1.145,1.304,RUG_RISK
2026-07-31 00:35:32.718154+00,8zYMw4vMENpZAFAy6RC9MEdhdyPaydh5g7bV6gX3CJv,TENT,RUG_RISK — class is not traded (RUG_RISK not formula-qualified: needs crowd-PASS + in-envelope),1.409,rug,1.145,1.304,RUG_RISK
2026-07-31 00:37:52.519793+00,25kZfvdY8ZCce8kbZu2987K4Vk18V8Xr1SyuU4A1pump,Luna,"inflow 1.13× below the 1.2× floor — sub-envelope crowd-pass ran −$0.81/t at size (F3 floor, ratified; paper probes it)",1.464,dud,1.149,1.280,RISER
2026-07-31 00:42:59.908398+00,ALgDiU7KC4Xj2kh7vvPjdbzEocQ5LyQ6t9eC4eQKr7ca,Luna,"MOON_STEADY not on the live plug-in list (BASE,RISER,MOON_FAST,MOON_VIOLENT) — management genome unproven or drain-class; paper workshop owns it",7.251,winner,1.392,1.920,MOON_STEADY
2026-07-31 00:51:55.832894+00,E7aNwt8F1w6y9RJsAGHzCHVshAHHhyp2zmefSmtq3cu7,DUNG,"MOON_SLOW not on the live plug-in list (BASE,RISER,MOON_FAST,MOON_VIOLENT) — management genome unproven or drain-class; paper workshop owns it",1.273,rug,1.129,1.273,MOON_SLOW
2026-07-31 00:53:42.457124+00,8Jwb6FAUkeVNygrMh7qZDaD7VruxcAEYqz2rhMF4pump,WouldBull,RUG_RISK — class is not traded (RUG_RISK not formula-qualified: needs crowd-PASS + in-envelope),1.540,rug,1.206,1.405,RUG_RISK
2026-07-31 01:05:54.076954+00,2FfLwjdjh43KBLKFP4ecJzTLh3Wd9ds3BqoBq7sDpump,Beaver,RUG_RISK — class is not traded (RUG_RISK not formula-qualified: needs crowd-PASS + in-envelope),1.874,rug,1.275,1.537,RUG_RISK
2026-07-31 01:18:02.336005+00,4xNUjYmtaXbnthYcZmFD9fgTaDb1gkzs5hgVbGxJxZQS,PIKACHU,"inflow 1.14× below the 1.2× floor — sub-envelope crowd-pass ran −$0.81/t at size (F3 floor, ratified; paper probes it)",2.688,winner,1.144,1.315,BASE
2026-07-31 01:18:05.696025+00,4xNUjYmtaXbnthYcZmFD9fgTaDb1gkzs5hgVbGxJxZQS,PIKACHU,"inflow 1.14× below the 1.2× floor — sub-envelope crowd-pass ran −$0.81/t at size (F3 floor, ratified; paper probes it)",2.688,winner,1.144,1.315,BASE
2026-07-31 01:35:25.793446+00,3BVmKhNcMiLpVtc95t3S47qSCed1h4XJFKfTfWyEfmbQ,home,RUG_RISK — class is not traded (RUG_RISK not formula-qualified: needs crowd-PASS + in-envelope),1.262,rug,1.123,1.262,RUG_RISK
2026-07-31 01:39:21.631736+00,5Q8jfqBSuc7hSPaYKakKynbjxsopuFyAJCdF8nzemLN8,RATIONAL,"MOON_STEADY not on the live plug-in list (BASE,RISER,MOON_FAST,MOON_VIOLENT) — management genome unproven or drain-class; paper workshop owns it",5.834,winner,1.334,1.778,MOON_STEADY
2026-07-31 01:48:31.855868+00,FnZ11JZ9C4vWCuHvPHsjawkuc6HBWWYG8LdGfyFZYJHB,CALLOUT,pool 2196 below the 2500 depth floor (smart-money floor) — no exit at size,2.419,winner,1.400,1.962,RUG_RISK
2026-07-31 01:54:23.595384+00,FTV6qiSpenBRDqPFv8xGw14P7xg4UzjWFLEoKLAoZThi,PASSANDO,"no sell route at entry (strand-class damm-v2 ticket/RECOVERED) — one-way pool, would strand",32.527,winner,1.422,2.027,RISER
2026-07-31 02:15:48.549659+00,5XSunYZ1ehF1wMHTfYYwwkYJvKe2twsJyi9vdstEHxVy,CALLCAT,"inflow 1.15× below the 1.2× floor — sub-envelope crowd-pass ran −$0.81/t at size (F3 floor, ratified; paper probes it)",10.382,winner,1.152,1.338,BASE
2026-07-31 02:17:41.306509+00,6psSKUuPvyL6LFbcnCMR2qVLn971een93s5KBTnTt1UW,CXMT,RUG_RISK — class is not traded (RUG_RISK not formula-qualified: needs crowd-PASS + in-envelope),1.736,dud,1.156,1.338,RUG_RISK
2026-07-31 02:23:59.285537+00,EPQCtXSXvYegLFE9iybyXA4YBPvGkMdzNYWXzZ8Kpump,Peanut,RUG_RISK — class is not traded (RUG_RISK not formula-qualified: needs crowd-PASS + in-envelope),6.509,winner,1.317,1.619,RUG_RISK
2026-07-31 02:28:42.871224+00,AkfkfFGbzcQR26K7bKgJ4VGjRr3kH12WQZn5ADFKpump,Peanut,inflow 1.13× below the 1.3× band (71% vs 45% win),2.497,winner,1.134,1.248,MOON_STEADY
2026-07-31 02:44:02.755482+00,CzVAUVjsus23ftTaWo3arBcurNxRm64fU62Nfwnzcwa3,CALLCAT,"MOON_STEADY not on the live plug-in list (BASE,RISER,MOON_FAST,MOON_VIOLENT) — management genome unproven or drain-class; paper workshop owns it",1.540,dud,1.123,1.262,MOON_STEADY
2026-07-31 02:44:05.311099+00,CzVAUVjsus23ftTaWo3arBcurNxRm64fU62Nfwnzcwa3,CALLCAT,"MOON_STEADY not on the live plug-in list (BASE,RISER,MOON_FAST,MOON_VIOLENT) — management genome unproven or drain-class; paper workshop owns it",1.540,dud,1.123,1.262,MOON_STEADY
2026-07-31 02:44:48.108804+00,FiWjvXGpwHMMPnTXs6AkRA9PdPMdHBXmf6wB4eGR4Abu,Peanut,RUG_RISK — class is not traded (RUG_RISK not formula-qualified: needs crowd-PASS + in-envelope),1.452,rug,1.178,1.385,RUG_RISK
2026-07-31 02:52:44.196915+00,5FUTTMiN9KqZkPsk4q9Kpp6kmweRKTrJrdhhv5DKpump,CUH,RUG_RISK — class is not traded (RUG_RISK not formula-qualified: needs crowd-PASS + in-envelope),1.715,dud,1.123,1.228,RUG_RISK
2026-07-31 03:05:19.53321+00,CQtZ7eg9RpDXphZGGrmVeT2LwH7ubzLi3jvkBRDfpump,SOLNUT,BASE — regime gate: thin sample (7) — waiting for paper to prove the turn,13.235,winner,1.169,1.336,BASE
2026-07-31 03:05:27.415929+00,4tBuGEWSdvVQvSwVqhmD6URLhZrTnBokidHdbixX6TKv,Jarmothy,pool 1748 below the 8000 depth floor — no exit at size,1.910,rug,1.184,1.386,MOON_STEADY
2026-07-31 03:05:29.721672+00,4tBuGEWSdvVQvSwVqhmD6URLhZrTnBokidHdbixX6TKv,Jarmothy,pool 1748 below the 8000 depth floor — no exit at size,1.910,rug,1.184,1.386,MOON_STEADY
2026-07-31 03:11:48.583722+00,2SGGzehWhSoRvag8gqscQ2eR9BwaPXWBNEoVQK5npump,ORDSPM,RUG_RISK — class is not traded (RUG_RISK not formula-qualified: needs crowd-PASS + in-envelope),1.496,rug,1.115,1.243,RUG_RISK
2026-07-31 03:17:35.606997+00,3nqHaiAsJMmTfir58PvVS8m611bxAcnCYEdrM65opump,OCELOT,buy share 53% below the 55% floor — sellers at the trigger tick (30% death cohort vs 13%),3.321,winner,1.450,1.954,RUG_RISK
2026-07-31 03:18:46.579134+00,iqGhF3FzdTYEzuLTZgCpDY3iPYd8cng9z9zSe3qpump,CallDog,MOON_SLOW — regime gate: 8h paper -2.4% on 11 — benched (hysteresis holds),1.384,rug,1.135,1.233,MOON_SLOW
2026-07-31 03:21:01.152214+00,6ijdVCeEWv3dw99argfGuneuS1b6GpW18gmegKfRW1B1,LONGCAT,RUG_RISK — class is not traded (RUG_RISK not formula-qualified: needs crowd-PASS + in-envelope),2.361,winner,1.123,1.257,RUG_RISK
2026-07-31 03:21:11.265442+00,7hEi31TcynvnAZ2zXAPYc2NsCBh7DgnjaXmDiwd4t5gK,CXMT,RUG_RISK — class is not traded (RUG_RISK not formula-qualified: needs crowd-PASS + in-envelope),1.587,dud,1.105,1.220,RUG_RISK
2026-07-31 03:28:54.773076+00,GTLbssDJ1yQc7PJkypxguHsb3JDAkwz1rns23Ac6KXim,EKM,buy share 52% below the 55% floor — sellers at the trigger tick (30% death cohort vs 13%),2.249,winner,1.319,1.593,RUG_RISK
2026-07-31 03:30:08.427956+00,HHhb4DKzumma5gZCvJH2X4EJ4E4U7uPGkc7mBGmdBZaE,OCELOT,RUG_RISK — class is not traded (RUG_RISK not formula-qualified: needs crowd-PASS + in-envelope),1.500,rug,1.147,1.316,RUG_RISK
2026-07-31 03:36:39.596061+00,8UwheDeEP4HKGyKerJ5AexrK8LkqueNVMvfdMAQipump,Kekius,RUG_RISK — class is not traded (RUG_RISK not formula-qualified: needs crowd-PASS + in-envelope),1.807,rug,1.216,1.418,RUG_RISK
2026-07-31 03:39:37.268395+00,B4YLANaj89aLidz9a1KAR5UA1AkUbvepQw4kwoAZmddN,ANIMALS,RUG_RISK — class is not traded (RUG_RISK not formula-qualified: needs crowd-PASS + in-envelope),5.566,winner,1.118,1.251,RUG_RISK
2026-07-31 03:41:58.734372+00,CM8CnJsvU4kW7p3gSC2PyKgjGL1jxabEQZGqwb1pvb54,PSYOPBULL,RUG_RISK — class is not traded (RUG_RISK not formula-qualified: needs crowd-PASS + in-envelope),1.627,dud,1.125,1.266,RUG_RISK
2026-07-31 03:55:13.94141+00,64F3ts3T8BBfzFkM3gE5xMDYLqo58Y9DrXtP6FAks1YF,VEGAS,RUG_RISK — class is not traded (RUG_RISK not formula-qualified: needs crowd-PASS + in-envelope),1.311,rug,1.146,1.311,RUG_RISK
2026-07-31 03:59:08.287054+00,GAUL32PXuhArFAQtZ7qnHm83PCPAiG8zyxETmE3WZUoJ,CALLCAT,"MOON_STEADY not on the live plug-in list (BASE,RISER,MOON_FAST,MOON_VIOLENT) — management genome unproven or drain-class; paper workshop owns it",3.232,winner,1.162,1.350,MOON_STEADY
2026-07-31 04:08:48.775681+00,FMehBKoqWPX7Wcj6XPgWruDQNCQEvGxc6NWpoj3Lpump,ThesisCat,inflow 1.27× below the 1.3× band (71% vs 45% win),4.155,winner,1.274,1.553,MOON_STEADY
2026-07-31 04:13:21.608555+00,83Nhg5754E8tstJ13HSQdBtocqdygQWYRUfvPLo21eo7,ThesisCat,live_kill engaged,3.051,winner,1.312,1.719,RISER
2026-07-31 04:16:29.607655+00,EzrvQKYCVqTC3Cpmhpt8EojH9vC3hSS7uvdVKzJRmkxd,KEK,live_kill engaged,10.294,winner,1.333,1.778,RISER
2026-07-31 04:28:47.427634+00,AYHXQjvrsvyHECXiih5awVUzX5m6bc8oVCrNyiwVpump,ZenCat,inflow 1.11× below the 1.3× band (71% vs 45% win),1.435,rug,1.111,1.207,MOON_SLOW
2026-07-31 04:31:26.922461+00,2QsrNhkJ1Syv1P7VGJYjj8z4CAsxBZLpu75aSzqfpump,Salty,RUG_RISK — class is not traded (RUG_RISK not formula-qualified: needs crowd-PASS + in-envelope),1.560,rug,1.144,1.308,RUG_RISK
2026-07-31 04:36:04.114642+00,5NJYzksmsok3mZzLy13rnAGMuEfbXVstTkCQVrnWpump,ANSEMGUIN,RUG_RISK — class is not traded (RUG_RISK not formula-qualified: needs crowd-PASS + in-envelope),1.424,rug,1.211,1.410,RUG_RISK
2026-07-31 04:47:51.480263+00,5XSwZZaY2FpG78fwef62TD8YsWMTAgLhobhrmztjpump,Iosw,RUG_RISK — class is not traded (RUG_RISK not formula-qualified: needs crowd-PASS + in-envelope),1.495,rug,1.199,1.436,RUG_RISK
2026-07-31 04:49:38.070874+00,8fNyDy4K3kGpkDWjLfpYQRH3sPVtxNa1TF6WW4z6pump,PUMPSEM,RUG_RISK — class is not traded (RUG_RISK not formula-qualified: needs crowd-PASS + in-envelope),1.344,rug,1.116,1.219,RUG_RISK
2026-07-31 04:51:53.670766+00,38NN5NULnw1VKspxh1sCH6tY1DtSpcgrs5cwtV7c4y34,CALLDOG,live_kill engaged,4.032,winner,1.391,1.939,BASE
2026-07-31 04:54:58.311674+00,GFuDuAeGjrocdmKeqJ6FYptfDpk3umyAwxvbBrF4Uhup,$CALLDOG,"inflow 1.15× below the 1.2× floor — sub-envelope crowd-pass ran −$0.81/t at size (F3 floor, ratified; paper probes it)",2.340,winner,1.153,1.329,BASE
2026-07-31 04:55:47.844424+00,3tJW4isg2ceFbMWLnFcEBudgS4C37Hry6NuCQK1UJKzU,CALLDOG,live_kill engaged,2.922,winner,1.336,1.773,RISER
2026-07-31 05:01:16.783643+00,3e5ExvPrVVLMp6konMkYb6oZnox2rvaqFadWspQdpump,ANSEL,RUG_RISK — class is not traded (RUG_RISK not formula-qualified: needs crowd-PASS + in-envelope),1.393,rug,1.114,1.213,RUG_RISK
2026-07-31 05:01:59.225675+00,FjRHeJuLxEnvwq2Gq8snbz7P42sSAU31sXvCYPdnpump,Zmbomb,RUG_RISK — class is not traded (RUG_RISK not formula-qualified: needs crowd-PASS + in-envelope),1.598,rug,1.151,1.322,RUG_RISK
2026-07-31 05:02:51.142768+00,4uGazg314vNW1TdMa96PTc5ZpA6qTmKukA26PNqgD4fV,B2H,RUG_RISK — class is not traded (RUG_RISK not formula-qualified: needs crowd-PASS + in-envelope),1.740,dud,1.281,1.593,RUG_RISK
2026-07-31 05:06:48.523955+00,4uQ9JubuMikCpWmcYgmb993CAdhYYy6LaAYQBHqYbCyZ,fomocat,RUG_RISK — class is not traded (RUG_RISK not formula-qualified: needs crowd-PASS + in-envelope),1.851,dud,1.149,1.318,RUG_RISK
2026-07-31 05:13:22.764268+00,HVrTrujmFfHVpaTh4bBx5sawJGbDVsWxse4ba3N7YaF9,SK Hynix,RUG_RISK — class is not traded (RUG_RISK not formula-qualified: needs crowd-PASS + in-envelope),1.526,dud,1.107,1.226,RUG_RISK
2026-07-31 05:13:38.691593+00,GbGZ3t6tj6g35WL8qyyzyRxbhovcp1jcV7NJMqh1Thuv,united,inflow 1.22× below the 1.3× band (71% vs 45% win),1.943,dud,1.218,1.486,RISER
2026-07-31 05:16:09.630783+00,5zynpi39CepBdMUoFfoQWmMCHE41tgYDwcFA4xwBybbB,zesty,RUG_RISK — class is not traded (RUG_RISK not formula-qualified: needs crowd-PASS + in-envelope),1.295,rug,1.108,1.227,RUG_RISK
2026-07-31 05:25:45.960449+00,H78g3JRtueHTFWhRibNyyaR34WrfA6xpEG5pNMvPsooy,fomocat,"MOON_STEADY not on the live plug-in list (BASE,RISER,MOON_FAST,MOON_VIOLENT) — management genome unproven or drain-class; paper workshop owns it",2.123,winner,1.158,1.342,MOON_STEADY
2026-07-31 05:26:50.01027+00,ACGYLrLEzNBpFLTqJvWAGNhX9PejSgPnuGdjPgd6pump,fomodog OG,inflow 1.22× below the 1.3× band (71% vs 45% win),1.443,rug,1.217,1.426,RISER
2026-07-31 05:27:18.947504+00,BbBJ2abMgY6yCXygprkScbmXuM75sJ1EgPkQhTewg4bW,MAYBE,"inflow 1.19× below the 1.2× floor — sub-envelope crowd-pass ran −$0.81/t at size (F3 floor, ratified; paper probes it)",1.699,rug,1.195,1.429,RISER
2026-07-31 05:33:07.402148+00,DXyCAswPK6qLBmauZmseHEVBFhEtt5qkhKssPRCZ5Qv6,CHOUCHOU,dbc ticket: venue rug tide 195/339 (58% ≥ 50%) — moon door waits out the tide,12.898,winner,1.319,1.976,MOON_FAST
2026-07-31 05:33:57.970091+00,CLhLfZMbe2fUmrR7cuNGYRfDfoFk5dWT2Dz8xDgggGgQ,TURTLES,RUG_RISK — class is not traded (RUG_RISK not formula-qualified: needs crowd-PASS + in-envelope),1.765,dud,1.160,1.344,RUG_RISK
2026-07-31 05:36:20.345672+00,E1CnimxzPw6E8fKuuaEv49t5puBHqi4iDsHnjNueVMCv,moltmatch,RUG_RISK — class is not traded (RUG_RISK not formula-qualified: needs crowd-PASS + in-envelope),1.401,rug,1.145,1.313,RUG_RISK
2026-07-31 05:51:58.274532+00,3pLY2QCKmhby9s3W6LA4Z6w2bxgr4TfS5gqrjyJXm8KY,jack,RUG_RISK — class is not traded (RUG_RISK not formula-qualified: needs crowd-PASS + in-envelope),3.989,winner,1.118,1.255,RUG_RISK
2026-07-31 05:52:26.170129+00,4hdeYtU6aqtTaoLFr4wxKErwwsdX9LTHtrxPiQRXpump,CYSP,RUG_RISK — class is not traded (RUG_RISK not formula-qualified: needs crowd-PASS + in-envelope),1.420,rug,1.104,1.217,RUG_RISK
2026-07-31 05:55:57.991077+00,8XePpxeeiPshMuvHRZVw6g37gV62zz9VF2wkyYic7D3n,RAINBOW,BASE — regime gate: thin sample (9) — waiting for paper to prove the turn,1.291,rug,1.136,1.291,BASE
2026-07-31 05:59:19.2413+00,AsAttHxsVRdJWjpCEMCAxXt7e1jsmhEs5MJaVh6hPCxf,SK Hynix,RUG_RISK — class is not traded (RUG_RISK not formula-qualified: needs crowd-PASS + in-envelope),1.435,dud,1.098,1.204,RUG_RISK
2026-07-31 06:03:45.75907+00,5Pv2JxUB2Pgok2Ntq4a9x54hjw63BLPZH6rZKP4Hpump,APST,RUG_RISK — class is not traded (RUG_RISK not formula-qualified: needs crowd-PASS + in-envelope),1.703,rug,1.180,1.391,RUG_RISK
2026-07-31 06:04:32.941693+00,5EiKVffPvRMRjwcMEF4uixg5VE2WQWbR74KgNrN44LcY,NEX Ai,RUG_RISK — class is not traded (RUG_RISK not formula-qualified: needs crowd-PASS + in-envelope),1.651,rug,1.107,1.222,RUG_RISK
2026-07-31 06:04:33.293479+00,BimgjvSfT8gTs5qw1y92MoUN4xhmGKFvpzGFETw7pump,Spaceman,RUG_RISK — class is not traded (RUG_RISK not formula-qualified: needs crowd-PASS + in-envelope),1.939,rug,1.324,1.654,RUG_RISK
2026-07-31 06:06:09.554435+00,boPFcpB2bNYxrbB4G9vEpmiudmZJL3PHyr47GKWmS7o,jack,live_kill engaged,7.842,winner,1.361,1.854,BASE
2026-07-31 06:11:40.171676+00,EYxpxwtvcVPdLbxk8FkmYwYRrZ5gKxyLUQNgPBanHjXw,euROPE,"inflow 1.20× below the 1.2× floor — sub-envelope crowd-pass ran −$0.81/t at size (F3 floor, ratified; paper probes it)",21.703,winner,1.198,1.433,RISER
2026-07-31 06:21:09.764496+00,Cj3QhqdtLLLGv7ze7viyhwgrDoHMWL2K26724R1fpump,Moof,RUG_RISK — class is not traded (RUG_RISK not formula-qualified: needs crowd-PASS + in-envelope),2.562,winner,1.161,1.305,RUG_RISK
2026-07-31 06:22:41.974376+00,FNf54mwGLLAU4SQLpXpTJNasuCGSip8kX1RQcr9Xy3Um,jack,RUG_RISK — class is not traded (RUG_RISK not formula-qualified: needs crowd-PASS + in-envelope),1.689,dud,1.133,1.283,RUG_RISK
2026-07-31 06:24:17.286618+00,DUyAJWd4Hyt3qAeFw2S35EBUcc4LfcU22oXJ451GvivX,euROPE,RUG_RISK — class is not traded (RUG_RISK not formula-qualified: needs crowd-PASS + in-envelope),1.626,rug,1.142,1.312,RUG_RISK
2026-07-31 06:27:06.265896+00,77FQyUAtHTZhZeaEgsYsfBkMhBN4AWTT5Dsc3ZDYpump,Coco,inflow 1.18× below the 1.3× band (71% vs 45% win),1.490,dud,1.178,1.337,RISER
2026-07-31 06:28:44.303343+00,FwqvsScjabMez22TNzqLM55t19x2XkzzeuVUhsk6sG3d,Coco,RUG_RISK — class is not traded (RUG_RISK not formula-qualified: needs crowd-PASS + in-envelope),1.917,dud,1.108,1.213,RUG_RISK
2026-07-31 06:37:37.544087+00,BezWiC243u1cymJPixrYpvs3GRhGiVbjUhfBNv1ppump,FRFAL,RUG_RISK — class is not traded (RUG_RISK not formula-qualified: needs crowd-PASS + in-envelope),1.777,rug,1.190,1.416,RUG_RISK
2026-07-31 06:39:55.198949+00,62bQ2BJW2JN9dthNWXE8aMgyxE6ZErcaSTnhWH1HMz9s,Coco,RUG_RISK — class is not traded (RUG_RISK not formula-qualified: needs crowd-PASS + in-envelope),1.700,dud,1.113,1.224,RUG_RISK
2026-07-31 06:40:44.214152+00,7Muheipz47vBy3eFj4f4T7dKt9QoHkN2zwMcHMZSpump,JIMCOIN,RUG_RISK — class is not traded (RUG_RISK not formula-qualified: needs crowd-PASS + in-envelope),2.037,winner,1.170,1.331,RUG_RISK
2026-07-31 06:43:53.608953+00,HrJsq4KxBmT2Nt5fEWHtcVgndsJbSsJUNXDXsVh4pump,Lobster,RUG_RISK — class is not traded (RUG_RISK not formula-qualified: needs crowd-PASS + in-envelope),1.393,rug,1.129,1.237,RUG_RISK
2026-07-31 06:46:20.488844+00,2brkD1c7jVWHAkdSHab3hQB2PhQ5f3EuQaFcPhV8YVGv,airflow,RUG_RISK — class is not traded (RUG_RISK not formula-qualified: needs crowd-PASS + in-envelope),1.322,rug,1.140,1.301,RUG_RISK
2026-07-31 06:47:51.179558+00,85ipbNnh5YtM7pcXQCF5785stmyBGSagT1ubTXA4MEU5,Lobster,RUG_RISK — class is not traded (RUG_RISK not formula-qualified: needs crowd-PASS + in-envelope),4.917,winner,1.114,1.244,RUG_RISK
2026-07-31 06:47:51.457957+00,B6bDoxRcLiKnkAZjesZLLNMksCTdNCw7SvsFHkRbHWLS,America250,RUG_RISK — class is not traded (RUG_RISK not formula-qualified: needs crowd-PASS + in-envelope),1.552,rug,1.146,1.317,RUG_RISK
2026-07-31 06:55:39.696844+00,GjsRgjyDwfiVs4x6suYxRNJoSQVrTQXURD39BcUFw58F,America250,inflow 1.21× below the 1.3× band (71% vs 45% win),2.453,winner,1.212,1.470,RISER
2026-07-31 06:56:32.950501+00,EAyKfYP8WFLykHfTXw3szcG8qggUHDwwWWvvmGgYpump,OTRSF,RUG_RISK — class is not traded (RUG_RISK not formula-qualified: needs crowd-PASS + in-envelope),1.386,rug,1.113,1.237,RUG_RISK
2026-07-31 06:58:48.728806+00,9k7vkt9xzdhTx4tfCZbePyzYkf445wTUJdwckEaSpump,1CALL,inflow 1.25× below the 1.3× band (71% vs 45% win),1.583,rug,1.250,1.498,RISER
2026-07-31 06:59:47.369423+00,CgXfSwNRFYxVcv8EJrL2vsjVSsMRAGPqGyCwhMepYnuo,RSHIB,RUG_RISK — class is not traded (RUG_RISK not formula-qualified: needs crowd-PASS + in-envelope),2.585,winner,1.101,1.211,RUG_RISK
2026-07-31 07:03:34.163997+00,5puqZw4vfgrLAjiDe2Ah5M2Zr9MXeAqVtcmiJ6zLpzxJ,Elon,live_kill engaged,3.746,winner,1.211,1.464,RISER
2026-07-31 07:09:28.140033+00,EeTgm6R23pdi79NZSp5yYq5nJgUqLVtBddnacsR8fx1q,fomodog,RUG_RISK — class is not traded (RUG_RISK not formula-qualified: needs crowd-PASS + in-envelope),1.707,dud,1.100,1.208,RUG_RISK
2026-07-31 07:09:52.675795+00,3rA5ZMiHJ3da1FZUsLa5HziZHroXVWHosRWbsSFF2zuY,SAFEVANO,RUG_RISK — class is not traded (RUG_RISK not formula-qualified: needs crowd-PASS + in-envelope),2.080,winner,1.206,1.422,RUG_RISK
2026-07-31 07:09:55.290101+00,N3QzNUieHmxFb3G4edh9myrYEcvxoZQwskSpgJmpump,Naicc,RUG_RISK — class is not traded (RUG_RISK not formula-qualified: needs crowd-PASS + in-envelope),1.706,rug,1.215,1.473,RUG_RISK
2026-07-31 07:10:54.310836+00,3C1g4kmbgQs6b48hdCwWiGw6SudBHimP7sxgg13cfFAk,starman,RUG_RISK — class is not traded (RUG_RISK not formula-qualified: needs crowd-PASS + in-envelope),1.314,rug,1.124,1.258,RUG_RISK
2026-07-31 07:17:37.036328+00,GyMC7p1QzM3BysPoog7LVSFUH5gvWwCHCWyqAp7gfLL2,MARS,RUG_RISK — class is not traded (RUG_RISK not formula-qualified: needs crowd-PASS + in-envelope),27.561,winner,1.153,1.329,RUG_RISK
2026-07-31 07:18:30.319785+00,DrwwxHe8iW2kfxEAxa1ufAAGJLBW9e1JSbp13DyEpump,Snoopy,inflow 1.15× below the 1.3× band (71% vs 45% win),1.288,dud,1.142,1.229,MOON_SLOW
2026-07-31 07:23:11.313715+00,GWu8Tm2AZaq23ZQ23JpJmCECezYuqG5oGM5AX7rDpump,GCAT,inflow 1.21× below the 1.3× band (71% vs 45% win),1.569,rug,1.212,1.410,RISER
2026-07-31 07:27:58.499539+00,7YhECsfLzjHf1RB4HFR4CKb6RXp9ssq3JM6ddkJP5XEe,VenusCoin,live_kill engaged,2.955,winner,1.320,1.766,MOON_FAST
2026-07-31 07:28:43.032553+00,CGi2CyiFaSMo7PKoJWCFw8ZHHsiijjYCEJgfsYiqpump,Ukitk,RUG_RISK — class is not traded (RUG_RISK not formula-qualified: needs crowd-PASS + in-envelope),1.785,rug,1.187,1.408,RUG_RISK
2026-07-31 07:30:43.870345+00,CEKcPATrQaQEdfPpyhxFaYnAtMgaBwnvMTDqNauas9Lr,VenusCoin,live_kill engaged,2.792,winner,1.157,1.340,MOON_STEADY
2026-07-31 07:31:40.158597+00,28K6mSttnjYn57umLJMCXFE8h9NhU4DdYsSnAshQngDu,fomodog,RUG_RISK — class is not traded (RUG_RISK not formula-qualified: needs crowd-PASS + in-envelope),1.825,dud,1.101,1.212,RUG_RISK
2026-07-31 07:33:32.607075+00,DeLUVigMpGByDGsUMqB3jHdPypbBUiMKC12uxeCapump,Lobster,BASE — regime gate: thin sample (9) — waiting for paper to prove the turn,3.688,winner,1.439,1.964,BASE
2026-07-31 07:34:17.899845+00,F8Sn5MZf2twH4nMWGLtMr6KjJf7vqtRsGZzyU1YSLHXH,GCAT,"inflow 1.11× below the 1.2× floor — sub-envelope crowd-pass ran −$0.81/t at size (F3 floor, ratified; paper probes it)",3.456,winner,1.108,1.436,RISER
2026-07-31 07:39:17.933613+00,38QqiMyMSB2Qey3uCQYFCn8HHPNapF62p82De4obJ7u8,VenusCoin,"inflow 1.17× below the 1.2× floor — sub-envelope crowd-pass ran −$0.81/t at size (F3 floor, ratified; paper probes it)",3.146,winner,1.174,1.434,BASE
2026-07-31 07:43:26.638254+00,ECvgHisKXAtrWAdGD4MuSCGLukAgS3oEYcp9hjcsr7tM,fomocat,live_kill engaged,4.786,winner,1.222,1.480,MOON_STEADY
2026-07-31 07:44:09.207407+00,5j2dQYNwbefYRAiZThEpZnYGGJrW8rhrnFYrt5zhpump,Puffle,"inflow 1.17× below the 1.2× floor — sub-envelope crowd-pass ran −$0.81/t at size (F3 floor, ratified; paper probes it)",2.385,winner,1.166,1.317,RISER
2026-07-31 07:45:31.047415+00,7U5Z1uvBzvLpYEn1KCopsaBoGmNsTzWESp67M4Cjpump,Cplc,RUG_RISK — class is not traded (RUG_RISK not formula-qualified: needs crowd-PASS + in-envelope),1.591,rug,1.167,1.359,RUG_RISK
2026-07-31 07:53:21.891908+00,EPRrmBQojQLNxKjULjkB2fHv34kAfgVK8JLQ7gRCpump,SHORTCAT,RUG_RISK — class is not traded (RUG_RISK not formula-qualified: needs crowd-PASS + in-envelope),2.525,winner,1.147,1.276,RUG_RISK
2026-07-31 07:54:08.984382+00,5QGLDFK2nrfpLVnEQsnkauFdfyoNCn7rCicuHrSPfUS3,VenusCoin,live_kill engaged,2.074,winner,1.260,1.591,BASE
2026-07-31 07:55:48.85712+00,9NCxLzJC74sZNwJRD3smmWukSTvgV8yQnHEypkecwdb7,PEMP,RUG_RISK — class is not traded (RUG_RISK not formula-qualified: needs crowd-PASS + in-envelope),1.614,dud,1.162,1.352,RUG_RISK
2026-07-31 07:57:27.219781+00,4Bxok7tP9kSTRGH3ga99Mmcgse2hY7TDXvtQD3Vrpump,Cheshire,inflow 1.19× below the 1.3× band (71% vs 45% win),2.240,winner,1.187,1.358,MOON_SLOW
2026-07-31 07:59:00.738207+00,DdXvD5A7hhUpyV3waDa7H3YJSk5wfZuYta93BjnigbBR,SK Hynix,RUG_RISK — class is not traded (RUG_RISK not formula-qualified: needs crowd-PASS + in-envelope),1.540,dud,1.107,1.228,RUG_RISK
2026-07-31 08:02:01.770148+00,HmxUnJaKMDSt35zNLJmihBUdyUDiKFziDrUdKyhh9TMM,Puffle,"inflow 1.11× below the 1.2× floor — sub-envelope crowd-pass ran −$0.81/t at size (F3 floor, ratified; paper probes it)",1.967,rug,1.133,1.276,MOON_SLOW
2026-07-31 08:02:06.649313+00,HmxUnJaKMDSt35zNLJmihBUdyUDiKFziDrUdKyhh9TMM,Puffle,buy share 50% below the 55% floor — sellers at the trigger tick (30% death cohort vs 13%),1.967,rug,1.133,1.276,MOON_SLOW
2026-07-31 08:02:53.305644+00,DcsdN379umR1G5Lm8ucCoL1em6vEnpJa5n6FUcMhqKUf,Cheshire,"inflow 1.18× below the 1.2× floor — sub-envelope crowd-pass ran −$0.81/t at size (F3 floor, ratified; paper probes it)",1.383,rug,1.176,1.383,BASE
2026-07-31 08:06:54.508759+00,47JdLrXEZ5XTMiJFko9ZSimD7wSC9S2XnB72NdapFuwY,DoubleK,RUG_RISK — class is not traded (RUG_RISK not formula-qualified: needs crowd-PASS + in-envelope),4.286,winner,1.137,1.287,RUG_RISK
2026-07-31 08:08:30.781741+00,7jGUrjeYVPsnxv7Rvrh7YkTAt6K8oJU6Y2YBTHmS2eu,Puffle,inflow 1.21× below the 1.3× band (71% vs 45% win),3.737,winner,1.212,1.456,MOON_STEADY
2026-07-31 08:12:52.400022+00,2xjE6U1ukcpGcjr78cdFWRzsQSmakHddMdTNJUCUeLX5,AIGENTMP3,RUG_RISK — class is not traded (RUG_RISK not formula-qualified: needs crowd-PASS + in-envelope),1.217,rug,1.098,1.203,RUG_RISK
2026-07-31 08:17:04.989485+00,DpMqXGWhnmFkYf9bf8oHe3MRBrmHArTwUZSchdmuLSLj,FOMICS,RUG_RISK — class is not traded (RUG_RISK not formula-qualified: needs crowd-PASS + in-envelope),1.311,rug,1.128,1.272,RUG_RISK
2026-07-31 08:19:37.819145+00,3Q6Mc64AsT38JmvtTihFMv7DwqMtMcF66s7T3xRdyjw8,FOMOCAT,RUG_RISK — class is not traded (RUG_RISK not formula-qualified: needs crowd-PASS + in-envelope),3.464,winner,1.107,1.224,RUG_RISK
2026-07-31 08:20:23.912807+00,9E8ZN17J6mxeGb6trVYx5cmTLoBSYBgLhX98x9WVEjx6,DoubleK,RUG_RISK — class is not traded (RUG_RISK not formula-qualified: needs crowd-PASS + in-envelope),4.544,winner,1.101,1.211,RUG_RISK
2026-07-31 08:22:38.766481+00,5AzYVqXAUuinXknX95aCMYME2K1b6akGFQQCUerVaqus,fomocat,live_kill engaged,4.996,winner,1.293,1.664,MOON_STEADY
2026-07-31 08:22:41.1559+00,5AzYVqXAUuinXknX95aCMYME2K1b6akGFQQCUerVaqus,fomocat,live_kill engaged,4.996,winner,1.293,1.664,MOON_STEADY
2026-07-31 08:27:27.397838+00,ERRxvwo34aF3hKkVhALzi3gerwb1AsU5NwbAPAsYEFuY,NVDAx,"inflow 1.10× below the 1.2× floor — sub-envelope crowd-pass ran −$0.81/t at size (F3 floor, ratified; paper probes it)",1.328,dud,1.125,1.259,MOON_SLOW
2026-07-31 08:36:46.630467+00,BBtVqoBAGJcB2WWfwpK1KVtJ63ZNP2aV4GDwdGSUHnvP,fomodog,RUG_RISK — class is not traded (RUG_RISK not formula-qualified: needs crowd-PASS + in-envelope),2.377,winner,1.097,1.203,RUG_RISK
2026-07-31 08:36:49.115804+00,Dn2TV91wqhpAsLndL25b6qBwYqvUERkoVxP4x9pyQ4Wh,PEPSI,RUG_RISK — class is not traded (RUG_RISK not formula-qualified: needs crowd-PASS + in-envelope),1.433,rug,1.107,1.226,RUG_RISK
2026-07-31 08:37:39.152641+00,HBrR5DY79BhAQpFr4AQfZqmwNq26f7hiZwvAhns5pump,Fomocoon,RUG_RISK — class is not traded (RUG_RISK not formula-qualified: needs crowd-PASS + in-envelope),2.177,winner,1.110,1.204,RUG_RISK
2026-07-31 08:44:57.10446+00,GAfnPfCJarmNh4ZKXZ874HALe88vUiqij6rYUAaGpump,SSND,RUG_RISK — class is not traded (RUG_RISK not formula-qualified: needs crowd-PASS + in-envelope),1.439,rug,1.101,1.211,RUG_RISK
2026-07-31 08:49:16.734945+00,32vyt3CZordAqRbg55SePDMskE4MeoHw92HXmKBRp6Dt,fomoinu,RUG_RISK — class is not traded (RUG_RISK not formula-qualified: needs crowd-PASS + in-envelope),1.435,dud,1.132,1.269,RUG_RISK
2026-07-31 08:56:20.115488+00,4vroUuKqvsXjzvWY5CuQeehWMzG98HUSJtAiMSB1oygS,fomopepe,live_kill engaged,4.999,winner,1.361,1.851,RISER
2026-07-31 08:58:39.793168+00,ErbHUeAFKYqgMQZU56hnvhN5mJxbosiF5rHZJRfdoWnE,DoubleK,live_kill engaged,7.939,winner,1.224,1.497,RISER
2026-07-31 08:59:28.440739+00,7JptcShZhZHLHs5JsBSr5DuGJZxUxmGFNsKgFajqpump,RCTS,RUG_RISK — class is not traded (RUG_RISK not formula-qualified: needs crowd-PASS + in-envelope),2.116,winner,1.220,1.488,RUG_RISK
2026-07-31 08:59:28.469862+00,7mbuuaZsERGqeu5GJqWpocUiDozZScCsqPr3NswFjMfc,fomoinu,RUG_RISK — class is not traded (RUG_RISK not formula-qualified: needs crowd-PASS + in-envelope),1.695,dud,1.101,1.212,RUG_RISK
2026-07-31 09:05:41.948029+00,8EBEHnQTSf1TqoBwWwzixM1XPDPcjktfBivkcAD7Mb7r,updog,live_kill engaged,8.227,winner,1.220,1.476,RISER
2026-07-31 09:06:44.031551+00,DkLY6fvEVQ6fMS4Cgs2Qdxw4Kn5ZvHvgzB2qp2qcpc4b,CABALLITO,RUG_RISK — class is not traded (RUG_RISK not formula-qualified: needs crowd-PASS + in-envelope),1.908,rug,1.109,1.229,RUG_RISK
2026-07-31 09:10:31.69457+00,28pvVXxGsuQLLjRtEQgRdZx6221WMX8m9SeJDiAbn9pf,OPTIMUS,live_kill engaged,5.415,winner,1.135,1.324,MOON_STEADY
2026-07-31 09:16:44.240934+00,EaaZGeruf1mirHBBwYkPEv4AUW1CwNZmeohY52TYBhNG,America250,"RUG_RISK not on the live plug-in list (BASE,RISER,MOON_FAST,MOON_VIOLENT,MOON_STEADY,MOON_SLOW) — management genome unproven or drain-class; paper workshop owns",3.155,winner,1.283,1.635,RUG_RISK
2026-07-31 09:16:47.631002+00,DJReFSa75YaRRxdFYTq8RXQbSMrDsAjM1fLc4NpS6g6q,Bee,RUG_RISK — class is not traded (RUG_RISK not formula-qualified: needs crowd-PASS + in-envelope),4.687,winner,1.439,2.047,RUG_RISK
2026-07-31 09:19:05.191037+00,6VGVeZrfeyGAeUBHwDWDE2eQee4v4c9yfKY5XfTPpump,TATG,RUG_RISK — class is not traded (RUG_RISK not formula-qualified: needs crowd-PASS + in-envelope),1.543,rug,1.121,1.255,RUG_RISK
2026-07-31 09:21:08.133248+00,J2DwJ2snNgPzmHtBHNFrA1B6171YjvUyki9u1cxmpump,Dark Arena,live_kill engaged,4.752,winner,1.131,1.244,MOON_SLOW
2026-07-31 09:21:27.849513+00,GAVGZM2aiBmniA8mbHpeR2z58e3kyxHXGrxu7nNJUEdN,deslopify,RUG_RISK — class is not traded (RUG_RISK not formula-qualified: needs crowd-PASS + in-envelope),1.345,rug,1.129,1.274,RUG_RISK
2026-07-31 09:27:47.26438+00,41NJCxdBaKn4ks7mpbKzUQQgMDAqFTzR4dPJjtdNqRBC,deslopify,"RUG_RISK not on the live plug-in list (BASE,RISER,MOON_FAST,MOON_VIOLENT,MOON_STEADY,MOON_SLOW) — management genome unproven or drain-class; paper workshop owns",5.823,winner,1.284,1.638,RUG_RISK
2026-07-31 09:29:22.441958+00,7cok2xaMZTzbae7ETiFC3n9GeFT1kCPeNnwLxsRRpump,HALO,inflow 1.16× below the 1.3× band (71% vs 45% win),3.219,winner,1.130,1.239,MOON_SLOW
2026-07-31 09:33:25.637126+00,FYsgVgiKF5svH2yhtXV3NBjbZd2TGKcQ3pJmkc4s4Byx,orchid,buy share 52% below the 55% floor — sellers at the trigger tick (30% death cohort vs 13%),17.496,winner,1.306,1.699,RUG_RISK
2026-07-31 09:34:53.467809+00,2KFikUuj2rXDEbgVPDi1P3ipDjidmJzpQdFb9Qu7i9XV,HALO,dbc ticket: venue rug tide 229/389 (59% ≥ 50%) — moon door waits out the tide,1.551,rug,1.223,1.494,MOON_STEADY
2026-07-31 09:45:50.67186+00,2qY65swmVtCp1BBS7C4CGoYtDa7CzDcxVrcAQs9Xpump,PIKA,inflow 1.25× below the 1.3× band (71% vs 45% win),1.726,rug,1.254,1.498,RISER
2026-07-31 09:48:13.833044+00,CfN6Xhu8yK6gqhzt4dgtH72DGGsM5uJyQKgKZMtWpump,UEDTK,RUG_RISK — class is not traded (RUG_RISK not formula-qualified: needs crowd-PASS + in-envelope),1.941,rug,1.222,1.492,RUG_RISK
2026-07-31 10:16:54.441695+00,D183jepmNvPcJcALQYwQmz33GbmKvZUque3LjxP3SRhL,Deer,"inflow 1.18× below the 1.2× floor — sub-envelope crowd-pass ran −$0.81/t at size (F3 floor, ratified; paper probes it)",2.265,winner,1.190,1.397,BASE
2026-07-31 10:20:04.573393+00,ARPAmBJy923AiXPQtqFRWg1TWfR5LRj3CFmnzFiLpump,Bernhard,inflow 1.18× below the 1.3× band (71% vs 45% win),1.788,rug,1.302,1.600,MOON_STEADY
2026-07-31 10:22:21.753169+00,4cNk9K359XGyFY9kqK8RxHdw4yFJoSF3ibafz3UKpump,RSCSAC,RUG_RISK — class is not traded (RUG_RISK not formula-qualified: needs crowd-PASS + in-envelope),1.286,rug,1.108,1.225,RUG_RISK
2026-07-31 10:23:09.198686+00,JCaPDNCw5NbZ5f7XtpfsqCRxzXWULkCfQz5afEG58fjM,HALO,live_kill engaged,6.168,winner,1.241,1.539,MOON_STEADY
2026-07-31 10:25:49.998812+00,HeboCAE2RZ1fdepqGHtMabrMvxXm8F2m1F3P38Dzpump,FYP,inflow 1.12× below the 1.3× band (71% vs 45% win),1.334,rug,1.119,1.222,MOON_STEADY
2026-07-31 10:31:01.359564+00,8mVz1JYGSCKXBDKuHMnVfSDs9dxN5WVckkdzk7Tapump,BOTH,inflow 1.25× below the 1.3× band (71% vs 45% win),2.430,winner,1.248,1.475,MOON_SLOW
2026-07-31 10:38:04.433664+00,ACQVExNssmHmgZbkBTv3KXXdoPCEJsDyuaiRmDA4pump,Bwsc,RUG_RISK — class is not traded (RUG_RISK not formula-qualified: needs crowd-PASS + in-envelope),2.085,winner,1.243,1.543,RUG_RISK
2026-07-31 10:40:26.059329+00,6VHriejDnDy2wvTBdwYiuYV5QFwiDnhDT81q8P3rs5Yc,fomo,buy share 54% below the 55% floor — sellers at the trigger tick (30% death cohort vs 13%),2.402,winner,1.302,1.693,RUG_RISK
2026-07-31 10:40:26.432367+00,8V22UeQgkoqNYVcRwwbb9C8sdMaiACcdBzcFg1rpump,Rakko,RUG_RISK — class is not traded (RUG_RISK not formula-qualified: needs crowd-PASS + in-envelope),1.816,rug,1.270,1.529,RUG_RISK
2026-07-31 10:48:14.875663+00,UrGo5DHFdMefkE28PTmSQnNaUXRvVNm8ykdxvaTmT7y,Rakko,live_kill engaged,3.726,winner,1.279,1.637,RISER
2026-07-31 10:57:04.698626+00,J1jaShPVnJyhGrHetCgjcwaffqFGovCmjvYdFxcgx8nD,BOTH,"inflow 1.19× below the 1.2× floor — sub-envelope crowd-pass ran −$0.81/t at size (F3 floor, ratified; paper probes it)",1.734,rug,1.187,1.409,RISER
2026-07-31 11:01:28.534005+00,4vAQhcVhi4UeTxCDunoBvAXHsLfYF7jFFW6C56skMYVp,Dark Arena,"inflow 1.10× below the 1.2× floor — sub-envelope crowd-pass ran −$0.81/t at size (F3 floor, ratified; paper probes it)",2.799,winner,1.101,1.213,BASE
2026-07-31 11:02:18.810843+00,5XC9zB4d9uLnBn1Tcq1kcRTLavLHVVb9orEnULUkxS7m,BOTH,RUG_RISK — class is not traded (RUG_RISK not formula-qualified: needs crowd-PASS + in-envelope),3.827,winner,1.099,1.207,RUG_RISK
2026-07-31 11:05:27.052028+00,cFMvz9m1EWEtHmvR2iUSwBfZH5SW9ez5WDmT2bWfCHy,Dark Arena,live_kill engaged,2.306,winner,1.172,1.371,RUG_RISK
2026-07-31 11:05:42.851738+00,BaJxQv9Uym72RoVxk7kmGq1T7oWmQtvaSkSX3jUCH6F3,哈基米,"RUG_RISK not on the live plug-in list (BASE,RISER,MOON_FAST,MOON_VIOLENT,MOON_STEADY,MOON_SLOW) — management genome unproven or drain-class; paper workshop owns",8.631,winner,1.231,1.518,RUG_RISK
2026-07-31 11:09:22.640312+00,CeGRRzZog5SDdXUqbbZFHLBLURtUyErWUx6bjgCkpump,Frowl,RUG_RISK — class is not traded (RUG_RISK not formula-qualified: needs crowd-PASS + in-envelope),1.630,rug,1.189,1.412,RUG_RISK
2026-07-31 11:20:58.963788+00,3X6PAo7aM9noSN6dVnKm2A3SN8h3XwRd2FvDTLLHpump,Roscoe,RUG_RISK — class is not traded (RUG_RISK not formula-qualified: needs crowd-PASS + in-envelope),2.115,winner,1.142,1.267,RUG_RISK
2026-07-31 11:22:34.007171+00,6WJNAJS5Mj249S177SLpdgAHXC7kmzmFkYeyWM3Jpump,Jyssc,RUG_RISK — class is not traded (RUG_RISK not formula-qualified: needs crowd-PASS + in-envelope),1.381,rug,1.118,1.249,RUG_RISK
2026-07-31 11:24:53.587262+00,43Fr6SwBBTsDCLy68aYrYo39smxwJeXudkVzFe6Spump,TIMMY,live_kill engaged,1.620,rug,1.172,1.321,BASE
2026-07-31 11:24:56.160742+00,43Fr6SwBBTsDCLy68aYrYo39smxwJeXudkVzFe6Spump,TIMMY,live_kill engaged,1.620,rug,1.172,1.321,BASE
2026-07-31 11:25:45.829975+00,TGQAoh97ea3oHTkPbp475uDZpfTUo3V9VRxDLTZscmk,HALO,"inflow 1.19× below the 1.2× floor — sub-envelope crowd-pass ran −$0.81/t at size (F3 floor, ratified; paper probes it)",3.171,winner,1.189,1.409,BASE
2026-07-31 11:26:28.797667+00,GvjcPd5nqPaACH8KAuBHSAvtM5ncdEacUwjMZPL1pump,Cooper,RUG_RISK — class is not traded (RUG_RISK not formula-qualified: needs crowd-PASS + in-envelope),1.836,rug,1.187,1.379,RUG_RISK
2026-07-31 11:39:18.772874+00,DgNEubx7aSkBhf8e9LrhCv5SigaCN6oXFp5QwmW5pump,BZZZZMAN,live_kill engaged,4.421,winner,1.123,1.234,MOON_STEADY
2026-07-31 11:42:02.057126+00,AhyZaRSnK5WdCyWLvEqKDHuT3hUkauAkPi57B7fMpump,POFFC,RUG_RISK — class is not traded (RUG_RISK not formula-qualified: needs crowd-PASS + in-envelope),2.664,winner,1.403,1.965,RUG_RISK
2026-07-31 11:42:50.823913+00,6zW8P7fgtZNTCad1PDc35vkRbo1xbZfQPTMMLFeopump,friend,"RUG_RISK not on the live plug-in list (BASE,RISER,MOON_FAST,MOON_VIOLENT,MOON_STEADY,MOON_SLOW) — management genome unproven or drain-class; paper workshop owns",2.188,winner,1.214,1.417,RUG_RISK
2026-07-31 11:46:29.452034+00,5mMjWyCKbgRCC36LxL3TDk91gS425G2Nmc36Mb3nro8M,Yassine,RUG_RISK — class is not traded (RUG_RISK not formula-qualified: needs crowd-PASS + in-envelope),1.387,rug,1.178,1.387,RUG_RISK
2026-07-31 11:47:31.177045+00,2C9YUmLnnanvgHAovqfo7FzH597ApXEeiRz1rABzpump,nothing,RUG_RISK — class is not traded (RUG_RISK not formula-qualified: needs crowd-PASS + in-envelope),2.336,winner,1.379,1.783,RUG_RISK
2026-07-31 11:56:10.972594+00,Ces32yRLgMp5xSNA6YLsBeuvsDVCyJPjxJF6zYkppump,Mucal,RUG_RISK — class is not traded (RUG_RISK not formula-qualified: needs crowd-PASS + in-envelope),1.534,rug,1.104,1.217,RUG_RISK
2026-07-31 11:58:37.466233+00,PCcCovtYCUmtfWVk1JbZRf1LMYRwGbmJf6m3kRxpump,WOJAKOS,BASE — regime gate: 8h paper -8.7% on 10 — benched,1.637,dud,1.127,1.234,BASE
2026-07-31 12:03:03.48205+00,66uS4nMKDt1EEryETxQ75Ut7z8v7ty6UiYU54H3FAm1f,XPLK,RUG_RISK — class is not traded (RUG_RISK not formula-qualified: needs crowd-PASS + in-envelope),1.414,dud,1.108,1.202,RUG_RISK
2026-07-31 12:04:38.681204+00,5QtNbvzFjvKPLj3FACTBB83yBLxVC2x6hbN7VsCmKc7b,FRIEND,inflow 1.13× below the 1.3× band (71% vs 45% win),7.297,winner,1.100,1.210,MOON_SLOW
2026-07-31 12:06:11.590776+00,szVXzMs29NDFhkqY86zsmLKhCKXmtzGAX6TZqjEpump,MARS,RUG_RISK — class is not traded (RUG_RISK not formula-qualified: needs crowd-PASS + in-envelope),2.468,winner,1.479,2.027,RUG_RISK
2026-07-31 12:06:58.058167+00,4nc6JS9NMpdc6LNsavfTmZcTJjdcoxuvNev8VG49pump,Umbreon,live_kill engaged,3.427,winner,1.220,1.426,RISER
2026-07-31 12:11:43.169647+00,6NRxYfqt4exZvjVS8RdkgzX7Loi7bgbi2h9RAvbSn7ud,urcoin,RUG_RISK — class is not traded (RUG_RISK not formula-qualified: needs crowd-PASS + in-envelope),2.478,winner,1.160,1.328,RUG_RISK
2026-07-31 12:28:55.991212+00,3dZsr63LfNpvjLxrz2zeKDvDu8DeBtn6goMsNwJVpump,Chimpanzee,RUG_RISK — class is not traded (RUG_RISK not formula-qualified: needs crowd-PASS + in-envelope),2.182,winner,1.459,1.969,RUG_RISK
2026-07-31 12:30:36.597295+00,FaE6rBFfE83eh3iHBWuP4TSfbnKRJRqF9hShQAZ2pump,YAPAPA,RUG_RISK — class is not traded (RUG_RISK not formula-qualified: needs crowd-PASS + in-envelope),2.769,winner,1.129,1.254,RUG_RISK
2026-07-31 12:39:18.32405+00,E7jYnPQhG8mj4GMoe9tTTw8YduXnrkZaXRtEUPrcpump,BadBull,RUG_RISK — class is not traded (RUG_RISK not formula-qualified: needs crowd-PASS + in-envelope),1.579,rug,1.108,1.204,RUG_RISK
2026-07-31 12:39:21.36228+00,E7jYnPQhG8mj4GMoe9tTTw8YduXnrkZaXRtEUPrcpump,BadBull,RUG_RISK — class is not traded (RUG_RISK not formula-qualified: needs crowd-PASS + in-envelope),1.579,rug,1.108,1.204,RUG_RISK
2026-07-31 12:49:27.834643+00,Azk7D6AQmnCwaCxvH7cz1DtR1rijTT45nPXGoFPVpump,BTC,"RUG_RISK not on the live plug-in list (BASE,RISER,MOON_FAST,MOON_VIOLENT,MOON_STEADY,MOON_SLOW) — management genome unproven or drain-class; paper workshop owns",1.987,rug,1.333,1.650,RUG_RISK
2026-07-31 12:50:12.121577+00,BhW7BtwpEXBfcWrYnSXKqR1nZK8BPxJCTwdRyub4oAL7,Chimpanzee,live_kill engaged,11.563,winner,1.254,1.556,BASE
2026-07-31 12:51:14.21983+00,C2S8jWcjCkY3YNPuQAJATijVhaAaPwX8Ef5wGQEMgF22,SESTRI,live_kill engaged,1.228,rug,1.118,1.228,MOON_STEADY
2026-07-31 12:56:01.698992+00,8eX1TZf1qmWs8KtWbamyDTAg7iHwxvy1YzTUgzscpump,wizardclub,RUG_RISK — class is not traded (RUG_RISK not formula-qualified: needs crowd-PASS + in-envelope),1.593,rug,1.129,1.234,RUG_RISK
2026-07-31 12:57:09.552549+00,6HtEdQUC4qt2pJq8UXNbEUTJRCw7GxMtJSZurkicw9UX,ESB,pool 1865 below the 8000 depth floor — no exit at size,1.718,rug,1.311,1.718,MOON_STEADY
2026-07-31 12:57:34.762612+00,DKmTFK5nhYHEVCe3dMdbthX9X5fxgxsqknLGBDAto6nt,urcoin,inflow 1.13× below the 1.3× band (71% vs 45% win),3.416,winner,1.130,1.276,MOON_SLOW
2026-07-31 13:06:40.89338+00,8g7qtUJdVQMmmZDiTGCsXZPYft7f9EP5CdRPV2ECbut9,BTC,MOON_STEADY — regime gate: 8h paper -24.0% on 11 — benched,1.828,rug,1.211,1.469,MOON_SLOW
2026-07-31 13:08:14.238809+00,FGEpjgRWkF9XBS8sbivMY8Nb2ao4Eti9V73jtE7MAxWU,SESTRI,"inflow 1.12× below the 1.2× floor — sub-envelope crowd-pass ran −$0.81/t at size (F3 floor, ratified; paper probes it)",1.253,rug,1.118,1.245,BASE
2026-07-31 13:16:32.674028+00,A81UH1n1MCWsrRUcxLCDwa9viUu9d1jNi1nfzUmyweWf,DFUN,pool 1901 below the 2500 depth floor (smart-money floor) — no exit at size,3.357,winner,1.169,1.354,MOON_STEADY
2026-07-31 13:16:32.898742+00,A81UH1n1MCWsrRUcxLCDwa9viUu9d1jNi1nfzUmyweWf,DFUN,pool 1901 below the 2500 depth floor (smart-money floor) — no exit at size,3.357,winner,1.169,1.354,MOON_STEADY
2026-07-31 13:18:57.114334+00,421SEkTG3adfaT9wySKEcViLq4QgE5FHoaRhr87P7KSr,Catecoin,pool 2228 below the 2500 depth floor (smart-money floor) — no exit at size,5.968,winner,1.340,1.794,MOON_STEADY
2026-07-31 13:18:59.85835+00,421SEkTG3adfaT9wySKEcViLq4QgE5FHoaRhr87P7KSr,Catecoin,pool 2228 below the 2500 depth floor (smart-money floor) — no exit at size,5.968,winner,1.340,1.794,MOON_STEADY
2026-07-31 13:21:46.042693+00,4d9RzQTkRU39tCsbQ45DS1HtUtNxBHUrueerMZLUpump,Sharkzilla,inflow 1.21× below the 1.3× band (71% vs 45% win),1.431,rug,1.211,1.405,MOON_SLOW
2026-07-31 13:22:06.298691+00,H4AVZskkayr2fvjjbeQF7X2xtMXBnqBiqmo3WcNJjFPw,XPLK,RUG_RISK — class is not traded (RUG_RISK not formula-qualified: needs crowd-PASS + in-envelope),1.354,dud,1.146,1.280,RUG_RISK
2026-07-31 13:22:35.412125+00,4u7VNEjRvaRmjvTadFMpaHNCTVkAA9vWc1y6PqFkTgni,Sharkzilla,inflow 1.12× below the 1.3× band (71% vs 45% win),6.478,winner,1.147,1.207,MOON_FAST
2026-07-31 13:22:39.959616+00,4u7VNEjRvaRmjvTadFMpaHNCTVkAA9vWc1y6PqFkTgni,Sharkzilla,inflow 1.15× below the 1.3× band (71% vs 45% win),6.478,winner,1.147,1.207,MOON_FAST
2026-07-31 13:28:46.679475+00,Awydc7E5rCWqwUDaNzt584VoprcUCwfmEreHF12Jpump,LOL,"RUG_RISK not on the live plug-in list (BASE,RISER,MOON_FAST,MOON_VIOLENT,MOON_STEADY,MOON_SLOW) — management genome unproven or drain-class; paper workshop owns",1.547,rug,1.237,1.463,RUG_RISK
2026-07-31 13:29:19.020922+00,HvDqMCW9AfDv6bQQXVJjWpERyLsfgueqYbR2DiBiQmug,Sharkzilla,inflow 1.16× below the 1.3× band (71% vs 45% win),9.866,winner,1.163,1.353,MOON_SLOW
2026-07-31 13:38:21.895169+00,BvZcTbYZWPKUgAmjjtYPcNRzK1AbEdH8NBhjLeGpump,NINJAS,RUG_RISK — class is not traded (RUG_RISK not formula-qualified: needs crowd-PASS + in-envelope),2.716,winner,1.157,1.316,RUG_RISK
2026-07-31 13:41:31.782703+00,9R1CQDxYBCk6dR1PYwry1nYFgTZydRc1WrrSzvBbsLkp,NINJAS,pool 1880 below the 2500 depth floor (smart-money floor) — no exit at size,2.021,winner,1.168,1.362,MOON_SLOW
2026-07-31 13:42:29.101791+00,CNtY16oxqQGnLzgUzfCvmFuzVAL1U8p3T8Q48Uf71AaN,Sharkzilla,MOON_STEADY — regime gate: 8h paper -17.8% on 11 — benched,2.462,winner,1.118,1.349,MOON_STEADY
2026-07-31 13:45:27.379033+00,92yCWutgkcJYQXVMakS6YtoBLg3vYYobhGwGdAtTpump,YELLOK,"inflow 1.20× below the 1.2× floor — sub-envelope crowd-pass ran −$0.81/t at size (F3 floor, ratified; paper probes it)",1.492,dud,1.197,1.389,BASE
2026-07-31 14:03:53.156535+00,E2c8qEd5f5bZ3xUhYYHZ2W1NN5JGQCnYq6eAZwLJaQfU,YODA,RUG_RISK — class is not traded (RUG_RISK not formula-qualified: needs crowd-PASS + in-envelope),2.016,winner,1.199,1.394,RUG_RISK
2026-07-31 14:04:58.01325+00,4eXCuqRR8rTjZCVvcP9LGq7M7MLmbkeKAc8AaJdJ7fEy,Sharkzilla,MOON_STEADY — regime gate: 8h paper -17.8% on 11 — benched,3.300,winner,1.214,1.484,MOON_STEADY
2026-07-31 14:05:08.26852+00,GTdKRVws4t6WgfiMnidLZMwf5TbHexvQCMVpXdbApHR1,StickCat,"inflow 1.11× below the 1.2× floor — sub-envelope crowd-pass ran −$0.81/t at size (F3 floor, ratified; paper probes it)",3.694,winner,1.110,1.210,BASE
2026-07-31 14:05:13.226838+00,GWdcKaJQGfquE1uuJZq2Ao2VLmxumVM9ZPZeFwpPTvy5,VOID,"inflow 1.11× below the 1.2× floor — sub-envelope crowd-pass ran −$0.81/t at size (F3 floor, ratified; paper probes it)",3.511,winner,1.112,1.235,MOON_SLOW
2026-07-31 14:07:07.525661+00,D1Txn312mqBC95Ay3MfkT9At7VT6eAAq4HMJNpj68uy,StickCat,inflow 1.26× below the 1.3× band (71% vs 45% win),2.743,winner,1.349,1.817,RISER
2026-07-31 14:09:35.139736+00,5DUBnARV1o4ZLrswfaGw6izBh6DrDhYkQQ7364HQcFvz,TENT,RUG_RISK — class is not traded (RUG_RISK not formula-qualified: needs crowd-PASS + in-envelope),2.095,winner,1.117,1.223,RUG_RISK
2026-07-31 14:15:01.810962+00,BcfNPHHxLpVab7X9oQjh13KtGks18Tzm8st2nNkupump,RUNNER,"RUG_RISK not on the live plug-in list (BASE,RISER,MOON_FAST,MOON_VIOLENT,MOON_STEADY,MOON_SLOW) — management genome unproven or drain-class; paper workshop owns",2.183,winner,1.238,1.473,RUG_RISK
2026-07-31 14:15:02.885561+00,7ethCGGJYKVu5YKyWMN7YY4C95gchSVC4CfLUMPHAccp,Chiikawa,MOON_STEADY — regime gate: 8h paper -17.8% on 11 — benched,1.722,rug,1.166,1.367,MOON_STEADY
2026-07-31 14:15:05.644391+00,7ethCGGJYKVu5YKyWMN7YY4C95gchSVC4CfLUMPHAccp,Chiikawa,MOON_STEADY — regime gate: 8h paper -17.8% on 11 — benched,1.722,rug,1.166,1.367,MOON_STEADY
2026-07-31 14:19:15.374344+00,3Wid4tedBKshPsR2UHcNZHSukzmCG5rmLGeLkxqQbdYq,fomocat,inflow 1.26× below the 1.3× band (71% vs 45% win),2.879,winner,1.258,1.564,MOON_SLOW
2026-07-31 14:22:16.836823+00,ARfDu4GRZcpNakRj5cXsaakVFjUxAENg3cBGSc9bf7df,avocato,RUG_RISK — class is not traded (RUG_RISK not formula-qualified: needs crowd-PASS + in-envelope),1.907,dud,1.169,1.355,RUG_RISK
2026-07-31 14:23:26.37947+00,CDLizrXgugc6Z4g1UK6mqQwgoqEAqjoao4GXNsyBpump,CopperTama,inflow 1.18× below the 1.3× band (71% vs 45% win),4.983,winner,1.177,1.344,RISER
2026-07-31 14:30:18.055582+00,J2m16e5tYr1k3jDU4S5pH8nAn72TRtw8JnFiPCYenGRD,HOOD,RUG_RISK — class is not traded (RUG_RISK not formula-qualified: needs crowd-PASS + in-envelope),2.063,winner,1.264,1.552,RUG_RISK
2026-07-31 14:31:06.676804+00,7Pi2HoCmoTw17q4LpHgDWSkw7Gr7XVwLnLagDfvxZzw8,CUPSEY,RUG_RISK — class is not traded (RUG_RISK not formula-qualified: needs crowd-PASS + in-envelope),1.789,rug,1.135,1.279,RUG_RISK
2026-07-31 14:31:16.046473+00,3tKD6eCwNrr1ZZ8xWTrMhFbuVyzdmGhVqG5NM8UzzDU9,QGLOW,RUG_RISK — class is not traded (RUG_RISK not formula-qualified: needs crowd-PASS + in-envelope),1.275,dud,1.099,1.201,RUG_RISK
2026-07-31 14:31:54.343212+00,AibTfGY7rLqUoCp9Ub5Jdu8ikJKPafADaVhFfpVu2fpm,QGLOW,RUG_RISK — class is not traded (RUG_RISK not formula-qualified: needs crowd-PASS + in-envelope),9.861,winner,1.163,1.344,RUG_RISK
2026-07-31 14:35:08.236785+00,Fkbu9VrDgMhGjf14nWoG2oBEQCdCTtFsAKLDLV7Wviwk,QGLOW,inflow 1.18× below the 1.3× band (71% vs 45% win),5.059,winner,1.183,1.397,MOON_SLOW
2026-07-31 14:36:01.278295+00,4BDJuQTGmhaj5HWrzKhaNNZEQPbA3LQ2dskSts9yFvU8,Milho,"inflow 1.16× below the 1.2× floor — sub-envelope crowd-pass ran −$0.81/t at size (F3 floor, ratified; paper probes it)",1.906,rug,1.233,1.503,BASE
2026-07-31 14:38:46.319495+00,9cM5FfJiYPdb5Kda67uaLF6dUfKpPT63EVTS4E4QLiqz,avocato,"inflow 1.11× below the 1.2× floor — sub-envelope crowd-pass ran −$0.81/t at size (F3 floor, ratified; paper probes it)",3.015,winner,1.109,1.212,BASE
2026-07-31 14:41:37.267199+00,Gqv7XCgtaJmK7U1mR4c9HzRCX1XXmUVWAYVVgDnGe2gu,MarsCoin,live_kill engaged,3.676,winner,1.252,1.539,RISER
2026-07-31 14:44:08.363977+00,8UGv1AN4P88eb8jzG1ivZANeP7HcwWhoNofjdiRRMkVc,Chiikawa,MOON_STEADY — regime gate: 8h paper -18.1% on 12 — benched,2.326,winner,1.096,1.202,MOON_STEADY
2026-07-31 14:48:08.955783+00,HrZ8xAwiwqy14C4fMCK1ZAMaMt4S5nJvBjTjThFRTYse,XPLK,RUG_RISK — class is not traded (RUG_RISK not formula-qualified: needs crowd-PASS + in-envelope),1.777,dud,1.205,1.424,RUG_RISK
2026-07-31 14:51:24.905043+00,FLWFK8zSigj86Co7cLqgz4bHveKtdqstupe18kyxeEqB,Chiikawa,inflow 1.14× below the 1.3× band (71% vs 45% win),23.849,winner,1.142,1.302,MOON_SLOW
2026-07-31 14:52:57.443522+00,DhyCTRdzsMncxoXvrcAoQ7xx8UuzyuEDtxVCGgGZWotE,Milho,RUG_RISK — class is not traded (RUG_RISK not formula-qualified: needs crowd-PASS + in-envelope),2.787,winner,1.173,1.374,RUG_RISK
2026-07-31 14:55:26.424756+00,f73JVEmqhoFo9ins1WyhdwU99d9pGWPns5aGtFJpump,TNOS,RUG_RISK — class is not traded (RUG_RISK not formula-qualified: needs crowd-PASS + in-envelope),1.308,rug,1.112,1.239,RUG_RISK
2026-07-31 14:56:07.319944+00,BTuLj4qCfajmW7v2aMKvTbkHWSj75obZPkEwAtE4mhtD,CopperTama,pool 2002 below the 8000 depth floor — no exit at size,2.196,winner,1.166,1.370,MOON_STEADY
2026-07-31 14:56:31.257045+00,BTuLj4qCfajmW7v2aMKvTbkHWSj75obZPkEwAtE4mhtD,CopperTama,pool 2078 below the 8000 depth floor — no exit at size,2.196,winner,1.166,1.370,MOON_STEADY
2026-07-31 14:56:50.729036+00,CJraTKtjuMwKBtoEtCkM4NmZbkmrUcfmbdTEmVJA7ZsP,Fomotard,RUG_RISK — class is not traded (RUG_RISK not formula-qualified: needs crowd-PASS + in-envelope),3.880,winner,1.099,1.200,RUG_RISK
2026-07-31 15:03:16.855505+00,DFPGGhbvAsrBodbsi4rauEKjiJKBoBjyVBBHGqJmBgo5,Jerry,live_kill engaged,3.681,winner,1.327,1.740,BASE
2026-07-31 15:04:00.714183+00,B7gt7Zq6qbdSTKJxsKpizKi5DsaL6PUbtNpYsLpYJGaT,Milho,pool 1914 below the 8000 depth floor — no exit at size,13.511,winner,1.288,1.560,MOON_FAST
2026-07-31 15:04:21.244016+00,B7gt7Zq6qbdSTKJxsKpizKi5DsaL6PUbtNpYsLpYJGaT,Milho,pool 2199 below the 8000 depth floor — no exit at size,13.511,winner,1.288,1.560,MOON_FAST
2026-07-31 15:08:28.855266+00,4djmPdhp4XX77VHxQZ6Byyeh7FKjQHgcvPnyvAiL8qpe,ACBCA,RUG_RISK — class is not traded (RUG_RISK not formula-qualified: needs crowd-PASS + in-envelope),1.714,dud,1.105,1.217,RUG_RISK
2026-07-31 15:10:21.934278+00,HRQWDZtBNEVB2nXz7AossEZCjEdsgAm1v3CLU3N7Bted,AI,live_kill engaged,1.710,rug,1.303,1.687,RISER
2026-07-31 15:10:37.616213+00,yxjrm3zfn8jwMBxqrwGpKE3DNuJHCDStSLNK87QPnNA,MarsCoin,"inflow 1.10× below the 1.2× floor — sub-envelope crowd-pass ran −$0.81/t at size (F3 floor, ratified; paper probes it)",1.510,dud,1.103,1.212,MOON_SLOW
2026-07-31 15:13:11.737352+00,67GLZg8iSrgpsxP8xDBKJ5WS7qontRcw2zzmufJHBk44,Chiikawa,inflow 1.15× below the 1.25× band (71% vs 45% win),1.384,rug,1.110,1.239,MOON_SLOW
2026-07-31 15:18:25.477319+00,7daApSjXpin3c6EZZhhJ2nXRVHHqDTcBMoMtPCCi22zu,SD,inflow 1.21× below the 1.25× band (71% vs 45% win),2.878,winner,1.211,1.470,MOON_SLOW
2026-07-31 15:20:48.06109+00,4Z37fdR1NydHs13hhWZyWLeiZjs9QbpTCERhWPoZ9BZF,Chiikawa,MOON_STEADY — regime gate: 8h paper -16.4% on 14 — benched,1.551,rug,1.245,1.551,MOON_STEADY
2026-07-31 15:21:39.27183+00,65ZuvhVJNJfq2RmRmB4DXpFRKJ1h4vPsDZArnp2aMJy2,SD,live_kill engaged,5.412,winner,1.158,1.333,BASE
2026-07-31 15:21:44.89747+00,HJRDiEAnwPB3rGAenmhgAc2moSubS9zgQuVjn9AV26AM,AT,live_kill engaged,2.651,winner,1.198,1.422,BASE
2026-07-31 15:23:20.908535+00,2zTZBf2P5FoFJEVwoM2s6yW9bfBLnybxhQBcCVbc7YH5,SD,"RECOVERED tier below the cliff (pool $12,120 < $13,000) — paper-only where the drain farm actually wins",2.699,winner,1.302,1.689,RISER
2026-07-31 15:23:21.667328+00,7wFXukV5XoeSBYy3wkQJ93Ktcc4rt4toMJx2QupYnCQo,MEMECAT,"RUG_RISK not on the live plug-in list (BASE,RISER,MOON_FAST,MOON_VIOLENT,MOON_STEADY,MOON_SLOW) — management genome unproven or drain-class; paper workshop owns",6.351,winner,1.220,1.426,RUG_RISK
2026-07-31 15:23:24.425491+00,7wFXukV5XoeSBYy3wkQJ93Ktcc4rt4toMJx2QupYnCQo,MEMECAT,"RUG_RISK not on the live plug-in list (BASE,RISER,MOON_FAST,MOON_VIOLENT,MOON_STEADY,MOON_SLOW) — management genome unproven or drain-class; paper workshop owns",6.351,winner,1.220,1.426,RUG_RISK
2026-07-31 15:26:44.838509+00,944KRpP3uUnrr6MdYEML8mituPjRTCMhhaSMUFbWXPUz,Milho,pool 2020 below the 8000 depth floor — no exit at size,21.931,winner,1.245,1.495,MOON_FAST
2026-07-31 15:26:48.921503+00,7Qx17axngDcdacwv6S6SGCf7dzEbn9YcxKXLgZv8u53Q,Chiikawa,pool 1868 below the 8000 depth floor — no exit at size,1.467,rug,1.126,1.271,MOON_SLOW
2026-07-31 15:33:41.103356+00,CkG7HUKZsHbiMwnedvzyN6DJQk1upcn7AZBkKZ1D6VoK,Chiikawa,MOON_STEADY — regime gate: 8h paper -16.8% on 15 — benched,1.580,rug,1.142,1.314,MOON_STEADY
2026-07-31 15:33:48.748393+00,CkG7HUKZsHbiMwnedvzyN6DJQk1upcn7AZBkKZ1D6VoK,Chiikawa,MOON_STEADY — regime gate: 8h paper -16.8% on 15 — benched,1.580,rug,1.142,1.314,MOON_STEADY
2026-07-31 15:37:35.526922+00,BWHfvmnR9U9Txa5AfY1y8N2PoKUwDtDBuM3wfXdNkBo3,ELON,"inflow 1.18× below the 1.2× floor — sub-envelope crowd-pass ran −$0.81/t at size (F3 floor, ratified; paper probes it)",3.775,winner,1.179,1.378,BASE
2026-07-31 15:38:27.419937+00,FvjSSC5Vd1sppfsanhRY4BcjRZc3B7ytima2mUkw6PeG,SD,RUG_RISK — class is not traded (RUG_RISK not formula-qualified: needs crowd-PASS + in-envelope),1.831,dud,1.117,1.236,RUG_RISK
2026-07-31 15:46:31.698237+00,EWtXcPn6fz5anmNHhSNafa6yn9BfaMU8Wp3htgya6XGN,ELON,pool 1894 below the 2500 depth floor (smart-money floor) — no exit at size,2.184,winner,1.151,1.325,MOON_SLOW
2026-07-31 15:51:08.631786+00,Fz4FzgcXVhWFRzTX7FSLSYpoTrJo4vezh1LLpaWypump,Derp,RUG_RISK — class is not traded (RUG_RISK not formula-qualified: needs crowd-PASS + in-envelope),1.810,dud,1.200,1.390,RUG_RISK
2026-07-31 15:51:57.17621+00,DokZ3CANUCeSCfcUNP2nmUXvjQMSfBy68xgxPm81Daso,MEMECAT,"inflow 1.18× below the 1.2× floor — sub-envelope crowd-pass ran −$0.81/t at size (F3 floor, ratified; paper probes it)",2.040,winner,1.183,1.380,BASE
2026-07-31 15:51:58.558465+00,95hXHs4jNjAqUjQfKqRDoe96g53jL16fn1Zs5YRPj5DT,MEMECAT,inflow 1.17× below the 1.25× band (71% vs 45% win),1.922,rug,1.171,1.368,MOON_SLOW
2026-07-31 15:52:01.070244+00,95hXHs4jNjAqUjQfKqRDoe96g53jL16fn1Zs5YRPj5DT,MEMECAT,inflow 1.17× below the 1.25× band (71% vs 45% win),1.922,rug,1.171,1.368,MOON_SLOW
2026-07-31 15:57:21.754467+00,GxuDih3Z61Nv9k5wj5vMBCq8H4ktV9Stcy9s2hGEXrYz,Zwazu,pool 2046 below the 2500 depth floor (smart-money floor) — no exit at size,2.389,winner,1.258,1.582,MOON_SLOW
2026-07-31 15:57:44.684303+00,GNvHzzFbt7PjxDHXMMwMS6y7DG6LyJWe1muF44FyZ9yy,MEMECAT,MOON_STEADY — regime gate: 8h paper -22.6% on 14 — benched,1.438,rug,1.198,1.438,MOON_STEADY
2026-07-31 16:01:32.06194+00,DyfmJkJkwTtHknbaKTVAi3pVyK7K2QiafjaJCLwxfS8Z,blep,wallet graph: net rep -4 — rug-history crowd (49% rug vs 10% win cohort),2.493,winner,1.243,1.530,RISER
2026-07-31 16:02:56.914114+00,DrEcwbDxmMj8Y8oNNuDuVB6PH7XEJkG7Rf1GJm6Z3wCg,MEMECAT,"inflow 1.20× below the 1.2× floor — sub-envelope crowd-pass ran −$0.81/t at size (F3 floor, ratified; paper probes it)",4.026,winner,1.274,1.617,RISER
2026-07-31 16:03:44.310782+00,EoJBRTDjfATz4Hxy2P13uAFrKNfMMfTH12fBqRFojKzK,OnlyMarms,MOON_STEADY — regime gate: 8h paper -22.6% on 14 — benched,28.805,winner,1.181,1.402,MOON_STEADY
2026-07-31 16:04:37.258885+00,27fmFqYgJUYQ62eRTUJuDXSKbGwfV95W3amJH1V8pump,SHTPENG,RUG_RISK — class is not traded (RUG_RISK not formula-qualified: needs crowd-PASS + in-envelope),1.300,rug,1.141,1.300,RUG_RISK
2026-07-31 16:04:53.749534+00,HQBjseevJ9X1XGy1EmuS9DQcp8sp2Kxx8LLdPoE3WV8K,Lobstass,"inflow 1.16× below the 1.2× floor — sub-envelope crowd-pass ran −$0.81/t at size (F3 floor, ratified; paper probes it)",1.860,rug,1.157,1.323,BASE
2026-07-31 16:09:21.142429+00,D9owKPuisZoZqPXmsUz8r9Pvxy9dtKQNjJ261WEUb8ZF,blep,RUG_RISK — class is not traded (RUG_RISK not formula-qualified: needs crowd-PASS + in-envelope),2.401,winner,1.128,1.268,RUG_RISK
2026-07-31 16:09:22.103269+00,A7BPmgCwt7WufzwhrPuRTvZgaovyPfRA2narLcjLpump,MEWTHREE,RUG_RISK — class is not traded (RUG_RISK not formula-qualified: needs crowd-PASS + in-envelope),2.843,winner,1.122,1.224,RUG_RISK
2026-07-31 16:09:22.143316+00,Evfiq4M1zcxiNH2fvWzLxsmG5UoRsqSqcSsnrM7Upump,Dmshark,RUG_RISK — class is not traded (RUG_RISK not formula-qualified: needs crowd-PASS + in-envelope),1.470,rug,1.139,1.295,RUG_RISK
2026-07-31 16:11:44.424141+00,D41owVKjBujJWY2mN3x5Sa825XrqNpUimiVrtax7vRGm,MEWTHREE,"inflow 1.14× below the 1.2× floor — sub-envelope crowd-pass ran −$0.81/t at size (F3 floor, ratified; paper probes it)",2.064,winner,1.147,1.306,BASE
2026-07-31 16:12:29.696956+00,2SuhsUkPxkLwo6HH1Lby4rv6FykzErbfe3riZDJfWt7t,COPE,"RUG_RISK not on the live plug-in list (BASE,RISER,MOON_FAST,MOON_VIOLENT,MOON_STEADY,MOON_SLOW) — management genome unproven or drain-class; paper workshop owns",9.519,winner,1.431,1.434,RUG_RISK
2026-07-31 16:14:49.173019+00,AMRBzzN6U9e23M81thkqXjF4rCNHjWc264A1f34YADAV,NEX Ai,RUG_RISK — class is not traded (RUG_RISK not formula-qualified: needs crowd-PASS + in-envelope),1.745,dud,1.141,1.300,RUG_RISK
2026-07-31 16:17:10.934418+00,ATmHo3cFYFVcwrtwudYTNbVqTSSPq9U3rcPboxqcZ5Et,Zwazu,inflow 1.18× below the 1.25× band (71% vs 45% win),3.796,winner,1.181,1.397,MOON_SLOW
2026-07-31 16:19:15.518446+00,4vhXsdyYmWrX5iTgN6HNFw1bvZEKz3s1TWrA9V5JysV4,OnlyMarms,pool 2031 below the 8000 depth floor — no exit at size,16.093,winner,1.150,1.308,MOON_SLOW
2026-07-31 16:19:18.688458+00,4vhXsdyYmWrX5iTgN6HNFw1bvZEKz3s1TWrA9V5JysV4,OnlyMarms,pool 2031 below the 8000 depth floor — no exit at size,16.093,winner,1.150,1.308,MOON_SLOW
2026-07-31 16:19:46.960207+00,w3khz2HrZaZAcTesyY1HHgfocNaxdGDh9bG18WZpump,QGLOW,"inflow 1.14× below the 1.2× floor — sub-envelope crowd-pass ran −$0.81/t at size (F3 floor, ratified; paper probes it)",1.852,dud,1.140,1.266,RISER
2026-07-31 16:23:07.569254+00,EaKdwxVBqjCeDccj5qZj18qYoYx6Bn5E1BGdmcbGqSQd,MEWTHREE,RUG_RISK — class is not traded (RUG_RISK not formula-qualified: needs crowd-PASS + in-envelope),2.076,winner,1.132,1.272,RUG_RISK
2026-07-31 16:24:32.608928+00,8R4BoWLxMSntffr1Vwm9kNtvjcVRtRpTfzKSF1h3Mek9,MT,"RUG_RISK not on the live plug-in list (BASE,RISER,MOON_FAST,MOON_VIOLENT,MOON_STEADY,MOON_SLOW) — management genome unproven or drain-class; paper workshop owns",2.847,winner,1.237,1.490,RUG_RISK
2026-07-31 16:26:54.942556+00,3WrnXJGmUh4pP4arDWZvWnQsF945MbjkKN3oCXN5wF1f,blep,RUG_RISK — class is not traded (RUG_RISK not formula-qualified: needs crowd-PASS + in-envelope),1.816,rug,1.170,1.359,RUG_RISK
2026-07-31 16:26:56.290823+00,EtqxzYfJteWfufMbXhiThb8WKqNxdZ1mzzbf4nNPAqGn,Lobstass,RUG_RISK — class is not traded (RUG_RISK not formula-qualified: needs crowd-PASS + in-envelope),1.930,dud,1.129,1.265,RUG_RISK
2026-07-31 16:32:06.855958+00,7Jr1H18v9NwvwQidVGtESX9nVrfkuUEDbGbgbmMgVq64,币有,"inflow 1.11× below the 1.2× floor — sub-envelope crowd-pass ran −$0.81/t at size (F3 floor, ratified; paper probes it)",3.228,winner,1.107,1.217,BASE
2026-07-31 16:38:55.214393+00,3rihCwXaMogvvT5t8KJjRSxo9KmtWcVL4U3UUF7AQ3k1,PATIENCE,"clone wave: PATIENCE rugged or still open on another mint <60m, launch order 2 — live refuses (golden window opens at L3+)",2.664,winner,1.228,1.508,RISER
2026-07-31 16:39:18.226703+00,8Vx4hoTDMKYekP7mMzicGeTsf1Zynok13Bq8BR66PN3W,MEWTHREE,RUG_RISK — class is not traded (RUG_RISK not formula-qualified: needs crowd-PASS + in-envelope),3.390,winner,1.300,1.691,RUG_RISK
2026-07-31 16:39:19.087677+00,6oWkfEraabRYUfhAsX71u2o5uaNTnw6r9dJPZ6hq8hRC,OnlyMarms,MOON_STEADY — regime gate: 8h paper -21.3% on 13 — benched,1.869,rug,1.110,1.232,MOON_STEADY
2026-07-31 16:39:55.697748+00,HtV739CoXL84K51XGMqp4LQaiWvZ11GwdiffMu95qcjF,BEAR,MOON_STEADY — regime gate: 8h paper -21.3% on 13 — benched,1.349,rug,1.161,1.349,MOON_STEADY
2026-07-31 16:42:04.143643+00,4FaTCPPAwR4JaU7qS6WVmnLAEsEf1b4Gh7vepfnnYFeS,MEMCHOIN,RUG_RISK — class is not traded (RUG_RISK not formula-qualified: needs crowd-PASS + in-envelope),2.190,winner,1.122,1.253,RUG_RISK
2026-07-31 16:45:09.583008+00,FytUBJSRpWtQwvnhUiTz7RZJQpjjpieHTKFo5mxmzuVx,OnlyMarms,RUG_RISK — class is not traded (RUG_RISK not formula-qualified: needs crowd-PASS + in-envelope),2.562,winner,1.426,1.983,RUG_RISK
2026-07-31 16:49:54.103537+00,GbRsr9kjpXY8X7ngEJnybate4NzUUkbotKaTh8rvpump,HNYX,RUG_RISK — class is not traded (RUG_RISK not formula-qualified: needs crowd-PASS + in-envelope),1.599,dud,1.194,1.382,RUG_RISK
2026-07-31 16:49:55.318062+00,7hYSnyXmiJXNwvzSdwx1UoQvkDbNDAwHwSYEbEWHkUny,XPLK,RUG_RISK — class is not traded (RUG_RISK not formula-qualified: needs crowd-PASS + in-envelope),1.710,dud,1.172,1.360,RUG_RISK
2026-07-31 16:52:20.388794+00,2s9wEjiVNbdh7n3WpF3eKCpeMPbtGLrA3R1RhiAuw7qS,COPE,"RUG_RISK not on the live plug-in list (BASE,RISER,MOON_FAST,MOON_VIOLENT,MOON_STEADY,MOON_SLOW) — management genome unproven or drain-class; paper workshop owns",8.769,winner,1.363,1.366,RUG_RISK
2026-07-31 16:52:33.613322+00,468sd4dP2KN7caaiDDfTnD6mSDunsfkCtA82pyCzBLqL,BEAR,inflow 1.12× below the 1.25× band (71% vs 45% win),2.291,winner,1.191,1.417,MOON_SLOW
2026-07-31 16:52:39.77727+00,AWB6kVjhV1dJruMPkihzuACZcShuQDAvb1YcKDBE22fa,JAIL,RUG_RISK — class is not traded (RUG_RISK not formula-qualified: needs crowd-PASS + in-envelope),2.658,winner,1.163,1.323,RUG_RISK
2026-07-31 16:52:43.423625+00,AWB6kVjhV1dJruMPkihzuACZcShuQDAvb1YcKDBE22fa,JAIL,RUG_RISK — class is not traded (RUG_RISK not formula-qualified: needs crowd-PASS + in-envelope),2.658,winner,1.163,1.323,RUG_RISK
2026-07-31 16:52:47.62317+00,468sd4dP2KN7caaiDDfTnD6mSDunsfkCtA82pyCzBLqL,BEAR,inflow 1.19× below the 1.25× band (71% vs 45% win),2.291,winner,1.191,1.417,MOON_SLOW
2026-07-31 16:53:58.007886+00,8FefPFXnnDLRbfUx8cNAeZCjsGdruabLpC8dwqvzwE4R,BEAR,RUG_RISK — class is not traded (RUG_RISK not formula-qualified: needs crowd-PASS + in-envelope),2.149,winner,1.198,1.422,RISER
2026-07-31 16:55:00.730092+00,ChDkCpbRrDru9Law7mY8o4U6WkxAnGXgUp5PzHEmjFXz,JAIL,"inflow 1.11× below the 1.2× floor — sub-envelope crowd-pass ran −$0.81/t at size (F3 floor, ratified; paper probes it)",2.046,winner,1.119,1.243,BASE
2026-07-31 16:55:33.265371+00,79tsmgdwG4kMgNSCmL61JdWeCExBXQGQMnGKB329pump,JAIL,inflow 1.11× below the 1.25× band (71% vs 45% win),1.497,dud,1.110,1.207,BASE
2026-07-31 17:01:32.871845+00,Ab9hXAbR3wevh7EUaHf7nQup5hCZXMkg7Smw5jBymcxL,MEWTHREE,RUG_RISK — class is not traded (RUG_RISK not formula-qualified: needs crowd-PASS + in-envelope),1.891,dud,1.113,1.231,RUG_RISK
2026-07-31 17:08:09.317559+00,4LekrhWt9KSgTqYQsytjyNqt2qZvPD58qvQ9j2V1MXi3,OnlyMarms,pool 2046 below the 8000 depth floor — no exit at size,2.444,winner,1.274,1.621,MOON_SLOW
2026-07-31 17:08:10.135165+00,6mzSRUCmoHWPCnm4Dq7nUo8XrowoaDB1rcToNRN2S7kW,MEWTHREE,inflow 1.10× below the 1.25× band (71% vs 45% win),1.238,rug,1.108,1.228,MOON_SLOW
2026-07-31 17:11:25.054484+00,6SjThbwfzngYnxDqrAMdXUHDsnGm7oqwz8SKSF9PoivZ,DIVVY,"inflow 1.10× below the 1.2× floor — sub-envelope crowd-pass ran −$0.81/t at size (F3 floor, ratified; paper probes it)",1.898,dud,1.103,1.210,BASE
2026-07-31 17:14:29.072106+00,HZ14gWDVbXxPG8tfkMu6yToLDahnDUd5XGVM9z5Rbv9o,BEAR,inflow 1.15× below the 1.25× band (71% vs 45% win),2.085,winner,1.197,1.427,MOON_SLOW
2026-07-31 17:14:42.941404+00,CdEiTZdJx8WAsRQSHmQ1T3mnAWkBBaL9JwxvvjJRpump,Bear,buy share 53% below the 55% floor — sellers at the trigger tick (30% death cohort vs 13%),11.387,winner,1.443,1.924,RUG_RISK
2026-07-31 17:16:56.021823+00,24amjLXpZUTDsHJH8VS9AF7zyZ3B2N2YsQER19fhGhn8,$MY,"RUG_RISK not on the live plug-in list (BASE,RISER,MOON_FAST,MOON_VIOLENT,MOON_STEADY,MOON_SLOW) — management genome unproven or drain-class; paper workshop owns",2.217,winner,1.433,1.995,RUG_RISK
2026-07-31 17:17:13.852417+00,24amjLXpZUTDsHJH8VS9AF7zyZ3B2N2YsQER19fhGhn8,$MY,"RUG_RISK not on the live plug-in list (BASE,RISER,MOON_FAST,MOON_VIOLENT,MOON_STEADY,MOON_SLOW) — management genome unproven or drain-class; paper workshop owns",2.217,winner,1.433,1.995,RUG_RISK
2026-07-31 17:23:55.457686+00,9Eyu2EuYnAYJgSY2P4iqDJS7VTCBxBqhRjUfW6rspump,Charizard,RUG_RISK — class is not traded (RUG_RISK not formula-qualified: needs crowd-PASS + in-envelope),1.881,rug,1.127,1.236,RUG_RISK
2026-07-31 17:27:42.977668+00,6dPxWg5aC4Di1wUdTvPVWrgsx7M9VNJ18652GccX991U,MarsCoin,RUG_RISK — class is not traded (RUG_RISK not formula-qualified: needs crowd-PASS + in-envelope),1.571,dud,1.134,1.227,RUG_RISK
2026-07-31 17:31:31.8905+00,AN8tJnh9Gayn5ujyxaTYiEBTwdDs6zk7v89cEmUFpump,ERIC,RUG_RISK — class is not traded (RUG_RISK not formula-qualified: needs crowd-PASS + in-envelope),4.305,winner,1.325,1.645,RUG_RISK
2026-07-31 17:34:43.136621+00,3Xd6eGvhMRAcbH4rR9UufgXpjhZLtreJudP6rDumpump,OnlyBulls,RISER — regime gate: 8h paper -6.8% on 11 — benched,1.913,dud,1.127,1.252,RISER
2026-07-31 17:35:32.892049+00,6aiiWJQMykGqZmxcVdvfYDQcHkMsxYpTr1tFVbiFSzu,ERIC,RUG_RISK — class is not traded (RUG_RISK not formula-qualified: needs crowd-PASS + in-envelope),1.533,rug,1.152,1.316,RUG_RISK
2026-07-31 17:35:35.79345+00,E9gD6xWHxowQrQvt9qkaaiDSD9hURhEDHkctDwmAVgMc,Unitree,RUG_RISK — class is not traded (RUG_RISK not formula-qualified: needs crowd-PASS + in-envelope),2.519,winner,1.184,1.383,RUG_RISK
2026-07-31 17:41:17.973428+00,2QZp3YJZU1SPwxp4pKKtZwkoxEV5TkgTKJn5SKT8Bo7q,Bear,live_kill engaged,1.810,rug,1.266,1.605,RISER
2026-07-31 17:41:30.412468+00,ETFQm6JY53Lrte3NTb7yinyCk4RLYKPfCEEZrWfkpump,TRVD,RUG_RISK — class is not traded (RUG_RISK not formula-qualified: needs crowd-PASS + in-envelope),1.420,rug,1.124,1.263,RUG_RISK
2026-07-31 17:45:53.645322+00,FJZk8sx2JHA5GXKCUhNS7jRe12j9fXgAZLruNm7qRJaj,ERIC,RUG_RISK — class is not traded (RUG_RISK not formula-qualified: needs crowd-PASS + in-envelope),1.882,dud,1.197,1.422,RISER
2026-07-31 17:46:07.903733+00,6ifWu87NDbqMENSYDcAvKm3DeKsH9dbdK1ejocDRVQSc,ERIC,pool 1917 below the 8000 depth floor — no exit at size,3.825,winner,1.132,1.280,MOON_SLOW
2026-07-31 17:46:18.672217+00,GTf8DKSQ3DJv971WUJ9AvrAkG586fxYEfk5uHdizK8mq,Bear,RUG_RISK — class is not traded (RUG_RISK not formula-qualified: needs crowd-PASS + in-envelope),1.690,dud,1.129,1.262,RUG_RISK
2026-07-31 17:48:20.309309+00,ARmRMUE9uSYc63b2yE75LPoJ51fetdTLK1vHh946n83E,ERIC,live_kill engaged,2.161,winner,1.254,1.560,RISER
2026-07-31 17:56:37.255361+00,9MSLoSp6saodNXp3rV35eekNfQxQFi2RqnSLwBVcoYFL,CALLCAT,inflow 1.11× below the 1.25× band (71% vs 45% win),1.236,rug,1.109,1.236,MOON_FAST
2026-07-31 17:57:15.778775+00,GmvPbcZwnvqmGQZPWXd9YatbL9Xk1dTy6d8UWzAdqfEu,FN,live_kill engaged,2.050,winner,1.200,1.432,BASE
2026-07-31 18:01:11.437495+00,Ao7WDNVowZaHjRMK5NWAHg5RTBb8GmJ56F7KfeYTpump,SVGPS,RUG_RISK — class is not traded (RUG_RISK not formula-qualified: needs crowd-PASS + in-envelope),1.383,rug,1.103,1.216,RUG_RISK
2026-07-31 18:06:15.884439+00,BGx5sczyExk3AGZqwBCWse8g6hP3oGoEohAHfRHYYrDB,ERIC,RUG_RISK — class is not traded (RUG_RISK not formula-qualified: needs crowd-PASS + in-envelope),1.329,rug,1.105,1.217,RUG_RISK
2026-07-31 18:07:33.346708+00,5sbsG2xWBfMKww1sXcq17unKbxEfMkpMGbo8sVRDXPfu,CALLCAT,pool 2014 below the 8000 depth floor — no exit at size,1.728,rug,1.110,1.226,MOON_SLOW
2026-07-31 18:08:22.352528+00,AweBzxPp1eqWUCo3gQX7MJcFtZ75nPJXmp391DBpoBzh,Falcon9,live_kill engaged,11.079,winner,1.326,1.745,BASE
2026-07-31 18:09:53.920205+00,6xeHRbhcjiRcBec2kds63oVcMVcCaQwBvsHmBBs15gsP,FN,RUG_RISK — class is not traded (RUG_RISK not formula-qualified: needs crowd-PASS + in-envelope),1.724,rug,1.166,1.350,RUG_RISK
2026-07-31 18:10:00.065552+00,9tUaYEDo2BRK8592ShuTtaS2DBaSGY8pBXuNkm3vGx2x,Bear,RUG_RISK — class is not traded (RUG_RISK not formula-qualified: needs crowd-PASS + in-envelope),1.905,dud,1.111,1.225,RUG_RISK
2026-07-31 18:12:26.583294+00,2LZvQQp95gLXePFWsUohhMCjE4K1F99VZJKiXpWipump,UWU,RISER — regime gate: 8h paper -5.4% on 12 — benched,2.050,winner,1.469,1.931,RISER
2026-07-31 18:13:56.388044+00,DWtp9Y51KiknjzdRh1E1vuC5Shk7MKq3syiNxbxLjGur,ERIC,pool 1613 below the 2500 depth floor (smart-money floor) — no exit at size,13.689,winner,1.162,1.351,MOON_SLOW
2026-07-31 18:14:49.79453+00,Q6ZcGLU4DxkFMaFdY64VALDiayrgKrteNXAXD5Un3xg,ERIC,RUG_RISK — class is not traded (RUG_RISK not formula-qualified: needs crowd-PASS + in-envelope),1.203,rug,1.097,1.200,RUG_RISK
2026-07-31 18:24:42.979223+00,6GZBN6ByTn5YYLMsG6NrJAw6UKdvdyjiZDKT7eBLpump,JBear,RUG_RISK — class is not traded (RUG_RISK not formula-qualified: needs crowd-PASS + in-envelope),1.776,rug,1.253,1.461,RUG_RISK
2026-07-31 18:25:10.817071+00,5BHiosFPtEEaJd5o7mQE2rxdeFBkV28qM7VjEbQXMsnL,Bear,live_kill engaged,2.061,winner,1.422,1.994,RISER
2026-07-31 18:34:22.908905+00,2JTYCNDij5wioBsvExkA5e1X2Eza2GsPnxEw9V5otRMQ,HOOD,RUG_RISK — class is not traded (RUG_RISK not formula-qualified: needs crowd-PASS + in-envelope),3.414,winner,1.187,1.381,RUG_RISK
2026-07-31 18:35:58.145462+00,3smsdRfPZYXf1kYeGGHSFZujDspZVYTQ4KA9bTp8SJji,ERIC,pool 1841 below the 2500 depth floor (smart-money floor) — no exit at size,1.725,rug,1.147,1.318,MOON_SLOW
2026-07-31 18:36:46.764755+00,Dcaf8rQj8SsMkRyvcePRTCb5DghwUc6ECvbdJzhYEkvm,Falcon9,live_kill engaged,2.841,winner,1.105,1.209,MOON_SLOW
2026-07-31 18:37:02.572602+00,CYni4rsou8DnyeW5rVY4pS31DLUnvVM2HDkTiPHHpump,Falcon9,RUG_RISK — class is not traded (RUG_RISK not formula-qualified: needs crowd-PASS + in-envelope),1.255,rug,1.136,1.255,RUG_RISK
2026-07-31 18:38:40.338679+00,7icZLECgzujGc4JTQ27EWvLBHTYoJYbeeuRRebvGBYN6,Falcon9,inflow 1.18× below the 1.25× band (71% vs 45% win),2.642,winner,1.184,1.399,MOON_STEADY
2026-07-31 18:39:09.712794+00,14MwmU6RpM7A3gpQTZwWhTXUqUdrZu8hSWGwsDCYVsEY,TENT,RUG_RISK — class is not traded (RUG_RISK not formula-qualified: needs crowd-PASS + in-envelope),2.134,winner,1.231,1.475,RUG_RISK
2026-07-31 18:41:32.411272+00,9hCnyCAM1emEH7FZX2WWkZUq8X1njG52fTt9Fk8Fpump,KODA,RUG_RISK — class is not traded (RUG_RISK not formula-qualified: needs crowd-PASS + in-envelope),1.925,rug,1.117,1.218,RUG_RISK
2026-07-31 18:43:57.854592+00,9DQ5QrtMDzYrKpRBkj2HzQvbYqS74Y32L3WW44hGDMdR,KODA,inflow 1.16× below the 1.25× band (71% vs 45% win),2.020,winner,1.184,1.401,MOON_SLOW
2026-07-31 18:44:44.004866+00,6XGrFDxNP7dyCRMTzrGqDAJzquRh7U9obk323CCzWSSQ,CATE,RUG_RISK — class is not traded (RUG_RISK not formula-qualified: needs crowd-PASS + in-envelope),1.813,dud,1.131,1.278,RUG_RISK
2026-07-31 18:44:50.131192+00,C6PRXxyvWk6xpGK6Z6WAp4tqEuW91gaCCsm7cpBVVecV,OnlyMarms,inflow 1.10× below the 1.25× band (71% vs 45% win),2.379,winner,1.360,1.842,MOON_STEADY
2026-07-31 18:45:04.620665+00,C6PRXxyvWk6xpGK6Z6WAp4tqEuW91gaCCsm7cpBVVecV,OnlyMarms,MOON_STEADY — regime gate: 8h paper -11.1% on 12 — benched,2.379,winner,1.360,1.842,MOON_STEADY
2026-07-31 18:45:30.517461+00,Gfz7j7ftj4YrbDacJ1T8AocNbdvfv4zXXuZRG2q8pd8H,Falcon9,"inflow 1.14× below the 1.2× floor — sub-envelope crowd-pass ran −$0.81/t at size (F3 floor, ratified; paper probes it)",2.347,winner,1.138,1.290,BASE
2026-07-31 18:51:34.001209+00,3GQZtUd8f56aEVDFRnN1Wnf8FxMQhHHRw2382TtRtyZT,PANDA,"inflow 1.13× below the 1.2× floor — sub-envelope crowd-pass ran −$0.81/t at size (F3 floor, ratified; paper probes it)",1.917,rug,1.133,1.265,MOON_STEADY
2026-07-31 18:55:51.906923+00,8wQ77AtJDfzztsU8BFiqiXWnR5WXJVMFCvmnpWN6zGd1,Ditto,live_kill engaged,2.482,winner,1.377,1.863,BASE
2026-07-31 18:59:50.424619+00,GNmgRicT9f6viMxrtuqf4pSaCeaYmebVwcneCAdwNd5h,Bear,pool 1765 below the 2500 depth floor (smart-money floor) — no exit at size,1.561,rug,1.257,1.561,MOON_STEADY
2026-07-31 18:59:50.445821+00,127cdikiFccLzBU5LZ37pDeXmKMQj9cCE5N9VUqmrCnP,PIBBLE,RUG_RISK — class is not traded (RUG_RISK not formula-qualified: needs crowd-PASS + in-envelope),1.722,dud,1.156,1.325,RUG_RISK
2026-07-31 19:03:48.491275+00,9U1eyuTKhE7Jyn2oHFT5fGHT4kv1Spc63aJxNrda2Vs9,PalletTown,live_kill engaged,1.967,rug,1.268,1.584,RUG_RISK
2026-07-31 19:13:14.472619+00,JANza4mosLeNNiaCH4WF7iyhdjegMRutsndMW61MFGUn,PalletTown,RUG_RISK — class is not traded (RUG_RISK not formula-qualified: needs crowd-PASS + in-envelope),2.224,winner,1.111,1.223,RUG_RISK
2026-07-31 19:20:25.801009+00,774fNVychghMSMGKhvYe5xaHwrKCF1ex46EYzvHWDigF,Ditto,"inflow 1.11× below the 1.2× floor — sub-envelope crowd-pass ran −$0.81/t at size (F3 floor, ratified; paper probes it)",2.586,open,1.120,1.248,BASE
2026-07-31 19:21:52.719914+00,65Ct3XARi6FRwDeJC6C9GhUAhMdnSKTf3ZGLUGNu64Bd,MOONDOGE,RISER — regime gate: 8h paper -9.0% on 10 — benched,1.665,rug,1.198,1.424,RISER
2026-07-31 19:22:24.897697+00,Bg9QSEiiEzQVsfM6vhYgHhR6y6nL5WW2mL5Mxd43EsnK,MOONDOGE,inflow 1.11× below the 1.25× band (71% vs 45% win),1.557,open,1.105,1.207,BASE
2026-07-31 19:28:08.858828+00,EmoF8QScFkfwhD1MPhy8fFw8gNfbtLP7wBAoJF5pXK4m,飞云,RUG_RISK — class is not traded (RUG_RISK not formula-qualified: needs crowd-PASS + in-envelope),1.633,rug,1.183,1.388,RUG_RISK
2026-07-31 19:28:17.364502+00,4HuYTFRx4cfaaFKZ9xAjLfzfRdSRYE1VywagLxkicE1k,MOONDOGE,RUG_RISK — class is not traded (RUG_RISK not formula-qualified: needs crowd-PASS + in-envelope),1.259,rug,1.113,1.224,RUG_RISK
2026-07-31 19:30:46.998894+00,8SXJj3zAmetsYsC3D6uAJ9cVpwaaQuzqseoypUWB8SqA,hwg,MOON_STEADY — regime gate: 8h paper -10.9% on 13 — benched,1.476,open,1.207,1.446,MOON_STEADY
2026-07-31 19:30:48.121639+00,DWWn5JZwRV8CLxXYySJpDoHRrFcbf1eupm6wSnRVJVxU,MOONDOGE,"inflow 1.11× below the 1.2× floor — sub-envelope crowd-pass ran −$0.81/t at size (F3 floor, ratified; paper probes it)",1.746,open,1.330,1.746,MOON_FAST
2026-07-31 19:31:23.509428+00,66zEBT1CxdkNsmHgMoeCpWLwUVLsJae5L9hJM4wActr,飞云,"inflow 1.15× below the 1.2× floor — sub-envelope crowd-pass ran −$0.81/t at size (F3 floor, ratified; paper probes it)",1.798,open,1.146,1.293,BASE
